timestamp,index,uuid,power_draw_w,utilization_gpu_pct,memory_used_mib
2026/09/09 15:12:54.276, 0, GPU-35ec6990-2b13-fbe4-44c2-103ee00e46b3, 57.01, 0, 450
2026/09/09 15:12:54.382, 0, GPU-35ec6990-2b13-fbe4-44c2-103ee00e46b3, 57.01, 0, 450
2026/09/09 15:12:54.482, 0, GPU-35ec6990-2b13-fbe4-44c2-103ee00e46b3, 56.95, 0, 450
2026/09/09 15:12:54.582, 0, GPU-35ec6990-2b13-fbe4-44c2-103ee00e46b3, 56.67, 0, 450
2026/09/09 15:12:54.682, 0, GPU-35ec6990-2b13-fbe4-44c2-103ee00e46b3, 56.95, 0, 450
2026/09/09 15:12:54.782, 0, GPU-35ec6990-2b13-fbe4-44c2-103ee00e46b3, 57.01, 0, 450
2026/09/09 15:12:54.883, 0, GPU-35ec6990-2b13-fbe4-44c2-103ee00e46b3, 57.01, 0, 450
2026/09/09 15:12:54.983, 0, GPU-35ec6990-2b13-fbe4-44c2-103ee00e46b3, 57.01, 0, 450
2026/09/09 15:12:55.083, 0, GPU-35ec6990-2b13-fbe4-44c2-103ee00e46b3, 57.01, 0, 450
2026/09/09 15:12:55.183, 0, GPU-35ec6990-2b13-fbe4-44c2-103ee00e46b3, 57.01, 0, 450
2026/09/09 15:12:55.283, 0, GPU-35ec6990-2b13-fbe4-44c2-103ee00e46b3, 56.73, 0, 450
2026/09/09 15:12:55.384, 0, GPU-35ec6990-2b13-fbe4-44c2-103ee00e46b3, 56.73, 0, 450
2026/09/09 15:12:55.484, 0, GPU-35ec6990-2b13-fbe4-44c2-103ee00e46b3, 57.01, 0, 450
2026/09/09 15:12:55.584, 0, GPU-35ec6990-2b13-fbe4-44c2-103ee00e46b3, 57.01, 0, 450
2026/09/09 15:12:55.684, 0, GPU-35ec6990-2b13-fbe4-44c2-103ee00e46b3, 57.56, 0, 450
2026/09/09 15:12:55.785, 0, GPU-35ec6990-2b13-fbe4-44c2-103ee00e46b3, 57.56, 0, 450
2026/09/09 15:12:55.885, 0, GPU-35ec6990-2b13-fbe4-44c2-103ee00e46b3, 56.73, 0, 450
2026/09/09 15:12:55.985, 0, GPU-35ec6990-2b13-fbe4-44c2-103ee00e46b3, 56.95, 0, 450
2026/09/09 15:12:56.085, 0, GPU-35ec6990-2b13-fbe4-44c2-103ee00e46b3, 56.67, 0, 450
2026/09/09 15:12:56.185, 0, GPU-35ec6990-2b13-fbe4-44c2-103ee00e46b3, 57.01, 0, 450
2026/09/09 15:12:56.285, 0, GPU-35ec6990-2b13-fbe4-44c2-103ee00e46b3, 56.95, 0, 450
2026/09/09 15:12:56.386, 0, GPU-35ec6990-2b13-fbe4-44c2-103ee00e46b3, 57.01, 0, 450
2026/09/09 15:12:56.486, 0, GPU-35ec6990-2b13-fbe4-44c2-103ee00e46b3, 56.73, 0, 450
2026/09/09 15:12:56.586, 0, GPU-35ec6990-2b13-fbe4-44c2-103ee00e46b3, 56.95, 0, 450
2026/09/09 15:12:56.686, 0, GPU-35ec6990-2b13-fbe4-44c2-103ee00e46b3, 56.67, 0, 450
2026/09/09 15:12:56.786, 0, GPU-35ec6990-2b13-fbe4-44c2-103ee00e46b3, 56.95, 0, 450
2026/09/09 15:12:56.887, 0, GPU-35ec6990-2b13-fbe4-44c2-103ee00e46b3, 56.62, 0, 450
2026/09/09 15:12:56.987, 0, GPU-35ec6990-2b13-fbe4-44c2-103ee00e46b3, 56.89, 0, 450
2026/09/09 15:12:57.087, 0, GPU-35ec6990-2b13-fbe4-44c2-103ee00e46b3, 56.95, 0, 450
2026/09/09 15:12:57.187, 0, GPU-35ec6990-2b13-fbe4-44c2-103ee00e46b3, 56.95, 0, 450
2026/09/09 15:12:57.287, 0, GPU-35ec6990-2b13-fbe4-44c2-103ee00e46b3, 56.95, 0, 450
2026/09/09 15:12:57.388, 0, GPU-35ec6990-2b13-fbe4-44c2-103ee00e46b3, 56.89, 0, 450
2026/09/09 15:12:57.488, 0, GPU-35ec6990-2b13-fbe4-44c2-103ee00e46b3, 56.89, 0, 450
2026/09/09 15:12:57.588, 0, GPU-35ec6990-2b13-fbe4-44c2-103ee00e46b3, 56.95, 0, 450
2026/09/09 15:12:57.688, 0, GPU-35ec6990-2b13-fbe4-44c2-103ee00e46b3, 56.95, 0, 450
2026/09/09 15:12:57.788, 0, GPU-35ec6990-2b13-fbe4-44c2-103ee00e46b3, 56.95, 0, 450
2026/09/09 15:12:57.888, 0, GPU-35ec6990-2b13-fbe4-44c2-103ee00e46b3, 56.95, 0, 450
2026/09/09 15:12:57.989, 0, GPU-35ec6990-2b13-fbe4-44c2-103ee00e46b3, 56.95, 0, 450
2026/09/09 15:12:58.089, 0, GPU-35ec6990-2b13-fbe4-44c2-103ee00e46b3, 56.67, 0, 450
2026/09/09 15:12:58.189, 0, GPU-35ec6990-2b13-fbe4-44c2-103ee00e46b3, 56.67, 0, 450
2026/09/09 15:12:58.289, 0, GPU-35ec6990-2b13-fbe4-44c2-103ee00e46b3, 56.95, 0, 450
2026/09/09 15:12:58.389, 0, GPU-35ec6990-2b13-fbe4-44c2-103ee00e46b3, 56.67, 0, 450
2026/09/09 15:12:58.490, 0, GPU-35ec6990-2b13-fbe4-44c2-103ee00e46b3, 57.01, 0, 450
2026/09/09 15:12:58.590, 0, GPU-35ec6990-2b13-fbe4-44c2-103ee00e46b3, 57.01, 0, 450
2026/09/09 15:12:58.690, 0, GPU-35ec6990-2b13-fbe4-44c2-103ee00e46b3, 56.95, 0, 450
2026/09/09 15:12:58.790, 0, GPU-35ec6990-2b13-fbe4-44c2-103ee00e46b3, 57.01, 0, 450
2026/09/09 15:12:58.890, 0, GPU-35ec6990-2b13-fbe4-44c2-103ee00e46b3, 57.01, 0, 450
2026/09/09 15:12:58.991, 0, GPU-35ec6990-2b13-fbe4-44c2-103ee00e46b3, 57.01, 0, 450
2026/09/09 15:12:59.091, 0, GPU-35ec6990-2b13-fbe4-44c2-103ee00e46b3, 56.95, 0, 450
2026/09/09 15:12:59.191, 0, GPU-35ec6990-2b13-fbe4-44c2-103ee00e46b3, 57.01, 0, 450
2026/09/09 15:12:59.291, 0, GPU-35ec6990-2b13-fbe4-44c2-103ee00e46b3, 56.95, 0, 450
2026/09/09 15:12:59.391, 0, GPU-35ec6990-2b13-fbe4-44c2-103ee00e46b3, 56.95, 0, 450
2026/09/09 15:12:59.492, 0, GPU-35ec6990-2b13-fbe4-44c2-103ee00e46b3, 56.62, 0, 450
2026/09/09 15:12:59.592, 0, GPU-35ec6990-2b13-fbe4-44c2-103ee00e46b3, 56.89, 0, 450
2026/09/09 15:12:59.692, 0, GPU-35ec6990-2b13-fbe4-44c2-103ee00e46b3, 56.67, 0, 450
2026/09/09 15:12:59.792, 0, GPU-35ec6990-2b13-fbe4-44c2-103ee00e46b3, 56.95, 0, 450
2026/09/09 15:12:59.892, 0, GPU-35ec6990-2b13-fbe4-44c2-103ee00e46b3, 56.89, 0, 450
2026/09/09 15:12:59.992, 0, GPU-35ec6990-2b13-fbe4-44c2-103ee00e46b3, 57.22, 0, 450
2026/09/09 15:13:00.093, 0, GPU-35ec6990-2b13-fbe4-44c2-103ee00e46b3, 56.95, 0, 450
2026/09/09 15:13:00.193, 0, GPU-35ec6990-2b13-fbe4-44c2-103ee00e46b3, 56.89, 0, 450
2026/09/09 15:13:00.293, 0, GPU-35ec6990-2b13-fbe4-44c2-103ee00e46b3, 56.89, 0, 450
2026/09/09 15:13:00.393, 0, GPU-35ec6990-2b13-fbe4-44c2-103ee00e46b3, 56.89, 0, 450
2026/09/09 15:13:00.493, 0, GPU-35ec6990-2b13-fbe4-44c2-103ee00e46b3, 56.67, 0, 450
2026/09/09 15:13:00.594, 0, GPU-35ec6990-2b13-fbe4-44c2-103ee00e46b3, 56.67, 0, 450
2026/09/09 15:13:00.694, 0, GPU-35ec6990-2b13-fbe4-44c2-103ee00e46b3, 56.95, 0, 450
2026/09/09 15:13:00.794, 0, GPU-35ec6990-2b13-fbe4-44c2-103ee00e46b3, 56.95, 0, 450
2026/09/09 15:13:00.894, 0, GPU-35ec6990-2b13-fbe4-44c2-103ee00e46b3, 57.01, 0, 450
2026/09/09 15:13:00.994, 0, GPU-35ec6990-2b13-fbe4-44c2-103ee00e46b3, 56.73, 0, 450
2026/09/09 15:13:01.094, 0, GPU-35ec6990-2b13-fbe4-44c2-103ee00e46b3, 59.42, 0, 467
2026/09/09 15:13:01.195, 0, GPU-35ec6990-2b13-fbe4-44c2-103ee00e46b3, 58.88, 0, 1372
2026/09/09 15:13:01.295, 0, GPU-35ec6990-2b13-fbe4-44c2-103ee00e46b3, 56.95, 3, 1372
2026/09/09 15:13:01.396, 0, GPU-35ec6990-2b13-fbe4-44c2-103ee00e46b3, 56.95, 3, 1372
2026/09/09 15:13:01.496, 0, GPU-35ec6990-2b13-fbe4-44c2-103ee00e46b3, 57.01, 1, 1372
2026/09/09 15:13:01.596, 0, GPU-35ec6990-2b13-fbe4-44c2-103ee00e46b3, 56.73, 1, 1372
2026/09/09 15:13:01.696, 0, GPU-35ec6990-2b13-fbe4-44c2-103ee00e46b3, 56.73, 1, 1372
2026/09/09 15:13:01.796, 0, GPU-35ec6990-2b13-fbe4-44c2-103ee00e46b3, 56.73, 1, 1372
2026/09/09 15:13:01.897, 0, GPU-35ec6990-2b13-fbe4-44c2-103ee00e46b3, 56.95, 1, 1372
2026/09/09 15:13:01.997, 0, GPU-35ec6990-2b13-fbe4-44c2-103ee00e46b3, 56.95, 1, 1372
2026/09/09 15:13:02.097, 0, GPU-35ec6990-2b13-fbe4-44c2-103ee00e46b3, 56.95, 1, 1372
2026/09/09 15:13:02.197, 0, GPU-35ec6990-2b13-fbe4-44c2-103ee00e46b3, 56.95, 1, 1372
2026/09/09 15:13:02.297, 0, GPU-35ec6990-2b13-fbe4-44c2-103ee00e46b3, 56.67, 1, 1372
2026/09/09 15:13:02.398, 0, GPU-35ec6990-2b13-fbe4-44c2-103ee00e46b3, 56.67, 1, 1372
2026/09/09 15:13:02.498, 0, GPU-35ec6990-2b13-fbe4-44c2-103ee00e46b3, 56.95, 1, 1372
2026/09/09 15:13:02.598, 0, GPU-35ec6990-2b13-fbe4-44c2-103ee00e46b3, 57.01, 1, 1372
2026/09/09 15:13:02.698, 0, GPU-35ec6990-2b13-fbe4-44c2-103ee00e46b3, 56.95, 1, 1372
2026/09/09 15:13:02.798, 0, GPU-35ec6990-2b13-fbe4-44c2-103ee00e46b3, 57.01, 1, 1372
2026/09/09 15:13:02.898, 0, GPU-35ec6990-2b13-fbe4-44c2-103ee00e46b3, 57.01, 2, 1874
2026/09/09 15:13:02.999, 0, GPU-35ec6990-2b13-fbe4-44c2-103ee00e46b3, 58.22, 2, 1874
2026/09/09 15:13:03.099, 0, GPU-35ec6990-2b13-fbe4-44c2-103ee00e46b3, 57.01, 12, 1874
2026/09/09 15:13:03.199, 0, GPU-35ec6990-2b13-fbe4-44c2-103ee00e46b3, 56.67, 12, 1874
2026/09/09 15:13:03.299, 0, GPU-35ec6990-2b13-fbe4-44c2-103ee00e46b3, 56.62, 1, 1874
2026/09/09 15:13:03.399, 0, GPU-35ec6990-2b13-fbe4-44c2-103ee00e46b3, 56.67, 1, 1874
2026/09/09 15:13:03.500, 0, GPU-35ec6990-2b13-fbe4-44c2-103ee00e46b3, 56.67, 0, 1874
2026/09/09 15:13:03.600, 0, GPU-35ec6990-2b13-fbe4-44c2-103ee00e46b3, 56.67, 0, 1874
2026/09/09 15:13:03.700, 0, GPU-35ec6990-2b13-fbe4-44c2-103ee00e46b3, 56.67, 1, 1874
2026/09/09 15:13:03.800, 0, GPU-35ec6990-2b13-fbe4-44c2-103ee00e46b3, 56.67, 1, 1874
2026/09/09 15:13:03.900, 0, GPU-35ec6990-2b13-fbe4-44c2-103ee00e46b3, 56.67, 1, 1874
2026/09/09 15:13:04.001, 0, GPU-35ec6990-2b13-fbe4-44c2-103ee00e46b3, 56.62, 1, 1876
2026/09/09 15:13:04.101, 0, GPU-35ec6990-2b13-fbe4-44c2-103ee00e46b3, 56.67, 1, 1876
2026/09/09 15:13:04.201, 0, GPU-35ec6990-2b13-fbe4-44c2-103ee00e46b3, 56.67, 1, 1876
2026/09/09 15:13:04.301, 0, GPU-35ec6990-2b13-fbe4-44c2-103ee00e46b3, 56.67, 0, 1876
2026/09/09 15:13:04.401, 0, GPU-35ec6990-2b13-fbe4-44c2-103ee00e46b3, 56.62, 0, 1876
2026/09/09 15:13:04.502, 0, GPU-35ec6990-2b13-fbe4-44c2-103ee00e46b3, 56.62, 0, 1876
2026/09/09 15:13:04.602, 0, GPU-35ec6990-2b13-fbe4-44c2-103ee00e46b3, 56.67, 0, 1876
2026/09/09 15:13:04.702, 0, GPU-35ec6990-2b13-fbe4-44c2-103ee00e46b3, 56.62, 0, 1876
2026/09/09 15:13:04.802, 0, GPU-35ec6990-2b13-fbe4-44c2-103ee00e46b3, 56.62, 0, 1876
2026/09/09 15:13:04.902, 0, GPU-35ec6990-2b13-fbe4-44c2-103ee00e46b3, 56.62, 0, 1876
2026/09/09 15:13:05.003, 0, GPU-35ec6990-2b13-fbe4-44c2-103ee00e46b3, 56.35, 0, 1876
2026/09/09 15:13:05.103, 0, GPU-35ec6990-2b13-fbe4-44c2-103ee00e46b3, 56.35, 0, 1876
2026/09/09 15:13:05.203, 0, GPU-35ec6990-2b13-fbe4-44c2-103ee00e46b3, 56.67, 0, 1876
2026/09/09 15:13:05.303, 0, GPU-35ec6990-2b13-fbe4-44c2-103ee00e46b3, 56.67, 0, 1876
2026/09/09 15:13:05.403, 0, GPU-35ec6990-2b13-fbe4-44c2-103ee00e46b3, 56.67, 0, 1876
2026/09/09 15:13:05.504, 0, GPU-35ec6990-2b13-fbe4-44c2-103ee00e46b3, 56.67, 0, 1876
2026/09/09 15:13:05.604, 0, GPU-35ec6990-2b13-fbe4-44c2-103ee00e46b3, 56.67, 4, 1876
2026/09/09 15:13:05.704, 0, GPU-35ec6990-2b13-fbe4-44c2-103ee00e46b3, 56.79, 0, 1876
2026/09/09 15:13:05.804, 0, GPU-35ec6990-2b13-fbe4-44c2-103ee00e46b3, 56.79, 0, 1876
2026/09/09 15:13:05.904, 0, GPU-35ec6990-2b13-fbe4-44c2-103ee00e46b3, 56.79, 0, 1876
2026/09/09 15:13:06.005, 0, GPU-35ec6990-2b13-fbe4-44c2-103ee00e46b3, 56.85, 0, 1876
2026/09/09 15:13:06.105, 0, GPU-35ec6990-2b13-fbe4-44c2-103ee00e46b3, 56.85, 0, 1876
2026/09/09 15:13:06.205, 0, GPU-35ec6990-2b13-fbe4-44c2-103ee00e46b3, 56.46, 0, 1876
2026/09/09 15:13:06.305, 0, GPU-35ec6990-2b13-fbe4-44c2-103ee00e46b3, 56.46, 0, 1876
2026/09/09 15:13:06.405, 0, GPU-35ec6990-2b13-fbe4-44c2-103ee00e46b3, 56.79, 0, 1876
2026/09/09 15:13:06.505, 0, GPU-35ec6990-2b13-fbe4-44c2-103ee00e46b3, 56.46, 0, 1876
2026/09/09 15:13:06.606, 0, GPU-35ec6990-2b13-fbe4-44c2-103ee00e46b3, 56.85, 0, 1876
2026/09/09 15:13:06.706, 0, GPU-35ec6990-2b13-fbe4-44c2-103ee00e46b3, 56.52, 0, 2036
2026/09/09 15:13:06.806, 0, GPU-35ec6990-2b13-fbe4-44c2-103ee00e46b3, 56.79, 0, 2036
2026/09/09 15:13:06.906, 0, GPU-35ec6990-2b13-fbe4-44c2-103ee00e46b3, 56.52, 4, 2036
2026/09/09 15:13:07.006, 0, GPU-35ec6990-2b13-fbe4-44c2-103ee00e46b3, 56.46, 4, 2036
2026/09/09 15:13:07.107, 0, GPU-35ec6990-2b13-fbe4-44c2-103ee00e46b3, 56.85, 0, 2036
2026/09/09 15:13:07.207, 0, GPU-35ec6990-2b13-fbe4-44c2-103ee00e46b3, 56.46, 0, 2036
2026/09/09 15:13:07.307, 0, GPU-35ec6990-2b13-fbe4-44c2-103ee00e46b3, 56.79, 0, 2196
2026/09/09 15:13:07.407, 0, GPU-35ec6990-2b13-fbe4-44c2-103ee00e46b3, 56.85, 0, 2196
2026/09/09 15:13:07.507, 0, GPU-35ec6990-2b13-fbe4-44c2-103ee00e46b3, 56.79, 4, 2196
2026/09/09 15:13:07.608, 0, GPU-35ec6990-2b13-fbe4-44c2-103ee00e46b3, 56.46, 4, 2196
2026/09/09 15:13:07.708, 0, GPU-35ec6990-2b13-fbe4-44c2-103ee00e46b3, 56.79, 1, 2196
2026/09/09 15:13:07.808, 0, GPU-35ec6990-2b13-fbe4-44c2-103ee00e46b3, 56.85, 1, 2260
2026/09/09 15:13:07.908, 0, GPU-35ec6990-2b13-fbe4-44c2-103ee00e46b3, 56.52, 1, 2260
2026/09/09 15:13:08.008, 0, GPU-35ec6990-2b13-fbe4-44c2-103ee00e46b3, 56.52, 1, 2260
2026/09/09 15:13:08.109, 0, GPU-35ec6990-2b13-fbe4-44c2-103ee00e46b3, 56.85, 0, 2324
2026/09/09 15:13:08.209, 0, GPU-35ec6990-2b13-fbe4-44c2-103ee00e46b3, 56.85, 0, 2324
2026/09/09 15:13:08.309, 0, GPU-35ec6990-2b13-fbe4-44c2-103ee00e46b3, 56.85, 1, 2324
2026/09/09 15:13:08.409, 0, GPU-35ec6990-2b13-fbe4-44c2-103ee00e46b3, 56.52, 1, 2388
2026/09/09 15:13:08.509, 0, GPU-35ec6990-2b13-fbe4-44c2-103ee00e46b3, 56.79, 1, 2388
2026/09/09 15:13:08.610, 0, GPU-35ec6990-2b13-fbe4-44c2-103ee00e46b3, 56.79, 1, 2388
2026/09/09 15:13:08.710, 0, GPU-35ec6990-2b13-fbe4-44c2-103ee00e46b3, 56.79, 0, 2388
2026/09/09 15:13:08.810, 0, GPU-35ec6990-2b13-fbe4-44c2-103ee00e46b3, 56.79, 0, 2388
2026/09/09 15:13:08.910, 0, GPU-35ec6990-2b13-fbe4-44c2-103ee00e46b3, 56.52, 0, 2388
2026/09/09 15:13:09.010, 0, GPU-35ec6990-2b13-fbe4-44c2-103ee00e46b3, 56.79, 0, 2388
2026/09/09 15:13:09.110, 0, GPU-35ec6990-2b13-fbe4-44c2-103ee00e46b3, 56.79, 0, 2388
2026/09/09 15:13:09.211, 0, GPU-35ec6990-2b13-fbe4-44c2-103ee00e46b3, 56.79, 0, 2388
2026/09/09 15:13:09.311, 0, GPU-35ec6990-2b13-fbe4-44c2-103ee00e46b3, 56.85, 0, 2388
2026/09/09 15:13:09.411, 0, GPU-35ec6990-2b13-fbe4-44c2-103ee00e46b3, 56.85, 0, 2388
2026/09/09 15:13:09.511, 0, GPU-35ec6990-2b13-fbe4-44c2-103ee00e46b3, 56.79, 0, 2388
2026/09/09 15:13:09.611, 0, GPU-35ec6990-2b13-fbe4-44c2-103ee00e46b3, 56.85, 0, 2548
2026/09/09 15:13:09.712, 0, GPU-35ec6990-2b13-fbe4-44c2-103ee00e46b3, 57.46, 0, 2548
2026/09/09 15:13:09.812, 0, GPU-35ec6990-2b13-fbe4-44c2-103ee00e46b3, 57.46, 4, 2548
2026/09/09 15:13:09.912, 0, GPU-35ec6990-2b13-fbe4-44c2-103ee00e46b3, 56.85, 4, 2548
2026/09/09 15:13:10.012, 0, GPU-35ec6990-2b13-fbe4-44c2-103ee00e46b3, 56.85, 0, 2548
2026/09/09 15:13:10.112, 0, GPU-35ec6990-2b13-fbe4-44c2-103ee00e46b3, 56.85, 0, 2548
2026/09/09 15:13:10.212, 0, GPU-35ec6990-2b13-fbe4-44c2-103ee00e46b3, 56.46, 0, 2548
2026/09/09 15:13:10.313, 0, GPU-35ec6990-2b13-fbe4-44c2-103ee00e46b3, 56.46, 0, 2548
2026/09/09 15:13:10.413, 0, GPU-35ec6990-2b13-fbe4-44c2-103ee00e46b3, 56.79, 0, 2548
2026/09/09 15:13:10.513, 0, GPU-35ec6990-2b13-fbe4-44c2-103ee00e46b3, 56.79, 0, 2548
2026/09/09 15:13:10.613, 0, GPU-35ec6990-2b13-fbe4-44c2-103ee00e46b3, 56.79, 0, 2548
2026/09/09 15:13:10.713, 0, GPU-35ec6990-2b13-fbe4-44c2-103ee00e46b3, 56.46, 0, 2548
2026/09/09 15:13:10.814, 0, GPU-35ec6990-2b13-fbe4-44c2-103ee00e46b3, 56.52, 0, 2548
2026/09/09 15:13:10.914, 0, GPU-35ec6990-2b13-fbe4-44c2-103ee00e46b3, 56.52, 0, 2548
2026/09/09 15:13:11.014, 0, GPU-35ec6990-2b13-fbe4-44c2-103ee00e46b3, 56.85, 0, 2708
2026/09/09 15:13:11.114, 0, GPU-35ec6990-2b13-fbe4-44c2-103ee00e46b3, 56.85, 4, 2708
2026/09/09 15:13:11.214, 0, GPU-35ec6990-2b13-fbe4-44c2-103ee00e46b3, 56.52, 4, 2708
2026/09/09 15:13:11.315, 0, GPU-35ec6990-2b13-fbe4-44c2-103ee00e46b3, 56.85, 0, 2708
2026/09/09 15:13:11.415, 0, GPU-35ec6990-2b13-fbe4-44c2-103ee00e46b3, 56.79, 0, 2708
2026/09/09 15:13:11.515, 0, GPU-35ec6990-2b13-fbe4-44c2-103ee00e46b3, 56.79, 0, 2708
2026/09/09 15:13:11.615, 0, GPU-35ec6990-2b13-fbe4-44c2-103ee00e46b3, 56.79, 0, 2708
2026/09/09 15:13:11.715, 0, GPU-35ec6990-2b13-fbe4-44c2-103ee00e46b3, 56.52, 1, 2868
2026/09/09 15:13:11.816, 0, GPU-35ec6990-2b13-fbe4-44c2-103ee00e46b3, 56.46, 1, 2868
2026/09/09 15:13:11.916, 0, GPU-35ec6990-2b13-fbe4-44c2-103ee00e46b3, 56.52, 3, 2932
2026/09/09 15:13:12.016, 0, GPU-35ec6990-2b13-fbe4-44c2-103ee00e46b3, 56.85, 3, 2932
2026/09/09 15:13:12.116, 0, GPU-35ec6990-2b13-fbe4-44c2-103ee00e46b3, 56.85, 1, 2932
2026/09/09 15:13:12.216, 0, GPU-35ec6990-2b13-fbe4-44c2-103ee00e46b3, 56.79, 1, 2996
2026/09/09 15:13:12.316, 0, GPU-35ec6990-2b13-fbe4-44c2-103ee00e46b3, 56.85, 1, 2996
2026/09/09 15:13:12.417, 0, GPU-35ec6990-2b13-fbe4-44c2-103ee00e46b3, 56.46, 1, 3060
2026/09/09 15:13:12.517, 0, GPU-35ec6990-2b13-fbe4-44c2-103ee00e46b3, 56.79, 1, 3060
2026/09/09 15:13:12.617, 0, GPU-35ec6990-2b13-fbe4-44c2-103ee00e46b3, 56.79, 1, 3060
2026/09/09 15:13:12.717, 0, GPU-35ec6990-2b13-fbe4-44c2-103ee00e46b3, 56.79, 0, 3124
2026/09/09 15:13:12.817, 0, GPU-35ec6990-2b13-fbe4-44c2-103ee00e46b3, 56.85, 0, 3124
2026/09/09 15:13:12.918, 0, GPU-35ec6990-2b13-fbe4-44c2-103ee00e46b3, 56.79, 1, 3124
2026/09/09 15:13:13.018, 0, GPU-35ec6990-2b13-fbe4-44c2-103ee00e46b3, 56.79, 1, 3124
2026/09/09 15:13:13.118, 0, GPU-35ec6990-2b13-fbe4-44c2-103ee00e46b3, 56.85, 0, 3124
2026/09/09 15:13:13.218, 0, GPU-35ec6990-2b13-fbe4-44c2-103ee00e46b3, 56.79, 0, 3124
2026/09/09 15:13:13.318, 0, GPU-35ec6990-2b13-fbe4-44c2-103ee00e46b3, 56.79, 0, 3124
2026/09/09 15:13:13.419, 0, GPU-35ec6990-2b13-fbe4-44c2-103ee00e46b3, 56.85, 0, 3124
2026/09/09 15:13:13.519, 0, GPU-35ec6990-2b13-fbe4-44c2-103ee00e46b3, 56.85, 0, 3124
2026/09/09 15:13:13.619, 0, GPU-35ec6990-2b13-fbe4-44c2-103ee00e46b3, 56.85, 0, 3124
2026/09/09 15:13:13.719, 0, GPU-35ec6990-2b13-fbe4-44c2-103ee00e46b3, 56.79, 0, 3124
2026/09/09 15:13:13.819, 0, GPU-35ec6990-2b13-fbe4-44c2-103ee00e46b3, 56.79, 0, 3124
2026/09/09 15:13:13.920, 0, GPU-35ec6990-2b13-fbe4-44c2-103ee00e46b3, 56.85, 0, 3124
2026/09/09 15:13:14.020, 0, GPU-35ec6990-2b13-fbe4-44c2-103ee00e46b3, 56.85, 0, 3124
2026/09/09 15:13:14.120, 0, GPU-35ec6990-2b13-fbe4-44c2-103ee00e46b3, 56.79, 0, 3124
2026/09/09 15:13:14.220, 0, GPU-35ec6990-2b13-fbe4-44c2-103ee00e46b3, 56.79, 0, 3284
2026/09/09 15:13:14.320, 0, GPU-35ec6990-2b13-fbe4-44c2-103ee00e46b3, 56.85, 0, 3284
2026/09/09 15:13:14.421, 0, GPU-35ec6990-2b13-fbe4-44c2-103ee00e46b3, 56.85, 4, 3284
2026/09/09 15:13:14.521, 0, GPU-35ec6990-2b13-fbe4-44c2-103ee00e46b3, 56.79, 4, 3284
2026/09/09 15:13:14.621, 0, GPU-35ec6990-2b13-fbe4-44c2-103ee00e46b3, 56.79, 0, 3284
2026/09/09 15:13:14.721, 0, GPU-35ec6990-2b13-fbe4-44c2-103ee00e46b3, 56.79, 0, 3284
2026/09/09 15:13:14.821, 0, GPU-35ec6990-2b13-fbe4-44c2-103ee00e46b3, 56.79, 0, 3284
2026/09/09 15:13:14.921, 0, GPU-35ec6990-2b13-fbe4-44c2-103ee00e46b3, 56.79, 0, 3284
2026/09/09 15:13:15.022, 0, GPU-35ec6990-2b13-fbe4-44c2-103ee00e46b3, 56.79, 0, 3284
2026/09/09 15:13:15.122, 0, GPU-35ec6990-2b13-fbe4-44c2-103ee00e46b3, 56.79, 0, 3284
2026/09/09 15:13:15.222, 0, GPU-35ec6990-2b13-fbe4-44c2-103ee00e46b3, 56.79, 0, 3284
2026/09/09 15:13:15.322, 0, GPU-35ec6990-2b13-fbe4-44c2-103ee00e46b3, 56.79, 0, 3284
2026/09/09 15:13:15.422, 0, GPU-35ec6990-2b13-fbe4-44c2-103ee00e46b3, 56.79, 0, 3284
2026/09/09 15:13:15.523, 0, GPU-35ec6990-2b13-fbe4-44c2-103ee00e46b3, 56.79, 2, 3444
2026/09/09 15:13:15.623, 0, GPU-35ec6990-2b13-fbe4-44c2-103ee00e46b3, 56.79, 2, 3444
2026/09/09 15:13:15.723, 0, GPU-35ec6990-2b13-fbe4-44c2-103ee00e46b3, 56.46, 1, 3444
2026/09/09 15:13:15.823, 0, GPU-35ec6990-2b13-fbe4-44c2-103ee00e46b3, 56.52, 1, 3444
2026/09/09 15:13:15.923, 0, GPU-35ec6990-2b13-fbe4-44c2-103ee00e46b3, 56.52, 0, 3444
2026/09/09 15:13:16.023, 0, GPU-35ec6990-2b13-fbe4-44c2-103ee00e46b3, 56.79, 0, 3444
2026/09/09 15:13:16.124, 0, GPU-35ec6990-2b13-fbe4-44c2-103ee00e46b3, 56.79, 0, 3444
2026/09/09 15:13:16.224, 0, GPU-35ec6990-2b13-fbe4-44c2-103ee00e46b3, 57.46, 0, 3604
2026/09/09 15:13:16.324, 0, GPU-35ec6990-2b13-fbe4-44c2-103ee00e46b3, 56.46, 4, 3604
2026/09/09 15:13:16.424, 0, GPU-35ec6990-2b13-fbe4-44c2-103ee00e46b3, 56.85, 4, 3668
2026/09/09 15:13:16.524, 0, GPU-35ec6990-2b13-fbe4-44c2-103ee00e46b3, 56.79, 1, 3668
2026/09/09 15:13:16.625, 0, GPU-35ec6990-2b13-fbe4-44c2-103ee00e46b3, 56.52, 1, 3668
2026/09/09 15:13:16.725, 0, GPU-35ec6990-2b13-fbe4-44c2-103ee00e46b3, 56.79, 1, 3732
2026/09/09 15:13:16.825, 0, GPU-35ec6990-2b13-fbe4-44c2-103ee00e46b3, 56.46, 1, 3732
2026/09/09 15:13:16.925, 0, GPU-35ec6990-2b13-fbe4-44c2-103ee00e46b3, 56.85, 0, 3796
2026/09/09 15:13:17.025, 0, GPU-35ec6990-2b13-fbe4-44c2-103ee00e46b3, 56.79, 0, 3796
2026/09/09 15:13:17.126, 0, GPU-35ec6990-2b13-fbe4-44c2-103ee00e46b3, 56.85, 1, 3796
2026/09/09 15:13:17.226, 0, GPU-35ec6990-2b13-fbe4-44c2-103ee00e46b3, 56.79, 1, 3860
2026/09/09 15:13:17.326, 0, GPU-35ec6990-2b13-fbe4-44c2-103ee00e46b3, 56.85, 1, 3860
2026/09/09 15:13:17.426, 0, GPU-35ec6990-2b13-fbe4-44c2-103ee00e46b3, 56.52, 1, 3860
2026/09/09 15:13:17.526, 0, GPU-35ec6990-2b13-fbe4-44c2-103ee00e46b3, 56.52, 1, 3860
2026/09/09 15:13:17.626, 0, GPU-35ec6990-2b13-fbe4-44c2-103ee00e46b3, 56.79, 0, 3860
2026/09/09 15:13:17.727, 0, GPU-35ec6990-2b13-fbe4-44c2-103ee00e46b3, 56.85, 0, 3860
2026/09/09 15:13:17.827, 0, GPU-35ec6990-2b13-fbe4-44c2-103ee00e46b3, 56.79, 0, 3860
2026/09/09 15:13:17.927, 0, GPU-35ec6990-2b13-fbe4-44c2-103ee00e46b3, 56.52, 0, 3860
2026/09/09 15:13:18.027, 0, GPU-35ec6990-2b13-fbe4-44c2-103ee00e46b3, 56.52, 0, 3860
2026/09/09 15:13:18.129, 0, GPU-35ec6990-2b13-fbe4-44c2-103ee00e46b3, 56.79, 0, 3860
2026/09/09 15:13:18.230, 0, GPU-35ec6990-2b13-fbe4-44c2-103ee00e46b3, 56.79, 0, 3860
2026/09/09 15:13:18.330, 0, GPU-35ec6990-2b13-fbe4-44c2-103ee00e46b3, 56.79, 0, 3860
2026/09/09 15:13:18.430, 0, GPU-35ec6990-2b13-fbe4-44c2-103ee00e46b3, 56.79, 0, 3860
2026/09/09 15:13:18.530, 0, GPU-35ec6990-2b13-fbe4-44c2-103ee00e46b3, 56.79, 0, 3860
2026/09/09 15:13:18.630, 0, GPU-35ec6990-2b13-fbe4-44c2-103ee00e46b3, 56.79, 0, 4020
2026/09/09 15:13:18.730, 0, GPU-35ec6990-2b13-fbe4-44c2-103ee00e46b3, 56.85, 0, 4020
2026/09/09 15:13:18.831, 0, GPU-35ec6990-2b13-fbe4-44c2-103ee00e46b3, 56.85, 4, 4020
2026/09/09 15:13:18.931, 0, GPU-35ec6990-2b13-fbe4-44c2-103ee00e46b3, 56.85, 4, 4020
2026/09/09 15:13:19.031, 0, GPU-35ec6990-2b13-fbe4-44c2-103ee00e46b3, 56.85, 0, 4020
2026/09/09 15:13:19.131, 0, GPU-35ec6990-2b13-fbe4-44c2-103ee00e46b3, 56.85, 0, 4020
2026/09/09 15:13:19.231, 0, GPU-35ec6990-2b13-fbe4-44c2-103ee00e46b3, 56.79, 0, 4020
2026/09/09 15:13:19.332, 0, GPU-35ec6990-2b13-fbe4-44c2-103ee00e46b3, 56.79, 0, 4020
2026/09/09 15:13:19.432, 0, GPU-35ec6990-2b13-fbe4-44c2-103ee00e46b3, 56.85, 0, 4020
2026/09/09 15:13:19.532, 0, GPU-35ec6990-2b13-fbe4-44c2-103ee00e46b3, 56.85, 0, 4020
2026/09/09 15:13:19.632, 0, GPU-35ec6990-2b13-fbe4-44c2-103ee00e46b3, 56.79, 0, 4020
2026/09/09 15:13:19.732, 0, GPU-35ec6990-2b13-fbe4-44c2-103ee00e46b3, 56.79, 0, 4020
2026/09/09 15:13:19.832, 0, GPU-35ec6990-2b13-fbe4-44c2-103ee00e46b3, 56.79, 0, 4020
2026/09/09 15:13:19.933, 0, GPU-35ec6990-2b13-fbe4-44c2-103ee00e46b3, 56.79, 0, 4020
2026/09/09 15:13:20.033, 0, GPU-35ec6990-2b13-fbe4-44c2-103ee00e46b3, 56.79, 0, 4020
2026/09/09 15:13:20.133, 0, GPU-35ec6990-2b13-fbe4-44c2-103ee00e46b3, 56.52, 0, 4180
2026/09/09 15:13:20.233, 0, GPU-35ec6990-2b13-fbe4-44c2-103ee00e46b3, 56.85, 0, 4180
2026/09/09 15:13:20.333, 0, GPU-35ec6990-2b13-fbe4-44c2-103ee00e46b3, 56.85, 4, 4180
2026/09/09 15:13:20.434, 0, GPU-35ec6990-2b13-fbe4-44c2-103ee00e46b3, 56.85, 4, 4180
2026/09/09 15:13:20.534, 0, GPU-35ec6990-2b13-fbe4-44c2-103ee00e46b3, 56.85, 0, 4180
2026/09/09 15:13:20.634, 0, GPU-35ec6990-2b13-fbe4-44c2-103ee00e46b3, 56.79, 0, 4180
2026/09/09 15:13:20.734, 0, GPU-35ec6990-2b13-fbe4-44c2-103ee00e46b3, 56.79, 0, 4180
2026/09/09 15:13:20.834, 0, GPU-35ec6990-2b13-fbe4-44c2-103ee00e46b3, 56.85, 0, 4340
2026/09/09 15:13:20.935, 0, GPU-35ec6990-2b13-fbe4-44c2-103ee00e46b3, 56.85, 4, 4340
2026/09/09 15:13:21.035, 0, GPU-35ec6990-2b13-fbe4-44c2-103ee00e46b3, 56.79, 4, 4340
2026/09/09 15:13:21.135, 0, GPU-35ec6990-2b13-fbe4-44c2-103ee00e46b3, 56.79, 0, 4404
2026/09/09 15:13:21.235, 0, GPU-35ec6990-2b13-fbe4-44c2-103ee00e46b3, 56.46, 0, 4404
2026/09/09 15:13:21.335, 0, GPU-35ec6990-2b13-fbe4-44c2-103ee00e46b3, 56.79, 1, 4404
2026/09/09 15:13:21.436, 0, GPU-35ec6990-2b13-fbe4-44c2-103ee00e46b3, 57.06, 1, 4468
2026/09/09 15:13:21.536, 0, GPU-35ec6990-2b13-fbe4-44c2-103ee00e46b3, 56.85, 1, 4468
2026/09/09 15:13:21.636, 0, GPU-35ec6990-2b13-fbe4-44c2-103ee00e46b3, 56.85, 1, 4468
2026/09/09 15:13:21.736, 0, GPU-35ec6990-2b13-fbe4-44c2-103ee00e46b3, 56.79, 1, 4532
2026/09/09 15:13:21.836, 0, GPU-35ec6990-2b13-fbe4-44c2-103ee00e46b3, 56.73, 1, 4532
2026/09/09 15:13:21.937, 0, GPU-35ec6990-2b13-fbe4-44c2-103ee00e46b3, 56.67, 1, 4596
2026/09/09 15:13:22.037, 0, GPU-35ec6990-2b13-fbe4-44c2-103ee00e46b3, 56.67, 0, 4596
2026/09/09 15:13:22.137, 0, GPU-35ec6990-2b13-fbe4-44c2-103ee00e46b3, 56.62, 0, 4596
2026/09/09 15:13:22.237, 0, GPU-35ec6990-2b13-fbe4-44c2-103ee00e46b3, 56.62, 1, 4596
2026/09/09 15:13:22.337, 0, GPU-35ec6990-2b13-fbe4-44c2-103ee00e46b3, 56.62, 1, 4596
2026/09/09 15:13:22.437, 0, GPU-35ec6990-2b13-fbe4-44c2-103ee00e46b3, 56.62, 0, 4596
2026/09/09 15:13:22.538, 0, GPU-35ec6990-2b13-fbe4-44c2-103ee00e46b3, 56.73, 0, 4596
2026/09/09 15:13:22.638, 0, GPU-35ec6990-2b13-fbe4-44c2-103ee00e46b3, 56.73, 0, 4596
2026/09/09 15:13:22.738, 0, GPU-35ec6990-2b13-fbe4-44c2-103ee00e46b3, 56.67, 0, 4596
2026/09/09 15:13:22.838, 0, GPU-35ec6990-2b13-fbe4-44c2-103ee00e46b3, 56.67, 0, 4596
2026/09/09 15:13:22.938, 0, GPU-35ec6990-2b13-fbe4-44c2-103ee00e46b3, 56.67, 0, 4596
2026/09/09 15:13:23.039, 0, GPU-35ec6990-2b13-fbe4-44c2-103ee00e46b3, 56.95, 0, 4596
2026/09/09 15:13:23.141, 0, GPU-35ec6990-2b13-fbe4-44c2-103ee00e46b3, 56.73, 0, 4596
2026/09/09 15:13:23.241, 0, GPU-35ec6990-2b13-fbe4-44c2-103ee00e46b3, 56.73, 0, 4596
2026/09/09 15:13:23.341, 0, GPU-35ec6990-2b13-fbe4-44c2-103ee00e46b3, 56.73, 0, 4596
2026/09/09 15:13:23.441, 0, GPU-35ec6990-2b13-fbe4-44c2-103ee00e46b3, 56.67, 0, 4756
2026/09/09 15:13:23.541, 0, GPU-35ec6990-2b13-fbe4-44c2-103ee00e46b3, 56.67, 0, 4756
2026/09/09 15:13:23.642, 0, GPU-35ec6990-2b13-fbe4-44c2-103ee00e46b3, 56.73, 4, 4756
2026/09/09 15:13:23.742, 0, GPU-35ec6990-2b13-fbe4-44c2-103ee00e46b3, 56.95, 0, 4756
2026/09/09 15:13:23.842, 0, GPU-35ec6990-2b13-fbe4-44c2-103ee00e46b3, 56.62, 0, 4756
2026/09/09 15:13:23.942, 0, GPU-35ec6990-2b13-fbe4-44c2-103ee00e46b3, 56.95, 0, 4756
2026/09/09 15:13:24.042, 0, GPU-35ec6990-2b13-fbe4-44c2-103ee00e46b3, 56.67, 0, 4756
2026/09/09 15:13:24.142, 0, GPU-35ec6990-2b13-fbe4-44c2-103ee00e46b3, 56.67, 0, 4756
2026/09/09 15:13:24.243, 0, GPU-35ec6990-2b13-fbe4-44c2-103ee00e46b3, 56.73, 0, 4756
2026/09/09 15:13:24.343, 0, GPU-35ec6990-2b13-fbe4-44c2-103ee00e46b3, 56.73, 0, 4756
2026/09/09 15:13:24.443, 0, GPU-35ec6990-2b13-fbe4-44c2-103ee00e46b3, 56.73, 0, 4756
2026/09/09 15:13:24.543, 0, GPU-35ec6990-2b13-fbe4-44c2-103ee00e46b3, 56.73, 0, 4756
2026/09/09 15:13:24.643, 0, GPU-35ec6990-2b13-fbe4-44c2-103ee00e46b3, 56.73, 0, 4756
2026/09/09 15:13:24.744, 0, GPU-35ec6990-2b13-fbe4-44c2-103ee00e46b3, 56.73, 0, 4916
2026/09/09 15:13:24.844, 0, GPU-35ec6990-2b13-fbe4-44c2-103ee00e46b3, 56.79, 0, 4916
2026/09/09 15:13:24.944, 0, GPU-35ec6990-2b13-fbe4-44c2-103ee00e46b3, 56.73, 4, 4916
2026/09/09 15:13:25.044, 0, GPU-35ec6990-2b13-fbe4-44c2-103ee00e46b3, 56.73, 4, 4916
2026/09/09 15:13:25.144, 0, GPU-35ec6990-2b13-fbe4-44c2-103ee00e46b3, 56.73, 0, 4916
2026/09/09 15:13:25.244, 0, GPU-35ec6990-2b13-fbe4-44c2-103ee00e46b3, 56.62, 0, 4916
2026/09/09 15:13:25.345, 0, GPU-35ec6990-2b13-fbe4-44c2-103ee00e46b3, 56.62, 0, 4916
2026/09/09 15:13:25.445, 0, GPU-35ec6990-2b13-fbe4-44c2-103ee00e46b3, 56.62, 0, 5076
2026/09/09 15:13:25.545, 0, GPU-35ec6990-2b13-fbe4-44c2-103ee00e46b3, 56.67, 4, 5076
2026/09/09 15:13:25.645, 0, GPU-35ec6990-2b13-fbe4-44c2-103ee00e46b3, 56.67, 4, 5140
2026/09/09 15:13:25.745, 0, GPU-35ec6990-2b13-fbe4-44c2-103ee00e46b3, 56.67, 1, 5140
2026/09/09 15:13:25.846, 0, GPU-35ec6990-2b13-fbe4-44c2-103ee00e46b3, 56.67, 1, 5140
2026/09/09 15:13:25.946, 0, GPU-35ec6990-2b13-fbe4-44c2-103ee00e46b3, 56.95, 1, 5204
2026/09/09 15:13:26.046, 0, GPU-35ec6990-2b13-fbe4-44c2-103ee00e46b3, 56.62, 1, 5204
2026/09/09 15:13:26.146, 0, GPU-35ec6990-2b13-fbe4-44c2-103ee00e46b3, 56.67, 1, 5204
2026/09/09 15:13:26.247, 0, GPU-35ec6990-2b13-fbe4-44c2-103ee00e46b3, 56.67, 0, 5268
2026/09/09 15:13:26.347, 0, GPU-35ec6990-2b13-fbe4-44c2-103ee00e46b3, 56.62, 0, 5268
2026/09/09 15:13:26.447, 0, GPU-35ec6990-2b13-fbe4-44c2-103ee00e46b3, 56.62, 1, 5332
2026/09/09 15:13:26.547, 0, GPU-35ec6990-2b13-fbe4-44c2-103ee00e46b3, 56.62, 1, 5332
2026/09/09 15:13:26.647, 0, GPU-35ec6990-2b13-fbe4-44c2-103ee00e46b3, 56.62, 1, 5332
2026/09/09 15:13:26.748, 0, GPU-35ec6990-2b13-fbe4-44c2-103ee00e46b3, 56.67, 1, 5332
2026/09/09 15:13:26.848, 0, GPU-35ec6990-2b13-fbe4-44c2-103ee00e46b3, 56.67, 0, 5332
2026/09/09 15:13:26.948, 0, GPU-35ec6990-2b13-fbe4-44c2-103ee00e46b3, 56.67, 0, 5332
2026/09/09 15:13:27.048, 0, GPU-35ec6990-2b13-fbe4-44c2-103ee00e46b3, 56.62, 0, 5332
2026/09/09 15:13:27.148, 0, GPU-35ec6990-2b13-fbe4-44c2-103ee00e46b3, 56.62, 0, 5332
2026/09/09 15:13:27.249, 0, GPU-35ec6990-2b13-fbe4-44c2-103ee00e46b3, 56.62, 0, 5332
2026/09/09 15:13:27.349, 0, GPU-35ec6990-2b13-fbe4-44c2-103ee00e46b3, 56.62, 0, 5332
2026/09/09 15:13:27.449, 0, GPU-35ec6990-2b13-fbe4-44c2-103ee00e46b3, 56.62, 0, 5332
2026/09/09 15:13:27.549, 0, GPU-35ec6990-2b13-fbe4-44c2-103ee00e46b3, 56.56, 0, 5332
2026/09/09 15:13:27.649, 0, GPU-35ec6990-2b13-fbe4-44c2-103ee00e46b3, 56.62, 0, 5332
2026/09/09 15:13:27.749, 0, GPU-35ec6990-2b13-fbe4-44c2-103ee00e46b3, 56.62, 0, 5332
2026/09/09 15:13:27.850, 0, GPU-35ec6990-2b13-fbe4-44c2-103ee00e46b3, 56.62, 0, 5332
2026/09/09 15:13:27.950, 0, GPU-35ec6990-2b13-fbe4-44c2-103ee00e46b3, 56.56, 0, 5492
2026/09/09 15:13:28.050, 0, GPU-35ec6990-2b13-fbe4-44c2-103ee00e46b3, 56.62, 0, 5492
2026/09/09 15:13:28.150, 0, GPU-35ec6990-2b13-fbe4-44c2-103ee00e46b3, 56.62, 0, 5492
2026/09/09 15:13:28.250, 0, GPU-35ec6990-2b13-fbe4-44c2-103ee00e46b3, 56.62, 4, 5492
2026/09/09 15:13:28.351, 0, GPU-35ec6990-2b13-fbe4-44c2-103ee00e46b3, 56.62, 4, 5492
2026/09/09 15:13:28.451, 0, GPU-35ec6990-2b13-fbe4-44c2-103ee00e46b3, 56.89, 0, 5492
2026/09/09 15:13:28.551, 0, GPU-35ec6990-2b13-fbe4-44c2-103ee00e46b3, 56.62, 0, 5492
2026/09/09 15:13:28.651, 0, GPU-35ec6990-2b13-fbe4-44c2-103ee00e46b3, 56.89, 0, 5492
2026/09/09 15:13:28.751, 0, GPU-35ec6990-2b13-fbe4-44c2-103ee00e46b3, 56.67, 0, 5492
2026/09/09 15:13:28.851, 0, GPU-35ec6990-2b13-fbe4-44c2-103ee00e46b3, 56.89, 0, 5492
2026/09/09 15:13:28.952, 0, GPU-35ec6990-2b13-fbe4-44c2-103ee00e46b3, 56.62, 0, 5492
2026/09/09 15:13:29.052, 0, GPU-35ec6990-2b13-fbe4-44c2-103ee00e46b3, 56.62, 0, 5492
2026/09/09 15:13:29.152, 0, GPU-35ec6990-2b13-fbe4-44c2-103ee00e46b3, 56.62, 0, 5492
2026/09/09 15:13:29.252, 0, GPU-35ec6990-2b13-fbe4-44c2-103ee00e46b3, 56.62, 0, 5652
2026/09/09 15:13:29.352, 0, GPU-35ec6990-2b13-fbe4-44c2-103ee00e46b3, 56.62, 4, 5652
2026/09/09 15:13:29.453, 0, GPU-35ec6990-2b13-fbe4-44c2-103ee00e46b3, 56.62, 4, 5652
2026/09/09 15:13:29.553, 0, GPU-35ec6990-2b13-fbe4-44c2-103ee00e46b3, 56.62, 0, 5652
2026/09/09 15:13:29.653, 0, GPU-35ec6990-2b13-fbe4-44c2-103ee00e46b3, 56.62, 0, 5652
2026/09/09 15:13:29.753, 0, GPU-35ec6990-2b13-fbe4-44c2-103ee00e46b3, 56.62, 0, 5652
2026/09/09 15:13:29.853, 0, GPU-35ec6990-2b13-fbe4-44c2-103ee00e46b3, 56.62, 0, 5652
2026/09/09 15:13:29.954, 0, GPU-35ec6990-2b13-fbe4-44c2-103ee00e46b3, 56.56, 4, 5812
2026/09/09 15:13:30.054, 0, GPU-35ec6990-2b13-fbe4-44c2-103ee00e46b3, 56.62, 4, 5812
2026/09/09 15:13:30.154, 0, GPU-35ec6990-2b13-fbe4-44c2-103ee00e46b3, 56.62, 0, 5812
2026/09/09 15:13:30.254, 0, GPU-35ec6990-2b13-fbe4-44c2-103ee00e46b3, 56.62, 0, 5876
2026/09/09 15:13:30.354, 0, GPU-35ec6990-2b13-fbe4-44c2-103ee00e46b3, 56.62, 1, 5876
2026/09/09 15:13:30.455, 0, GPU-35ec6990-2b13-fbe4-44c2-103ee00e46b3, 56.62, 1, 5940
2026/09/09 15:13:30.555, 0, GPU-35ec6990-2b13-fbe4-44c2-103ee00e46b3, 56.62, 1, 5940
2026/09/09 15:13:30.655, 0, GPU-35ec6990-2b13-fbe4-44c2-103ee00e46b3, 56.67, 1, 5940
2026/09/09 15:13:30.755, 0, GPU-35ec6990-2b13-fbe4-44c2-103ee00e46b3, 56.67, 1, 6004
2026/09/09 15:13:30.855, 0, GPU-35ec6990-2b13-fbe4-44c2-103ee00e46b3, 56.62, 1, 6004
2026/09/09 15:13:30.956, 0, GPU-35ec6990-2b13-fbe4-44c2-103ee00e46b3, 56.62, 1, 6004
2026/09/09 15:13:31.056, 0, GPU-35ec6990-2b13-fbe4-44c2-103ee00e46b3, 56.62, 0, 6068
2026/09/09 15:13:31.156, 0, GPU-35ec6990-2b13-fbe4-44c2-103ee00e46b3, 56.67, 0, 6068
2026/09/09 15:13:31.256, 0, GPU-35ec6990-2b13-fbe4-44c2-103ee00e46b3, 56.67, 1, 6068
2026/09/09 15:13:31.356, 0, GPU-35ec6990-2b13-fbe4-44c2-103ee00e46b3, 56.67, 1, 6068
2026/09/09 15:13:31.456, 0, GPU-35ec6990-2b13-fbe4-44c2-103ee00e46b3, 56.62, 0, 6068
2026/09/09 15:13:31.557, 0, GPU-35ec6990-2b13-fbe4-44c2-103ee00e46b3, 56.62, 0, 6068
2026/09/09 15:13:31.657, 0, GPU-35ec6990-2b13-fbe4-44c2-103ee00e46b3, 56.62, 0, 6068
2026/09/09 15:13:31.757, 0, GPU-35ec6990-2b13-fbe4-44c2-103ee00e46b3, 56.67, 0, 6068
2026/09/09 15:13:31.857, 0, GPU-35ec6990-2b13-fbe4-44c2-103ee00e46b3, 56.89, 0, 6068
2026/09/09 15:13:31.957, 0, GPU-35ec6990-2b13-fbe4-44c2-103ee00e46b3, 56.67, 0, 6068
2026/09/09 15:13:32.058, 0, GPU-35ec6990-2b13-fbe4-44c2-103ee00e46b3, 56.67, 0, 6068
2026/09/09 15:13:32.158, 0, GPU-35ec6990-2b13-fbe4-44c2-103ee00e46b3, 56.62, 0, 6068
2026/09/09 15:13:32.258, 0, GPU-35ec6990-2b13-fbe4-44c2-103ee00e46b3, 56.62, 0, 6068
2026/09/09 15:13:32.358, 0, GPU-35ec6990-2b13-fbe4-44c2-103ee00e46b3, 56.62, 0, 6228
2026/09/09 15:13:32.458, 0, GPU-35ec6990-2b13-fbe4-44c2-103ee00e46b3, 56.89, 4, 6228
2026/09/09 15:13:32.559, 0, GPU-35ec6990-2b13-fbe4-44c2-103ee00e46b3, 56.62, 4, 6228
2026/09/09 15:13:32.659, 0, GPU-35ec6990-2b13-fbe4-44c2-103ee00e46b3, 56.62, 0, 6228
2026/09/09 15:13:32.759, 0, GPU-35ec6990-2b13-fbe4-44c2-103ee00e46b3, 56.62, 0, 6228
2026/09/09 15:13:32.859, 0, GPU-35ec6990-2b13-fbe4-44c2-103ee00e46b3, 56.62, 0, 6228
2026/09/09 15:13:32.959, 0, GPU-35ec6990-2b13-fbe4-44c2-103ee00e46b3, 56.89, 0, 6228
2026/09/09 15:13:33.060, 0, GPU-35ec6990-2b13-fbe4-44c2-103ee00e46b3, 56.62, 0, 6228
2026/09/09 15:13:33.160, 0, GPU-35ec6990-2b13-fbe4-44c2-103ee00e46b3, 56.67, 0, 6228
2026/09/09 15:13:33.260, 0, GPU-35ec6990-2b13-fbe4-44c2-103ee00e46b3, 56.62, 0, 6228
2026/09/09 15:13:33.360, 0, GPU-35ec6990-2b13-fbe4-44c2-103ee00e46b3, 56.62, 0, 6228
2026/09/09 15:13:33.461, 0, GPU-35ec6990-2b13-fbe4-44c2-103ee00e46b3, 56.62, 0, 6388
2026/09/09 15:13:33.561, 0, GPU-35ec6990-2b13-fbe4-44c2-103ee00e46b3, 56.62, 0, 6388
2026/09/09 15:13:33.661, 0, GPU-35ec6990-2b13-fbe4-44c2-103ee00e46b3, 56.89, 4, 6388
2026/09/09 15:13:33.761, 0, GPU-35ec6990-2b13-fbe4-44c2-103ee00e46b3, 56.62, 4, 6388
2026/09/09 15:13:33.861, 0, GPU-35ec6990-2b13-fbe4-44c2-103ee00e46b3, 56.62, 0, 6388
2026/09/09 15:13:33.961, 0, GPU-35ec6990-2b13-fbe4-44c2-103ee00e46b3, 56.62, 0, 6388
2026/09/09 15:13:34.062, 0, GPU-35ec6990-2b13-fbe4-44c2-103ee00e46b3, 56.62, 0, 6388
2026/09/09 15:13:34.162, 0, GPU-35ec6990-2b13-fbe4-44c2-103ee00e46b3, 56.62, 0, 6548
2026/09/09 15:13:34.262, 0, GPU-35ec6990-2b13-fbe4-44c2-103ee00e46b3, 56.67, 2, 6548
2026/09/09 15:13:34.362, 0, GPU-35ec6990-2b13-fbe4-44c2-103ee00e46b3, 56.67, 2, 6548
2026/09/09 15:13:34.462, 0, GPU-35ec6990-2b13-fbe4-44c2-103ee00e46b3, 57.22, 1, 6612
2026/09/09 15:13:34.563, 0, GPU-35ec6990-2b13-fbe4-44c2-103ee00e46b3, 57.22, 1, 6612
2026/09/09 15:13:34.663, 0, GPU-35ec6990-2b13-fbe4-44c2-103ee00e46b3, 56.89, 1, 6612
2026/09/09 15:13:34.763, 0, GPU-35ec6990-2b13-fbe4-44c2-103ee00e46b3, 56.62, 1, 6676
2026/09/09 15:13:34.863, 0, GPU-35ec6990-2b13-fbe4-44c2-103ee00e46b3, 56.62, 1, 6676
2026/09/09 15:13:34.963, 0, GPU-35ec6990-2b13-fbe4-44c2-103ee00e46b3, 56.62, 1, 6740
2026/09/09 15:13:35.064, 0, GPU-35ec6990-2b13-fbe4-44c2-103ee00e46b3, 56.62, 1, 6740
2026/09/09 15:13:35.164, 0, GPU-35ec6990-2b13-fbe4-44c2-103ee00e46b3, 56.62, 1, 6740
2026/09/09 15:13:35.264, 0, GPU-35ec6990-2b13-fbe4-44c2-103ee00e46b3, 56.62, 0, 6804
2026/09/09 15:13:35.364, 0, GPU-35ec6990-2b13-fbe4-44c2-103ee00e46b3, 56.62, 0, 6804
2026/09/09 15:13:35.464, 0, GPU-35ec6990-2b13-fbe4-44c2-103ee00e46b3, 56.67, 1, 6804
2026/09/09 15:13:35.565, 0, GPU-35ec6990-2b13-fbe4-44c2-103ee00e46b3, 56.62, 1, 6804
2026/09/09 15:13:35.665, 0, GPU-35ec6990-2b13-fbe4-44c2-103ee00e46b3, 56.62, 0, 6804
2026/09/09 15:13:35.765, 0, GPU-35ec6990-2b13-fbe4-44c2-103ee00e46b3, 56.67, 0, 6804
2026/09/09 15:13:35.865, 0, GPU-35ec6990-2b13-fbe4-44c2-103ee00e46b3, 56.67, 0, 6804
2026/09/09 15:13:35.965, 0, GPU-35ec6990-2b13-fbe4-44c2-103ee00e46b3, 56.67, 0, 6804
2026/09/09 15:13:36.065, 0, GPU-35ec6990-2b13-fbe4-44c2-103ee00e46b3, 56.67, 0, 6804
2026/09/09 15:13:36.166, 0, GPU-35ec6990-2b13-fbe4-44c2-103ee00e46b3, 56.67, 0, 6804
2026/09/09 15:13:36.266, 0, GPU-35ec6990-2b13-fbe4-44c2-103ee00e46b3, 56.62, 0, 6804
2026/09/09 15:13:36.366, 0, GPU-35ec6990-2b13-fbe4-44c2-103ee00e46b3, 56.67, 0, 6804
2026/09/09 15:13:36.466, 0, GPU-35ec6990-2b13-fbe4-44c2-103ee00e46b3, 56.62, 0, 6964
2026/09/09 15:13:36.566, 0, GPU-35ec6990-2b13-fbe4-44c2-103ee00e46b3, 56.62, 0, 6964
2026/09/09 15:13:36.667, 0, GPU-35ec6990-2b13-fbe4-44c2-103ee00e46b3, 56.62, 4, 6964
2026/09/09 15:13:36.767, 0, GPU-35ec6990-2b13-fbe4-44c2-103ee00e46b3, 56.62, 4, 6964
2026/09/09 15:13:36.867, 0, GPU-35ec6990-2b13-fbe4-44c2-103ee00e46b3, 56.62, 0, 6964
2026/09/09 15:13:36.967, 0, GPU-35ec6990-2b13-fbe4-44c2-103ee00e46b3, 56.67, 0, 6964
2026/09/09 15:13:37.067, 0, GPU-35ec6990-2b13-fbe4-44c2-103ee00e46b3, 56.62, 0, 6964
2026/09/09 15:13:37.168, 0, GPU-35ec6990-2b13-fbe4-44c2-103ee00e46b3, 56.62, 0, 6964
2026/09/09 15:13:37.268, 0, GPU-35ec6990-2b13-fbe4-44c2-103ee00e46b3, 56.56, 0, 6964
2026/09/09 15:13:37.368, 0, GPU-35ec6990-2b13-fbe4-44c2-103ee00e46b3, 56.89, 0, 6964
2026/09/09 15:13:37.468, 0, GPU-35ec6990-2b13-fbe4-44c2-103ee00e46b3, 56.62, 0, 6964
2026/09/09 15:13:37.568, 0, GPU-35ec6990-2b13-fbe4-44c2-103ee00e46b3, 56.62, 0, 6964
2026/09/09 15:13:37.669, 0, GPU-35ec6990-2b13-fbe4-44c2-103ee00e46b3, 56.62, 0, 6964
2026/09/09 15:13:37.769, 0, GPU-35ec6990-2b13-fbe4-44c2-103ee00e46b3, 56.62, 0, 7124
2026/09/09 15:13:37.869, 0, GPU-35ec6990-2b13-fbe4-44c2-103ee00e46b3, 56.62, 2, 7124
2026/09/09 15:13:37.969, 0, GPU-35ec6990-2b13-fbe4-44c2-103ee00e46b3, 56.67, 2, 7124
2026/09/09 15:13:38.069, 0, GPU-35ec6990-2b13-fbe4-44c2-103ee00e46b3, 56.62, 1, 7124
2026/09/09 15:13:38.169, 0, GPU-35ec6990-2b13-fbe4-44c2-103ee00e46b3, 56.62, 1, 7124
2026/09/09 15:13:38.270, 0, GPU-35ec6990-2b13-fbe4-44c2-103ee00e46b3, 56.56, 0, 7124
2026/09/09 15:13:38.370, 0, GPU-35ec6990-2b13-fbe4-44c2-103ee00e46b3, 56.89, 0, 7124
2026/09/09 15:13:38.470, 0, GPU-35ec6990-2b13-fbe4-44c2-103ee00e46b3, 56.62, 0, 7284
2026/09/09 15:13:38.570, 0, GPU-35ec6990-2b13-fbe4-44c2-103ee00e46b3, 56.89, 0, 7284
2026/09/09 15:13:38.670, 0, GPU-35ec6990-2b13-fbe4-44c2-103ee00e46b3, 56.62, 4, 7284
2026/09/09 15:13:38.771, 0, GPU-35ec6990-2b13-fbe4-44c2-103ee00e46b3, 56.62, 4, 7348
2026/09/09 15:13:38.871, 0, GPU-35ec6990-2b13-fbe4-44c2-103ee00e46b3, 56.62, 1, 7348
2026/09/09 15:13:38.971, 0, GPU-35ec6990-2b13-fbe4-44c2-103ee00e46b3, 56.62, 1, 7412
2026/09/09 15:13:39.071, 0, GPU-35ec6990-2b13-fbe4-44c2-103ee00e46b3, 56.62, 1, 7412
2026/09/09 15:13:39.171, 0, GPU-35ec6990-2b13-fbe4-44c2-103ee00e46b3, 56.62, 1, 7412
2026/09/09 15:13:39.272, 0, GPU-35ec6990-2b13-fbe4-44c2-103ee00e46b3, 56.62, 0, 7476
2026/09/09 15:13:39.372, 0, GPU-35ec6990-2b13-fbe4-44c2-103ee00e46b3, 56.62, 0, 7476
2026/09/09 15:13:39.472, 0, GPU-35ec6990-2b13-fbe4-44c2-103ee00e46b3, 56.62, 1, 7540
2026/09/09 15:13:39.572, 0, GPU-35ec6990-2b13-fbe4-44c2-103ee00e46b3, 56.62, 1, 7540
2026/09/09 15:13:39.672, 0, GPU-35ec6990-2b13-fbe4-44c2-103ee00e46b3, 56.62, 1, 7540
2026/09/09 15:13:39.773, 0, GPU-35ec6990-2b13-fbe4-44c2-103ee00e46b3, 56.67, 1, 7540
2026/09/09 15:13:39.873, 0, GPU-35ec6990-2b13-fbe4-44c2-103ee00e46b3, 56.62, 0, 7540
2026/09/09 15:13:39.973, 0, GPU-35ec6990-2b13-fbe4-44c2-103ee00e46b3, 56.67, 0, 7540
2026/09/09 15:13:40.073, 0, GPU-35ec6990-2b13-fbe4-44c2-103ee00e46b3, 56.67, 0, 7540
2026/09/09 15:13:40.173, 0, GPU-35ec6990-2b13-fbe4-44c2-103ee00e46b3, 56.67, 0, 7540
2026/09/09 15:13:40.273, 0, GPU-35ec6990-2b13-fbe4-44c2-103ee00e46b3, 56.62, 0, 7540
2026/09/09 15:13:40.374, 0, GPU-35ec6990-2b13-fbe4-44c2-103ee00e46b3, 56.67, 0, 7540
2026/09/09 15:13:40.474, 0, GPU-35ec6990-2b13-fbe4-44c2-103ee00e46b3, 56.67, 0, 7540
2026/09/09 15:13:40.574, 0, GPU-35ec6990-2b13-fbe4-44c2-103ee00e46b3, 56.62, 0, 7540
2026/09/09 15:13:40.674, 0, GPU-35ec6990-2b13-fbe4-44c2-103ee00e46b3, 56.62, 0, 7540
2026/09/09 15:13:40.774, 0, GPU-35ec6990-2b13-fbe4-44c2-103ee00e46b3, 56.62, 0, 7700
2026/09/09 15:13:40.875, 0, GPU-35ec6990-2b13-fbe4-44c2-103ee00e46b3, 56.62, 4, 7700
2026/09/09 15:13:40.975, 0, GPU-35ec6990-2b13-fbe4-44c2-103ee00e46b3, 56.62, 4, 7700
2026/09/09 15:13:41.075, 0, GPU-35ec6990-2b13-fbe4-44c2-103ee00e46b3, 56.62, 0, 7700
2026/09/09 15:13:41.175, 0, GPU-35ec6990-2b13-fbe4-44c2-103ee00e46b3, 56.62, 0, 7700
2026/09/09 15:13:41.275, 0, GPU-35ec6990-2b13-fbe4-44c2-103ee00e46b3, 56.83, 0, 7700
2026/09/09 15:13:41.375, 0, GPU-35ec6990-2b13-fbe4-44c2-103ee00e46b3, 56.62, 0, 7700
2026/09/09 15:13:41.476, 0, GPU-35ec6990-2b13-fbe4-44c2-103ee00e46b3, 56.67, 0, 7700
2026/09/09 15:13:41.576, 0, GPU-35ec6990-2b13-fbe4-44c2-103ee00e46b3, 56.67, 0, 7700
2026/09/09 15:13:41.676, 0, GPU-35ec6990-2b13-fbe4-44c2-103ee00e46b3, 56.62, 0, 7700
2026/09/09 15:13:41.776, 0, GPU-35ec6990-2b13-fbe4-44c2-103ee00e46b3, 56.56, 0, 7700
2026/09/09 15:13:41.877, 0, GPU-35ec6990-2b13-fbe4-44c2-103ee00e46b3, 56.56, 0, 7700
2026/09/09 15:13:41.977, 0, GPU-35ec6990-2b13-fbe4-44c2-103ee00e46b3, 56.89, 0, 7700
2026/09/09 15:13:42.077, 0, GPU-35ec6990-2b13-fbe4-44c2-103ee00e46b3, 56.62, 0, 7700
2026/09/09 15:13:42.177, 0, GPU-35ec6990-2b13-fbe4-44c2-103ee00e46b3, 56.89, 0, 7860
2026/09/09 15:13:42.277, 0, GPU-35ec6990-2b13-fbe4-44c2-103ee00e46b3, 56.62, 0, 7860
2026/09/09 15:13:42.377, 0, GPU-35ec6990-2b13-fbe4-44c2-103ee00e46b3, 56.62, 4, 7860
2026/09/09 15:13:42.478, 0, GPU-35ec6990-2b13-fbe4-44c2-103ee00e46b3, 56.95, 4, 7860
2026/09/09 15:13:42.578, 0, GPU-35ec6990-2b13-fbe4-44c2-103ee00e46b3, 56.67, 0, 7860
2026/09/09 15:13:42.678, 0, GPU-35ec6990-2b13-fbe4-44c2-103ee00e46b3, 56.62, 0, 7860
2026/09/09 15:13:42.778, 0, GPU-35ec6990-2b13-fbe4-44c2-103ee00e46b3, 56.62, 0, 7860
2026/09/09 15:13:42.878, 0, GPU-35ec6990-2b13-fbe4-44c2-103ee00e46b3, 56.89, 0, 8020
2026/09/09 15:13:42.979, 0, GPU-35ec6990-2b13-fbe4-44c2-103ee00e46b3, 56.89, 1, 8020
2026/09/09 15:13:43.079, 0, GPU-35ec6990-2b13-fbe4-44c2-103ee00e46b3, 56.89, 2, 8084
2026/09/09 15:13:43.179, 0, GPU-35ec6990-2b13-fbe4-44c2-103ee00e46b3, 57.22, 2, 8084
2026/09/09 15:13:43.279, 0, GPU-35ec6990-2b13-fbe4-44c2-103ee00e46b3, 57.22, 1, 8084
2026/09/09 15:13:43.380, 0, GPU-35ec6990-2b13-fbe4-44c2-103ee00e46b3, 56.67, 1, 8148
2026/09/09 15:13:43.480, 0, GPU-35ec6990-2b13-fbe4-44c2-103ee00e46b3, 56.67, 1, 8148
2026/09/09 15:13:43.580, 0, GPU-35ec6990-2b13-fbe4-44c2-103ee00e46b3, 56.62, 1, 8148
2026/09/09 15:13:43.680, 0, GPU-35ec6990-2b13-fbe4-44c2-103ee00e46b3, 56.62, 0, 8212
2026/09/09 15:13:43.780, 0, GPU-35ec6990-2b13-fbe4-44c2-103ee00e46b3, 56.62, 0, 8212
2026/09/09 15:13:43.880, 0, GPU-35ec6990-2b13-fbe4-44c2-103ee00e46b3, 56.62, 1, 8212
2026/09/09 15:13:43.981, 0, GPU-35ec6990-2b13-fbe4-44c2-103ee00e46b3, 56.83, 1, 8276
2026/09/09 15:13:44.081, 0, GPU-35ec6990-2b13-fbe4-44c2-103ee00e46b3, 56.62, 1, 8276
2026/09/09 15:13:44.181, 0, GPU-35ec6990-2b13-fbe4-44c2-103ee00e46b3, 56.62, 1, 8276
2026/09/09 15:13:44.281, 0, GPU-35ec6990-2b13-fbe4-44c2-103ee00e46b3, 56.62, 0, 8276
2026/09/09 15:13:44.381, 0, GPU-35ec6990-2b13-fbe4-44c2-103ee00e46b3, 56.62, 0, 8276
2026/09/09 15:13:44.482, 0, GPU-35ec6990-2b13-fbe4-44c2-103ee00e46b3, 56.95, 0, 8276
2026/09/09 15:13:44.582, 0, GPU-35ec6990-2b13-fbe4-44c2-103ee00e46b3, 56.67, 0, 8276
2026/09/09 15:13:44.682, 0, GPU-35ec6990-2b13-fbe4-44c2-103ee00e46b3, 56.67, 0, 8276
2026/09/09 15:13:44.782, 0, GPU-35ec6990-2b13-fbe4-44c2-103ee00e46b3, 56.67, 0, 8276
2026/09/09 15:13:44.882, 0, GPU-35ec6990-2b13-fbe4-44c2-103ee00e46b3, 56.67, 0, 8276
2026/09/09 15:13:44.983, 0, GPU-35ec6990-2b13-fbe4-44c2-103ee00e46b3, 56.95, 0, 8276
2026/09/09 15:13:45.083, 0, GPU-35ec6990-2b13-fbe4-44c2-103ee00e46b3, 56.67, 0, 8276
2026/09/09 15:13:45.183, 0, GPU-35ec6990-2b13-fbe4-44c2-103ee00e46b3, 56.95, 0, 8276
2026/09/09 15:13:45.283, 0, GPU-35ec6990-2b13-fbe4-44c2-103ee00e46b3, 56.67, 0, 8276
2026/09/09 15:13:45.383, 0, GPU-35ec6990-2b13-fbe4-44c2-103ee00e46b3, 56.67, 0, 8276
2026/09/09 15:13:45.483, 0, GPU-35ec6990-2b13-fbe4-44c2-103ee00e46b3, 56.67, 0, 8436
2026/09/09 15:13:45.584, 0, GPU-35ec6990-2b13-fbe4-44c2-103ee00e46b3, 56.95, 0, 8436
2026/09/09 15:13:45.685, 0, GPU-35ec6990-2b13-fbe4-44c2-103ee00e46b3, 56.67, 4, 8436
2026/09/09 15:13:45.785, 0, GPU-35ec6990-2b13-fbe4-44c2-103ee00e46b3, 56.67, 4, 8436
2026/09/09 15:13:45.885, 0, GPU-35ec6990-2b13-fbe4-44c2-103ee00e46b3, 56.62, 0, 8436
2026/09/09 15:13:45.985, 0, GPU-35ec6990-2b13-fbe4-44c2-103ee00e46b3, 56.67, 0, 8436
2026/09/09 15:13:46.085, 0, GPU-35ec6990-2b13-fbe4-44c2-103ee00e46b3, 56.67, 0, 8436
2026/09/09 15:13:46.186, 0, GPU-35ec6990-2b13-fbe4-44c2-103ee00e46b3, 56.79, 0, 8436
2026/09/09 15:13:46.286, 0, GPU-35ec6990-2b13-fbe4-44c2-103ee00e46b3, 56.73, 0, 8436
2026/09/09 15:13:46.386, 0, GPU-35ec6990-2b13-fbe4-44c2-103ee00e46b3, 56.67, 0, 8436
2026/09/09 15:13:46.486, 0, GPU-35ec6990-2b13-fbe4-44c2-103ee00e46b3, 56.95, 0, 8436
2026/09/09 15:13:46.586, 0, GPU-35ec6990-2b13-fbe4-44c2-103ee00e46b3, 56.73, 0, 8436
2026/09/09 15:13:46.687, 0, GPU-35ec6990-2b13-fbe4-44c2-103ee00e46b3, 56.67, 0, 8436
2026/09/09 15:13:46.787, 0, GPU-35ec6990-2b13-fbe4-44c2-103ee00e46b3, 56.67, 0, 8436
2026/09/09 15:13:46.887, 0, GPU-35ec6990-2b13-fbe4-44c2-103ee00e46b3, 56.95, 0, 8596
2026/09/09 15:13:46.987, 0, GPU-35ec6990-2b13-fbe4-44c2-103ee00e46b3, 57.28, 0, 8596
2026/09/09 15:13:47.087, 0, GPU-35ec6990-2b13-fbe4-44c2-103ee00e46b3, 56.67, 0, 8596
2026/09/09 15:13:47.188, 0, GPU-35ec6990-2b13-fbe4-44c2-103ee00e46b3, 56.67, 4, 8596
2026/09/09 15:13:47.288, 0, GPU-35ec6990-2b13-fbe4-44c2-103ee00e46b3, 56.73, 4, 8596
2026/09/09 15:13:47.388, 0, GPU-35ec6990-2b13-fbe4-44c2-103ee00e46b3, 56.73, 0, 8596
2026/09/09 15:13:47.488, 0, GPU-35ec6990-2b13-fbe4-44c2-103ee00e46b3, 57.01, 0, 8756
2026/09/09 15:13:47.588, 0, GPU-35ec6990-2b13-fbe4-44c2-103ee00e46b3, 57.01, 0, 8756
2026/09/09 15:13:47.688, 0, GPU-35ec6990-2b13-fbe4-44c2-103ee00e46b3, 56.95, 0, 8756
2026/09/09 15:13:47.789, 0, GPU-35ec6990-2b13-fbe4-44c2-103ee00e46b3, 56.95, 4, 8820
2026/09/09 15:13:47.889, 0, GPU-35ec6990-2b13-fbe4-44c2-103ee00e46b3, 56.67, 4, 8820
2026/09/09 15:13:47.989, 0, GPU-35ec6990-2b13-fbe4-44c2-103ee00e46b3, 57.01, 1, 8820
2026/09/09 15:13:48.089, 0, GPU-35ec6990-2b13-fbe4-44c2-103ee00e46b3, 56.95, 1, 8884
2026/09/09 15:13:48.189, 0, GPU-35ec6990-2b13-fbe4-44c2-103ee00e46b3, 56.95, 1, 8884
2026/09/09 15:13:48.290, 0, GPU-35ec6990-2b13-fbe4-44c2-103ee00e46b3, 57.01, 0, 8948
2026/09/09 15:13:48.390, 0, GPU-35ec6990-2b13-fbe4-44c2-103ee00e46b3, 56.67, 0, 8948
2026/09/09 15:13:48.490, 0, GPU-35ec6990-2b13-fbe4-44c2-103ee00e46b3, 56.67, 1, 9012
2026/09/09 15:13:48.590, 0, GPU-35ec6990-2b13-fbe4-44c2-103ee00e46b3, 56.67, 1, 9012
2026/09/09 15:13:48.690, 0, GPU-35ec6990-2b13-fbe4-44c2-103ee00e46b3, 56.67, 1, 9012
2026/09/09 15:13:48.790, 0, GPU-35ec6990-2b13-fbe4-44c2-103ee00e46b3, 56.73, 1, 9012
2026/09/09 15:13:48.891, 0, GPU-35ec6990-2b13-fbe4-44c2-103ee00e46b3, 56.73, 0, 9012
2026/09/09 15:13:48.991, 0, GPU-35ec6990-2b13-fbe4-44c2-103ee00e46b3, 57.01, 0, 9012
2026/09/09 15:13:49.091, 0, GPU-35ec6990-2b13-fbe4-44c2-103ee00e46b3, 56.67, 0, 9012
2026/09/09 15:13:49.192, 0, GPU-35ec6990-2b13-fbe4-44c2-103ee00e46b3, 56.67, 0, 9012
2026/09/09 15:13:49.292, 0, GPU-35ec6990-2b13-fbe4-44c2-103ee00e46b3, 56.67, 0, 9012
2026/09/09 15:13:49.392, 0, GPU-35ec6990-2b13-fbe4-44c2-103ee00e46b3, 56.67, 0, 9012
2026/09/09 15:13:49.492, 0, GPU-35ec6990-2b13-fbe4-44c2-103ee00e46b3, 56.67, 0, 9012
2026/09/09 15:13:49.592, 0, GPU-35ec6990-2b13-fbe4-44c2-103ee00e46b3, 56.67, 0, 9012
2026/09/09 15:13:49.693, 0, GPU-35ec6990-2b13-fbe4-44c2-103ee00e46b3, 56.67, 0, 9012
2026/09/09 15:13:49.793, 0, GPU-35ec6990-2b13-fbe4-44c2-103ee00e46b3, 56.67, 0, 9012
2026/09/09 15:13:49.893, 0, GPU-35ec6990-2b13-fbe4-44c2-103ee00e46b3, 56.67, 0, 9012
2026/09/09 15:13:49.993, 0, GPU-35ec6990-2b13-fbe4-44c2-103ee00e46b3, 56.95, 0, 9172
2026/09/09 15:13:50.093, 0, GPU-35ec6990-2b13-fbe4-44c2-103ee00e46b3, 56.67, 4, 9172
2026/09/09 15:13:50.193, 0, GPU-35ec6990-2b13-fbe4-44c2-103ee00e46b3, 56.73, 4, 9172
2026/09/09 15:13:50.294, 0, GPU-35ec6990-2b13-fbe4-44c2-103ee00e46b3, 56.67, 0, 9172
2026/09/09 15:13:50.394, 0, GPU-35ec6990-2b13-fbe4-44c2-103ee00e46b3, 56.67, 0, 9172
2026/09/09 15:13:50.494, 0, GPU-35ec6990-2b13-fbe4-44c2-103ee00e46b3, 56.67, 0, 9172
2026/09/09 15:13:50.594, 0, GPU-35ec6990-2b13-fbe4-44c2-103ee00e46b3, 56.67, 0, 9172
2026/09/09 15:13:50.694, 0, GPU-35ec6990-2b13-fbe4-44c2-103ee00e46b3, 56.67, 0, 9172
2026/09/09 15:13:50.795, 0, GPU-35ec6990-2b13-fbe4-44c2-103ee00e46b3, 56.67, 0, 9172
2026/09/09 15:13:50.895, 0, GPU-35ec6990-2b13-fbe4-44c2-103ee00e46b3, 56.95, 0, 9172
2026/09/09 15:13:50.995, 0, GPU-35ec6990-2b13-fbe4-44c2-103ee00e46b3, 56.67, 0, 9172
2026/09/09 15:13:51.095, 0, GPU-35ec6990-2b13-fbe4-44c2-103ee00e46b3, 56.73, 0, 9172
2026/09/09 15:13:51.195, 0, GPU-35ec6990-2b13-fbe4-44c2-103ee00e46b3, 56.95, 0, 9172
2026/09/09 15:13:51.295, 0, GPU-35ec6990-2b13-fbe4-44c2-103ee00e46b3, 56.67, 0, 9172
2026/09/09 15:13:51.396, 0, GPU-35ec6990-2b13-fbe4-44c2-103ee00e46b3, 57.22, 0, 9332
2026/09/09 15:13:51.496, 0, GPU-35ec6990-2b13-fbe4-44c2-103ee00e46b3, 57.22, 0, 9332
2026/09/09 15:13:51.596, 0, GPU-35ec6990-2b13-fbe4-44c2-103ee00e46b3, 56.67, 4, 9332
2026/09/09 15:13:51.696, 0, GPU-35ec6990-2b13-fbe4-44c2-103ee00e46b3, 56.67, 4, 9332
2026/09/09 15:13:51.796, 0, GPU-35ec6990-2b13-fbe4-44c2-103ee00e46b3, 56.62, 0, 9332
2026/09/09 15:13:51.897, 0, GPU-35ec6990-2b13-fbe4-44c2-103ee00e46b3, 56.89, 0, 9332
2026/09/09 15:13:51.997, 0, GPU-35ec6990-2b13-fbe4-44c2-103ee00e46b3, 56.89, 0, 9332
2026/09/09 15:13:52.097, 0, GPU-35ec6990-2b13-fbe4-44c2-103ee00e46b3, 56.89, 0, 9492
2026/09/09 15:13:52.197, 0, GPU-35ec6990-2b13-fbe4-44c2-103ee00e46b3, 57.22, 3, 9492
2026/09/09 15:13:52.297, 0, GPU-35ec6990-2b13-fbe4-44c2-103ee00e46b3, 56.67, 3, 9492
2026/09/09 15:13:52.398, 0, GPU-35ec6990-2b13-fbe4-44c2-103ee00e46b3, 56.62, 1, 9556
2026/09/09 15:13:52.498, 0, GPU-35ec6990-2b13-fbe4-44c2-103ee00e46b3, 56.95, 1, 9556
2026/09/09 15:13:52.598, 0, GPU-35ec6990-2b13-fbe4-44c2-103ee00e46b3, 56.95, 1, 9620
2026/09/09 15:13:52.698, 0, GPU-35ec6990-2b13-fbe4-44c2-103ee00e46b3, 56.73, 1, 9620
2026/09/09 15:13:52.798, 0, GPU-35ec6990-2b13-fbe4-44c2-103ee00e46b3, 56.73, 1, 9620
2026/09/09 15:13:52.898, 0, GPU-35ec6990-2b13-fbe4-44c2-103ee00e46b3, 56.73, 1, 9684
2026/09/09 15:13:52.999, 0, GPU-35ec6990-2b13-fbe4-44c2-103ee00e46b3, 57.01, 0, 9684
2026/09/09 15:13:53.099, 0, GPU-35ec6990-2b13-fbe4-44c2-103ee00e46b3, 57.01, 1, 9748
2026/09/09 15:13:53.199, 0, GPU-35ec6990-2b13-fbe4-44c2-103ee00e46b3, 56.67, 1, 9748
2026/09/09 15:13:53.299, 0, GPU-35ec6990-2b13-fbe4-44c2-103ee00e46b3, 56.67, 1, 9748
2026/09/09 15:13:53.399, 0, GPU-35ec6990-2b13-fbe4-44c2-103ee00e46b3, 56.67, 1, 9748
2026/09/09 15:13:53.500, 0, GPU-35ec6990-2b13-fbe4-44c2-103ee00e46b3, 56.67, 0, 9748
2026/09/09 15:13:53.600, 0, GPU-35ec6990-2b13-fbe4-44c2-103ee00e46b3, 56.67, 0, 9748
2026/09/09 15:13:53.700, 0, GPU-35ec6990-2b13-fbe4-44c2-103ee00e46b3, 56.67, 0, 9748
2026/09/09 15:13:53.800, 0, GPU-35ec6990-2b13-fbe4-44c2-103ee00e46b3, 56.67, 0, 9748
2026/09/09 15:13:53.900, 0, GPU-35ec6990-2b13-fbe4-44c2-103ee00e46b3, 56.67, 0, 9748
2026/09/09 15:13:54.000, 0, GPU-35ec6990-2b13-fbe4-44c2-103ee00e46b3, 57.01, 0, 9748
2026/09/09 15:13:54.101, 0, GPU-35ec6990-2b13-fbe4-44c2-103ee00e46b3, 56.73, 0, 9748
2026/09/09 15:13:54.201, 0, GPU-35ec6990-2b13-fbe4-44c2-103ee00e46b3, 56.73, 0, 9748
2026/09/09 15:13:54.301, 0, GPU-35ec6990-2b13-fbe4-44c2-103ee00e46b3, 56.79, 0, 9748
2026/09/09 15:13:54.401, 0, GPU-35ec6990-2b13-fbe4-44c2-103ee00e46b3, 56.73, 0, 9748
2026/09/09 15:13:54.501, 0, GPU-35ec6990-2b13-fbe4-44c2-103ee00e46b3, 56.73, 0, 9748
2026/09/09 15:13:54.602, 0, GPU-35ec6990-2b13-fbe4-44c2-103ee00e46b3, 57.28, 0, 9908
2026/09/09 15:13:54.702, 0, GPU-35ec6990-2b13-fbe4-44c2-103ee00e46b3, 56.73, 4, 9908
2026/09/09 15:13:54.802, 0, GPU-35ec6990-2b13-fbe4-44c2-103ee00e46b3, 56.73, 4, 9908
2026/09/09 15:13:54.902, 0, GPU-35ec6990-2b13-fbe4-44c2-103ee00e46b3, 56.67, 4, 9908
2026/09/09 15:13:55.002, 0, GPU-35ec6990-2b13-fbe4-44c2-103ee00e46b3, 56.95, 0, 9908
2026/09/09 15:13:55.103, 0, GPU-35ec6990-2b13-fbe4-44c2-103ee00e46b3, 56.67, 0, 9908
2026/09/09 15:13:55.203, 0, GPU-35ec6990-2b13-fbe4-44c2-103ee00e46b3, 56.95, 0, 9908
2026/09/09 15:13:55.303, 0, GPU-35ec6990-2b13-fbe4-44c2-103ee00e46b3, 56.67, 0, 9908
2026/09/09 15:13:55.403, 0, GPU-35ec6990-2b13-fbe4-44c2-103ee00e46b3, 56.67, 0, 9908
2026/09/09 15:13:55.503, 0, GPU-35ec6990-2b13-fbe4-44c2-103ee00e46b3, 56.67, 0, 9908
2026/09/09 15:13:55.603, 0, GPU-35ec6990-2b13-fbe4-44c2-103ee00e46b3, 56.67, 0, 9908
2026/09/09 15:13:55.704, 0, GPU-35ec6990-2b13-fbe4-44c2-103ee00e46b3, 56.95, 0, 9908
2026/09/09 15:13:55.804, 0, GPU-35ec6990-2b13-fbe4-44c2-103ee00e46b3, 56.95, 0, 9908
2026/09/09 15:13:55.904, 0, GPU-35ec6990-2b13-fbe4-44c2-103ee00e46b3, 56.73, 0, 9908
2026/09/09 15:13:56.004, 0, GPU-35ec6990-2b13-fbe4-44c2-103ee00e46b3, 56.67, 0, 9908
2026/09/09 15:13:56.104, 0, GPU-35ec6990-2b13-fbe4-44c2-103ee00e46b3, 56.67, 0, 9908
2026/09/09 15:13:56.205, 0, GPU-35ec6990-2b13-fbe4-44c2-103ee00e46b3, 56.73, 0, 10068
2026/09/09 15:13:56.305, 0, GPU-35ec6990-2b13-fbe4-44c2-103ee00e46b3, 56.73, 0, 10068
2026/09/09 15:13:56.405, 0, GPU-35ec6990-2b13-fbe4-44c2-103ee00e46b3, 56.73, 4, 10068
2026/09/09 15:13:56.505, 0, GPU-35ec6990-2b13-fbe4-44c2-103ee00e46b3, 56.73, 4, 10068
2026/09/09 15:13:56.605, 0, GPU-35ec6990-2b13-fbe4-44c2-103ee00e46b3, 57.01, 0, 10068
2026/09/09 15:13:56.706, 0, GPU-35ec6990-2b13-fbe4-44c2-103ee00e46b3, 56.67, 0, 10068
2026/09/09 15:13:56.806, 0, GPU-35ec6990-2b13-fbe4-44c2-103ee00e46b3, 56.95, 0, 10068
2026/09/09 15:13:56.906, 0, GPU-35ec6990-2b13-fbe4-44c2-103ee00e46b3, 56.67, 0, 10228
2026/09/09 15:13:57.006, 0, GPU-35ec6990-2b13-fbe4-44c2-103ee00e46b3, 57.34, 3, 10228
2026/09/09 15:13:57.106, 0, GPU-35ec6990-2b13-fbe4-44c2-103ee00e46b3, 57.01, 3, 10228
2026/09/09 15:13:57.207, 0, GPU-35ec6990-2b13-fbe4-44c2-103ee00e46b3, 56.67, 0, 10292
2026/09/09 15:13:57.307, 0, GPU-35ec6990-2b13-fbe4-44c2-103ee00e46b3, 57.28, 0, 10292
2026/09/09 15:13:57.407, 0, GPU-35ec6990-2b13-fbe4-44c2-103ee00e46b3, 56.73, 1, 10292
2026/09/09 15:13:57.507, 0, GPU-35ec6990-2b13-fbe4-44c2-103ee00e46b3, 56.73, 1, 10356
2026/09/09 15:13:57.607, 0, GPU-35ec6990-2b13-fbe4-44c2-103ee00e46b3, 57.01, 1, 10356
2026/09/09 15:13:57.708, 0, GPU-35ec6990-2b13-fbe4-44c2-103ee00e46b3, 56.67, 1, 10420
2026/09/09 15:13:57.808, 0, GPU-35ec6990-2b13-fbe4-44c2-103ee00e46b3, 56.95, 0, 10420
2026/09/09 15:13:57.908, 0, GPU-35ec6990-2b13-fbe4-44c2-103ee00e46b3, 56.67, 0, 10420
2026/09/09 15:13:58.008, 0, GPU-35ec6990-2b13-fbe4-44c2-103ee00e46b3, 56.89, 1, 10484
2026/09/09 15:13:58.108, 0, GPU-35ec6990-2b13-fbe4-44c2-103ee00e46b3, 56.89, 1, 10484
2026/09/09 15:13:58.209, 0, GPU-35ec6990-2b13-fbe4-44c2-103ee00e46b3, 56.95, 1, 10484
2026/09/09 15:13:58.309, 0, GPU-35ec6990-2b13-fbe4-44c2-103ee00e46b3, 56.95, 0, 10484
2026/09/09 15:13:58.409, 0, GPU-35ec6990-2b13-fbe4-44c2-103ee00e46b3, 56.67, 0, 10484
2026/09/09 15:13:58.509, 0, GPU-35ec6990-2b13-fbe4-44c2-103ee00e46b3, 56.67, 0, 10484
2026/09/09 15:13:58.609, 0, GPU-35ec6990-2b13-fbe4-44c2-103ee00e46b3, 56.89, 0, 10484
2026/09/09 15:13:58.710, 0, GPU-35ec6990-2b13-fbe4-44c2-103ee00e46b3, 56.89, 0, 10484
2026/09/09 15:13:58.810, 0, GPU-35ec6990-2b13-fbe4-44c2-103ee00e46b3, 56.73, 0, 10484
2026/09/09 15:13:58.910, 0, GPU-35ec6990-2b13-fbe4-44c2-103ee00e46b3, 56.73, 0, 10484
2026/09/09 15:13:59.010, 0, GPU-35ec6990-2b13-fbe4-44c2-103ee00e46b3, 57.01, 0, 10484
2026/09/09 15:13:59.110, 0, GPU-35ec6990-2b13-fbe4-44c2-103ee00e46b3, 56.95, 0, 10484
2026/09/09 15:13:59.210, 0, GPU-35ec6990-2b13-fbe4-44c2-103ee00e46b3, 56.95, 0, 10644
2026/09/09 15:13:59.311, 0, GPU-35ec6990-2b13-fbe4-44c2-103ee00e46b3, 56.73, 4, 10644
2026/09/09 15:13:59.411, 0, GPU-35ec6990-2b13-fbe4-44c2-103ee00e46b3, 56.73, 4, 10644
2026/09/09 15:13:59.511, 0, GPU-35ec6990-2b13-fbe4-44c2-103ee00e46b3, 56.67, 0, 10644
2026/09/09 15:13:59.611, 0, GPU-35ec6990-2b13-fbe4-44c2-103ee00e46b3, 56.95, 0, 10644
2026/09/09 15:13:59.711, 0, GPU-35ec6990-2b13-fbe4-44c2-103ee00e46b3, 56.95, 0, 10644
2026/09/09 15:13:59.812, 0, GPU-35ec6990-2b13-fbe4-44c2-103ee00e46b3, 56.95, 0, 10644
2026/09/09 15:13:59.912, 0, GPU-35ec6990-2b13-fbe4-44c2-103ee00e46b3, 56.95, 0, 10644
2026/09/09 15:14:00.012, 0, GPU-35ec6990-2b13-fbe4-44c2-103ee00e46b3, 56.95, 0, 10644
2026/09/09 15:14:00.112, 0, GPU-35ec6990-2b13-fbe4-44c2-103ee00e46b3, 56.89, 0, 10644
2026/09/09 15:14:00.212, 0, GPU-35ec6990-2b13-fbe4-44c2-103ee00e46b3, 56.89, 0, 10644
2026/09/09 15:14:00.313, 0, GPU-35ec6990-2b13-fbe4-44c2-103ee00e46b3, 56.95, 0, 10644
2026/09/09 15:14:00.413, 0, GPU-35ec6990-2b13-fbe4-44c2-103ee00e46b3, 56.95, 0, 10644
2026/09/09 15:14:00.513, 0, GPU-35ec6990-2b13-fbe4-44c2-103ee00e46b3, 56.95, 0, 10804
2026/09/09 15:14:00.613, 0, GPU-35ec6990-2b13-fbe4-44c2-103ee00e46b3, 56.95, 0, 10804
2026/09/09 15:14:00.713, 0, GPU-35ec6990-2b13-fbe4-44c2-103ee00e46b3, 56.89, 0, 10804
2026/09/09 15:14:00.813, 0, GPU-35ec6990-2b13-fbe4-44c2-103ee00e46b3, 56.73, 3, 10804
2026/09/09 15:14:00.914, 0, GPU-35ec6990-2b13-fbe4-44c2-103ee00e46b3, 57.01, 3, 10804
2026/09/09 15:14:01.014, 0, GPU-35ec6990-2b13-fbe4-44c2-103ee00e46b3, 57.01, 0, 10804
2026/09/09 15:14:01.114, 0, GPU-35ec6990-2b13-fbe4-44c2-103ee00e46b3, 56.95, 0, 10804
2026/09/09 15:14:01.214, 0, GPU-35ec6990-2b13-fbe4-44c2-103ee00e46b3, 56.95, 0, 10964
2026/09/09 15:14:01.314, 0, GPU-35ec6990-2b13-fbe4-44c2-103ee00e46b3, 56.95, 0, 10964
2026/09/09 15:14:01.415, 0, GPU-35ec6990-2b13-fbe4-44c2-103ee00e46b3, 57.01, 4, 10964
2026/09/09 15:14:01.515, 0, GPU-35ec6990-2b13-fbe4-44c2-103ee00e46b3, 56.95, 4, 11028
2026/09/09 15:14:01.615, 0, GPU-35ec6990-2b13-fbe4-44c2-103ee00e46b3, 56.95, 1, 11028
2026/09/09 15:14:01.715, 0, GPU-35ec6990-2b13-fbe4-44c2-103ee00e46b3, 56.95, 1, 11092
2026/09/09 15:14:01.815, 0, GPU-35ec6990-2b13-fbe4-44c2-103ee00e46b3, 56.95, 0, 11092
2026/09/09 15:14:01.915, 0, GPU-35ec6990-2b13-fbe4-44c2-103ee00e46b3, 56.73, 0, 11092
2026/09/09 15:14:02.016, 0, GPU-35ec6990-2b13-fbe4-44c2-103ee00e46b3, 57.01, 1, 11156
2026/09/09 15:14:02.116, 0, GPU-35ec6990-2b13-fbe4-44c2-103ee00e46b3, 56.95, 1, 11156
2026/09/09 15:14:02.216, 0, GPU-35ec6990-2b13-fbe4-44c2-103ee00e46b3, 56.95, 1, 11156
2026/09/09 15:14:02.316, 0, GPU-35ec6990-2b13-fbe4-44c2-103ee00e46b3, 56.95, 1, 11220
2026/09/09 15:14:02.416, 0, GPU-35ec6990-2b13-fbe4-44c2-103ee00e46b3, 56.73, 1, 11220
2026/09/09 15:14:02.517, 0, GPU-35ec6990-2b13-fbe4-44c2-103ee00e46b3, 56.95, 1, 11220
2026/09/09 15:14:02.617, 0, GPU-35ec6990-2b13-fbe4-44c2-103ee00e46b3, 57.01, 0, 11220
2026/09/09 15:14:02.717, 0, GPU-35ec6990-2b13-fbe4-44c2-103ee00e46b3, 57.01, 0, 11220
2026/09/09 15:14:02.817, 0, GPU-35ec6990-2b13-fbe4-44c2-103ee00e46b3, 57.01, 0, 11220
2026/09/09 15:14:02.917, 0, GPU-35ec6990-2b13-fbe4-44c2-103ee00e46b3, 56.95, 0, 11220
2026/09/09 15:14:03.018, 0, GPU-35ec6990-2b13-fbe4-44c2-103ee00e46b3, 56.95, 0, 11220
2026/09/09 15:14:03.118, 0, GPU-35ec6990-2b13-fbe4-44c2-103ee00e46b3, 56.95, 0, 11220
2026/09/09 15:14:03.218, 0, GPU-35ec6990-2b13-fbe4-44c2-103ee00e46b3, 56.95, 0, 11220
2026/09/09 15:14:03.318, 0, GPU-35ec6990-2b13-fbe4-44c2-103ee00e46b3, 56.73, 0, 11220
2026/09/09 15:14:03.418, 0, GPU-35ec6990-2b13-fbe4-44c2-103ee00e46b3, 56.73, 0, 11220
2026/09/09 15:14:03.518, 0, GPU-35ec6990-2b13-fbe4-44c2-103ee00e46b3, 56.73, 0, 11220
2026/09/09 15:14:03.619, 0, GPU-35ec6990-2b13-fbe4-44c2-103ee00e46b3, 56.73, 0, 11220
2026/09/09 15:14:03.719, 0, GPU-35ec6990-2b13-fbe4-44c2-103ee00e46b3, 56.67, 0, 11220
2026/09/09 15:14:03.819, 0, GPU-35ec6990-2b13-fbe4-44c2-103ee00e46b3, 56.67, 0, 11380
2026/09/09 15:14:03.919, 0, GPU-35ec6990-2b13-fbe4-44c2-103ee00e46b3, 56.95, 0, 11380
2026/09/09 15:14:04.019, 0, GPU-35ec6990-2b13-fbe4-44c2-103ee00e46b3, 56.95, 4, 11380
2026/09/09 15:14:04.120, 0, GPU-35ec6990-2b13-fbe4-44c2-103ee00e46b3, 56.79, 4, 11380
2026/09/09 15:14:04.220, 0, GPU-35ec6990-2b13-fbe4-44c2-103ee00e46b3, 56.79, 0, 11380
2026/09/09 15:14:04.320, 0, GPU-35ec6990-2b13-fbe4-44c2-103ee00e46b3, 56.73, 0, 11380
2026/09/09 15:14:04.420, 0, GPU-35ec6990-2b13-fbe4-44c2-103ee00e46b3, 56.73, 0, 11380
2026/09/09 15:14:04.520, 0, GPU-35ec6990-2b13-fbe4-44c2-103ee00e46b3, 56.73, 0, 11380
2026/09/09 15:14:04.621, 0, GPU-35ec6990-2b13-fbe4-44c2-103ee00e46b3, 56.73, 0, 11380
2026/09/09 15:14:04.721, 0, GPU-35ec6990-2b13-fbe4-44c2-103ee00e46b3, 56.67, 0, 11380
2026/09/09 15:14:04.821, 0, GPU-35ec6990-2b13-fbe4-44c2-103ee00e46b3, 56.67, 0, 11380
2026/09/09 15:14:04.921, 0, GPU-35ec6990-2b13-fbe4-44c2-103ee00e46b3, 56.95, 0, 11380
2026/09/09 15:14:05.021, 0, GPU-35ec6990-2b13-fbe4-44c2-103ee00e46b3, 56.95, 0, 11380
2026/09/09 15:14:05.121, 0, GPU-35ec6990-2b13-fbe4-44c2-103ee00e46b3, 56.89, 0, 11540
2026/09/09 15:14:05.222, 0, GPU-35ec6990-2b13-fbe4-44c2-103ee00e46b3, 57.56, 4, 11540
2026/09/09 15:14:05.322, 0, GPU-35ec6990-2b13-fbe4-44c2-103ee00e46b3, 57.01, 4, 11540
2026/09/09 15:14:05.422, 0, GPU-35ec6990-2b13-fbe4-44c2-103ee00e46b3, 57.01, 0, 11540
2026/09/09 15:14:05.522, 0, GPU-35ec6990-2b13-fbe4-44c2-103ee00e46b3, 56.73, 0, 11540
2026/09/09 15:14:05.622, 0, GPU-35ec6990-2b13-fbe4-44c2-103ee00e46b3, 56.67, 0, 11540
2026/09/09 15:14:05.723, 0, GPU-35ec6990-2b13-fbe4-44c2-103ee00e46b3, 56.95, 0, 11540
2026/09/09 15:14:05.823, 0, GPU-35ec6990-2b13-fbe4-44c2-103ee00e46b3, 56.89, 0, 11700
2026/09/09 15:14:05.923, 0, GPU-35ec6990-2b13-fbe4-44c2-103ee00e46b3, 57.28, 0, 11700
2026/09/09 15:14:06.023, 0, GPU-35ec6990-2b13-fbe4-44c2-103ee00e46b3, 57.01, 4, 11700
2026/09/09 15:14:06.123, 0, GPU-35ec6990-2b13-fbe4-44c2-103ee00e46b3, 56.67, 4, 11764
2026/09/09 15:14:06.224, 0, GPU-35ec6990-2b13-fbe4-44c2-103ee00e46b3, 57.28, 1, 11764
2026/09/09 15:14:06.324, 0, GPU-35ec6990-2b13-fbe4-44c2-103ee00e46b3, 56.95, 1, 11764
2026/09/09 15:14:06.424, 0, GPU-35ec6990-2b13-fbe4-44c2-103ee00e46b3, 56.95, 0, 11828
2026/09/09 15:14:06.524, 0, GPU-35ec6990-2b13-fbe4-44c2-103ee00e46b3, 56.95, 0, 11828
2026/09/09 15:14:06.624, 0, GPU-35ec6990-2b13-fbe4-44c2-103ee00e46b3, 56.62, 1, 11828
2026/09/09 15:14:06.725, 0, GPU-35ec6990-2b13-fbe4-44c2-103ee00e46b3, 56.95, 1, 11892
2026/09/09 15:14:06.825, 0, GPU-35ec6990-2b13-fbe4-44c2-103ee00e46b3, 56.95, 1, 11892
2026/09/09 15:14:06.925, 0, GPU-35ec6990-2b13-fbe4-44c2-103ee00e46b3, 56.95, 1, 11956
2026/09/09 15:14:07.025, 0, GPU-35ec6990-2b13-fbe4-44c2-103ee00e46b3, 57.28, 1, 11956
2026/09/09 15:14:07.125, 0, GPU-35ec6990-2b13-fbe4-44c2-103ee00e46b3, 56.95, 1, 11956
2026/09/09 15:14:07.225, 0, GPU-35ec6990-2b13-fbe4-44c2-103ee00e46b3, 57.01, 0, 11956
2026/09/09 15:14:07.327, 0, GPU-35ec6990-2b13-fbe4-44c2-103ee00e46b3, 57.06, 0, 11956
2026/09/09 15:14:07.427, 0, GPU-35ec6990-2b13-fbe4-44c2-103ee00e46b3, 56.79, 0, 11956
2026/09/09 15:14:07.528, 0, GPU-35ec6990-2b13-fbe4-44c2-103ee00e46b3, 57.12, 0, 11956
2026/09/09 15:14:07.628, 0, GPU-35ec6990-2b13-fbe4-44c2-103ee00e46b3, 57.12, 0, 11956
2026/09/09 15:14:07.728, 0, GPU-35ec6990-2b13-fbe4-44c2-103ee00e46b3, 57.06, 0, 11956
2026/09/09 15:14:07.828, 0, GPU-35ec6990-2b13-fbe4-44c2-103ee00e46b3, 56.79, 0, 11956
2026/09/09 15:14:07.928, 0, GPU-35ec6990-2b13-fbe4-44c2-103ee00e46b3, 57.06, 0, 11956
2026/09/09 15:14:08.028, 0, GPU-35ec6990-2b13-fbe4-44c2-103ee00e46b3, 57.12, 0, 11956
2026/09/09 15:14:08.129, 0, GPU-35ec6990-2b13-fbe4-44c2-103ee00e46b3, 57.06, 0, 11956
2026/09/09 15:14:08.229, 0, GPU-35ec6990-2b13-fbe4-44c2-103ee00e46b3, 57.12, 0, 11956
2026/09/09 15:14:08.329, 0, GPU-35ec6990-2b13-fbe4-44c2-103ee00e46b3, 57.12, 0, 11956
2026/09/09 15:14:08.429, 0, GPU-35ec6990-2b13-fbe4-44c2-103ee00e46b3, 57.01, 0, 12116
2026/09/09 15:14:08.529, 0, GPU-35ec6990-2b13-fbe4-44c2-103ee00e46b3, 57.01, 0, 12116
2026/09/09 15:14:08.630, 0, GPU-35ec6990-2b13-fbe4-44c2-103ee00e46b3, 56.67, 4, 12116
2026/09/09 15:14:08.730, 0, GPU-35ec6990-2b13-fbe4-44c2-103ee00e46b3, 56.67, 4, 12116
2026/09/09 15:14:08.830, 0, GPU-35ec6990-2b13-fbe4-44c2-103ee00e46b3, 56.67, 0, 12116
2026/09/09 15:14:08.930, 0, GPU-35ec6990-2b13-fbe4-44c2-103ee00e46b3, 57.01, 0, 12116
2026/09/09 15:14:09.030, 0, GPU-35ec6990-2b13-fbe4-44c2-103ee00e46b3, 57.01, 0, 12116
2026/09/09 15:14:09.130, 0, GPU-35ec6990-2b13-fbe4-44c2-103ee00e46b3, 57.01, 0, 12116
2026/09/09 15:14:09.231, 0, GPU-35ec6990-2b13-fbe4-44c2-103ee00e46b3, 57.01, 0, 12116
2026/09/09 15:14:09.331, 0, GPU-35ec6990-2b13-fbe4-44c2-103ee00e46b3, 56.95, 0, 12116
2026/09/09 15:14:09.431, 0, GPU-35ec6990-2b13-fbe4-44c2-103ee00e46b3, 56.95, 0, 12116
2026/09/09 15:14:09.531, 0, GPU-35ec6990-2b13-fbe4-44c2-103ee00e46b3, 56.67, 0, 12276
2026/09/09 15:14:09.631, 0, GPU-35ec6990-2b13-fbe4-44c2-103ee00e46b3, 57.34, 4, 12276
2026/09/09 15:14:09.732, 0, GPU-35ec6990-2b13-fbe4-44c2-103ee00e46b3, 56.95, 4, 12276
2026/09/09 15:14:09.832, 0, GPU-35ec6990-2b13-fbe4-44c2-103ee00e46b3, 56.95, 0, 12276
2026/09/09 15:14:09.932, 0, GPU-35ec6990-2b13-fbe4-44c2-103ee00e46b3, 56.95, 0, 12276
2026/09/09 15:14:10.032, 0, GPU-35ec6990-2b13-fbe4-44c2-103ee00e46b3, 57.01, 0, 12276
2026/09/09 15:14:10.132, 0, GPU-35ec6990-2b13-fbe4-44c2-103ee00e46b3, 56.67, 0, 12276
2026/09/09 15:14:10.233, 0, GPU-35ec6990-2b13-fbe4-44c2-103ee00e46b3, 56.67, 0, 12436
2026/09/09 15:14:10.333, 0, GPU-35ec6990-2b13-fbe4-44c2-103ee00e46b3, 56.62, 0, 12436
2026/09/09 15:14:10.433, 0, GPU-35ec6990-2b13-fbe4-44c2-103ee00e46b3, 56.62, 4, 12500
2026/09/09 15:14:10.533, 0, GPU-35ec6990-2b13-fbe4-44c2-103ee00e46b3, 56.95, 4, 12500
2026/09/09 15:14:10.633, 0, GPU-35ec6990-2b13-fbe4-44c2-103ee00e46b3, 56.67, 1, 12500
2026/09/09 15:14:10.733, 0, GPU-35ec6990-2b13-fbe4-44c2-103ee00e46b3, 56.67, 1, 12564
2026/09/09 15:14:10.834, 0, GPU-35ec6990-2b13-fbe4-44c2-103ee00e46b3, 56.67, 1, 12564
2026/09/09 15:14:10.934, 0, GPU-35ec6990-2b13-fbe4-44c2-103ee00e46b3, 56.67, 1, 12564
2026/09/09 15:14:11.034, 0, GPU-35ec6990-2b13-fbe4-44c2-103ee00e46b3, 56.73, 0, 12628
2026/09/09 15:14:11.134, 0, GPU-35ec6990-2b13-fbe4-44c2-103ee00e46b3, 56.67, 0, 12628
2026/09/09 15:14:11.234, 0, GPU-35ec6990-2b13-fbe4-44c2-103ee00e46b3, 56.67, 1, 12692
2026/09/09 15:14:11.335, 0, GPU-35ec6990-2b13-fbe4-44c2-103ee00e46b3, 56.73, 1, 12692
2026/09/09 15:14:11.435, 0, GPU-35ec6990-2b13-fbe4-44c2-103ee00e46b3, 56.73, 1, 12692
2026/09/09 15:14:11.535, 0, GPU-35ec6990-2b13-fbe4-44c2-103ee00e46b3, 56.73, 1, 12692
2026/09/09 15:14:11.635, 0, GPU-35ec6990-2b13-fbe4-44c2-103ee00e46b3, 56.73, 0, 12692
2026/09/09 15:14:11.735, 0, GPU-35ec6990-2b13-fbe4-44c2-103ee00e46b3, 56.67, 0, 12692
2026/09/09 15:14:11.835, 0, GPU-35ec6990-2b13-fbe4-44c2-103ee00e46b3, 56.67, 0, 12692
2026/09/09 15:14:11.936, 0, GPU-35ec6990-2b13-fbe4-44c2-103ee00e46b3, 56.67, 0, 12692
2026/09/09 15:14:12.036, 0, GPU-35ec6990-2b13-fbe4-44c2-103ee00e46b3, 56.67, 0, 12692
2026/09/09 15:14:12.136, 0, GPU-35ec6990-2b13-fbe4-44c2-103ee00e46b3, 56.67, 0, 12692
2026/09/09 15:14:12.236, 0, GPU-35ec6990-2b13-fbe4-44c2-103ee00e46b3, 56.67, 0, 12692
2026/09/09 15:14:12.336, 0, GPU-35ec6990-2b13-fbe4-44c2-103ee00e46b3, 56.67, 0, 12692
2026/09/09 15:14:12.437, 0, GPU-35ec6990-2b13-fbe4-44c2-103ee00e46b3, 56.67, 0, 12692
2026/09/09 15:14:12.537, 0, GPU-35ec6990-2b13-fbe4-44c2-103ee00e46b3, 56.67, 0, 12852
2026/09/09 15:14:12.637, 0, GPU-35ec6990-2b13-fbe4-44c2-103ee00e46b3, 56.67, 4, 12852
2026/09/09 15:14:12.737, 0, GPU-35ec6990-2b13-fbe4-44c2-103ee00e46b3, 56.73, 4, 12852
2026/09/09 15:14:12.837, 0, GPU-35ec6990-2b13-fbe4-44c2-103ee00e46b3, 56.73, 0, 12852
2026/09/09 15:14:12.937, 0, GPU-35ec6990-2b13-fbe4-44c2-103ee00e46b3, 56.67, 0, 12852
2026/09/09 15:14:13.038, 0, GPU-35ec6990-2b13-fbe4-44c2-103ee00e46b3, 56.67, 0, 12852
2026/09/09 15:14:13.138, 0, GPU-35ec6990-2b13-fbe4-44c2-103ee00e46b3, 56.67, 0, 12852
2026/09/09 15:14:13.238, 0, GPU-35ec6990-2b13-fbe4-44c2-103ee00e46b3, 56.67, 0, 12852
2026/09/09 15:14:13.338, 0, GPU-35ec6990-2b13-fbe4-44c2-103ee00e46b3, 56.67, 0, 12852
2026/09/09 15:14:13.438, 0, GPU-35ec6990-2b13-fbe4-44c2-103ee00e46b3, 56.62, 0, 12852
2026/09/09 15:14:13.538, 0, GPU-35ec6990-2b13-fbe4-44c2-103ee00e46b3, 56.62, 0, 12852
2026/09/09 15:14:13.639, 0, GPU-35ec6990-2b13-fbe4-44c2-103ee00e46b3, 56.67, 0, 12852
2026/09/09 15:14:13.739, 0, GPU-35ec6990-2b13-fbe4-44c2-103ee00e46b3, 56.67, 0, 12852
2026/09/09 15:14:13.839, 0, GPU-35ec6990-2b13-fbe4-44c2-103ee00e46b3, 56.67, 0, 12852
2026/09/09 15:14:13.939, 0, GPU-35ec6990-2b13-fbe4-44c2-103ee00e46b3, 56.67, 0, 13012
2026/09/09 15:14:14.039, 0, GPU-35ec6990-2b13-fbe4-44c2-103ee00e46b3, 56.67, 4, 13012
2026/09/09 15:14:14.140, 0, GPU-35ec6990-2b13-fbe4-44c2-103ee00e46b3, 56.40, 4, 13012
2026/09/09 15:14:14.240, 0, GPU-35ec6990-2b13-fbe4-44c2-103ee00e46b3, 56.73, 0, 13012
2026/09/09 15:14:14.340, 0, GPU-35ec6990-2b13-fbe4-44c2-103ee00e46b3, 56.67, 0, 13012
2026/09/09 15:14:14.440, 0, GPU-35ec6990-2b13-fbe4-44c2-103ee00e46b3, 56.67, 0, 13012
2026/09/09 15:14:14.540, 0, GPU-35ec6990-2b13-fbe4-44c2-103ee00e46b3, 56.67, 0, 13172
2026/09/09 15:14:14.641, 0, GPU-35ec6990-2b13-fbe4-44c2-103ee00e46b3, 56.67, 4, 13172
2026/09/09 15:14:14.741, 0, GPU-35ec6990-2b13-fbe4-44c2-103ee00e46b3, 56.67, 4, 13172
2026/09/09 15:14:14.841, 0, GPU-35ec6990-2b13-fbe4-44c2-103ee00e46b3, 56.67, 0, 13236
2026/09/09 15:14:14.941, 0, GPU-35ec6990-2b13-fbe4-44c2-103ee00e46b3, 56.67, 0, 13236
2026/09/09 15:14:15.041, 0, GPU-35ec6990-2b13-fbe4-44c2-103ee00e46b3, 56.67, 1, 13236
2026/09/09 15:14:15.141, 0, GPU-35ec6990-2b13-fbe4-44c2-103ee00e46b3, 56.95, 1, 13300
2026/09/09 15:14:15.242, 0, GPU-35ec6990-2b13-fbe4-44c2-103ee00e46b3, 56.67, 1, 13300
2026/09/09 15:14:15.342, 0, GPU-35ec6990-2b13-fbe4-44c2-103ee00e46b3, 56.67, 1, 13364
2026/09/09 15:14:15.442, 0, GPU-35ec6990-2b13-fbe4-44c2-103ee00e46b3, 56.67, 1, 13364
2026/09/09 15:14:15.542, 0, GPU-35ec6990-2b13-fbe4-44c2-103ee00e46b3, 56.67, 1, 13364
2026/09/09 15:14:15.642, 0, GPU-35ec6990-2b13-fbe4-44c2-103ee00e46b3, 56.40, 0, 13428
2026/09/09 15:14:15.743, 0, GPU-35ec6990-2b13-fbe4-44c2-103ee00e46b3, 56.67, 0, 13428
2026/09/09 15:14:15.843, 0, GPU-35ec6990-2b13-fbe4-44c2-103ee00e46b3, 56.67, 1, 13428
2026/09/09 15:14:15.943, 0, GPU-35ec6990-2b13-fbe4-44c2-103ee00e46b3, 56.67, 1, 13428
2026/09/09 15:14:16.043, 0, GPU-35ec6990-2b13-fbe4-44c2-103ee00e46b3, 56.67, 1, 13428
2026/09/09 15:14:16.143, 0, GPU-35ec6990-2b13-fbe4-44c2-103ee00e46b3, 56.67, 0, 13428
2026/09/09 15:14:16.243, 0, GPU-35ec6990-2b13-fbe4-44c2-103ee00e46b3, 56.73, 0, 13428
2026/09/09 15:14:16.344, 0, GPU-35ec6990-2b13-fbe4-44c2-103ee00e46b3, 56.67, 0, 13428
2026/09/09 15:14:16.444, 0, GPU-35ec6990-2b13-fbe4-44c2-103ee00e46b3, 56.67, 0, 13428
2026/09/09 15:14:16.544, 0, GPU-35ec6990-2b13-fbe4-44c2-103ee00e46b3, 56.73, 0, 13428
2026/09/09 15:14:16.644, 0, GPU-35ec6990-2b13-fbe4-44c2-103ee00e46b3, 56.73, 0, 13428
2026/09/09 15:14:16.745, 0, GPU-35ec6990-2b13-fbe4-44c2-103ee00e46b3, 56.73, 0, 13428
2026/09/09 15:14:16.845, 0, GPU-35ec6990-2b13-fbe4-44c2-103ee00e46b3, 56.67, 0, 13428
2026/09/09 15:14:16.945, 0, GPU-35ec6990-2b13-fbe4-44c2-103ee00e46b3, 57.01, 0, 13588
2026/09/09 15:14:17.045, 0, GPU-35ec6990-2b13-fbe4-44c2-103ee00e46b3, 57.01, 0, 13588
2026/09/09 15:14:17.145, 0, GPU-35ec6990-2b13-fbe4-44c2-103ee00e46b3, 56.67, 4, 13588
2026/09/09 15:14:17.245, 0, GPU-35ec6990-2b13-fbe4-44c2-103ee00e46b3, 56.67, 0, 13588
2026/09/09 15:14:17.346, 0, GPU-35ec6990-2b13-fbe4-44c2-103ee00e46b3, 56.67, 0, 13588
2026/09/09 15:14:17.446, 0, GPU-35ec6990-2b13-fbe4-44c2-103ee00e46b3, 56.67, 0, 13588
2026/09/09 15:14:17.546, 0, GPU-35ec6990-2b13-fbe4-44c2-103ee00e46b3, 56.67, 0, 13588
2026/09/09 15:14:17.646, 0, GPU-35ec6990-2b13-fbe4-44c2-103ee00e46b3, 56.67, 0, 13588
2026/09/09 15:14:17.746, 0, GPU-35ec6990-2b13-fbe4-44c2-103ee00e46b3, 56.67, 0, 13588
2026/09/09 15:14:17.847, 0, GPU-35ec6990-2b13-fbe4-44c2-103ee00e46b3, 56.95, 0, 13588
2026/09/09 15:14:17.947, 0, GPU-35ec6990-2b13-fbe4-44c2-103ee00e46b3, 56.67, 0, 13588
2026/09/09 15:14:18.047, 0, GPU-35ec6990-2b13-fbe4-44c2-103ee00e46b3, 56.67, 0, 13588
2026/09/09 15:14:18.147, 0, GPU-35ec6990-2b13-fbe4-44c2-103ee00e46b3, 56.67, 0, 13748
2026/09/09 15:14:18.247, 0, GPU-35ec6990-2b13-fbe4-44c2-103ee00e46b3, 56.67, 4, 13748
2026/09/09 15:14:18.348, 0, GPU-35ec6990-2b13-fbe4-44c2-103ee00e46b3, 56.67, 4, 13748
2026/09/09 15:14:18.448, 0, GPU-35ec6990-2b13-fbe4-44c2-103ee00e46b3, 56.67, 0, 13748
2026/09/09 15:14:18.548, 0, GPU-35ec6990-2b13-fbe4-44c2-103ee00e46b3, 56.67, 0, 13748
2026/09/09 15:14:18.648, 0, GPU-35ec6990-2b13-fbe4-44c2-103ee00e46b3, 56.73, 0, 13748
2026/09/09 15:14:18.748, 0, GPU-35ec6990-2b13-fbe4-44c2-103ee00e46b3, 56.73, 0, 13748
2026/09/09 15:14:18.848, 0, GPU-35ec6990-2b13-fbe4-44c2-103ee00e46b3, 56.73, 0, 13908
2026/09/09 15:14:18.949, 0, GPU-35ec6990-2b13-fbe4-44c2-103ee00e46b3, 56.73, 0, 13908
2026/09/09 15:14:19.049, 0, GPU-35ec6990-2b13-fbe4-44c2-103ee00e46b3, 56.67, 4, 13908
2026/09/09 15:14:19.149, 0, GPU-35ec6990-2b13-fbe4-44c2-103ee00e46b3, 56.67, 4, 13972
2026/09/09 15:14:19.249, 0, GPU-35ec6990-2b13-fbe4-44c2-103ee00e46b3, 56.67, 1, 13972
2026/09/09 15:14:19.349, 0, GPU-35ec6990-2b13-fbe4-44c2-103ee00e46b3, 56.67, 1, 13972
2026/09/09 15:14:19.450, 0, GPU-35ec6990-2b13-fbe4-44c2-103ee00e46b3, 56.67, 0, 14036
2026/09/09 15:14:19.550, 0, GPU-35ec6990-2b13-fbe4-44c2-103ee00e46b3, 56.73, 0, 14036
2026/09/09 15:14:19.650, 0, GPU-35ec6990-2b13-fbe4-44c2-103ee00e46b3, 56.73, 1, 14036
2026/09/09 15:14:19.750, 0, GPU-35ec6990-2b13-fbe4-44c2-103ee00e46b3, 56.67, 1, 14100
2026/09/09 15:14:19.850, 0, GPU-35ec6990-2b13-fbe4-44c2-103ee00e46b3, 56.67, 1, 14100
2026/09/09 15:14:19.951, 0, GPU-35ec6990-2b13-fbe4-44c2-103ee00e46b3, 56.67, 1, 14164
2026/09/09 15:14:20.051, 0, GPU-35ec6990-2b13-fbe4-44c2-103ee00e46b3, 56.67, 1, 14164
2026/09/09 15:14:20.151, 0, GPU-35ec6990-2b13-fbe4-44c2-103ee00e46b3, 56.67, 1, 14164
2026/09/09 15:14:20.251, 0, GPU-35ec6990-2b13-fbe4-44c2-103ee00e46b3, 56.67, 0, 14164
2026/09/09 15:14:20.351, 0, GPU-35ec6990-2b13-fbe4-44c2-103ee00e46b3, 56.67, 0, 14164
2026/09/09 15:14:20.451, 0, GPU-35ec6990-2b13-fbe4-44c2-103ee00e46b3, 56.67, 0, 14164
2026/09/09 15:14:20.552, 0, GPU-35ec6990-2b13-fbe4-44c2-103ee00e46b3, 56.73, 0, 14164
2026/09/09 15:14:20.652, 0, GPU-35ec6990-2b13-fbe4-44c2-103ee00e46b3, 56.67, 0, 14164
2026/09/09 15:14:20.752, 0, GPU-35ec6990-2b13-fbe4-44c2-103ee00e46b3, 56.79, 0, 14164
2026/09/09 15:14:20.852, 0, GPU-35ec6990-2b13-fbe4-44c2-103ee00e46b3, 56.73, 0, 14164
2026/09/09 15:14:20.952, 0, GPU-35ec6990-2b13-fbe4-44c2-103ee00e46b3, 56.73, 0, 14164
2026/09/09 15:14:21.053, 0, GPU-35ec6990-2b13-fbe4-44c2-103ee00e46b3, 56.67, 0, 14164
2026/09/09 15:14:21.153, 0, GPU-35ec6990-2b13-fbe4-44c2-103ee00e46b3, 56.67, 0, 14164
2026/09/09 15:14:21.253, 0, GPU-35ec6990-2b13-fbe4-44c2-103ee00e46b3, 56.67, 0, 14324
2026/09/09 15:14:21.353, 0, GPU-35ec6990-2b13-fbe4-44c2-103ee00e46b3, 56.67, 0, 14324
2026/09/09 15:14:21.453, 0, GPU-35ec6990-2b13-fbe4-44c2-103ee00e46b3, 56.62, 0, 14324
2026/09/09 15:14:21.554, 0, GPU-35ec6990-2b13-fbe4-44c2-103ee00e46b3, 56.62, 4, 14324
2026/09/09 15:14:21.654, 0, GPU-35ec6990-2b13-fbe4-44c2-103ee00e46b3, 56.67, 4, 14324
2026/09/09 15:14:21.754, 0, GPU-35ec6990-2b13-fbe4-44c2-103ee00e46b3, 56.67, 0, 14324
2026/09/09 15:14:21.854, 0, GPU-35ec6990-2b13-fbe4-44c2-103ee00e46b3, 56.73, 0, 14324
2026/09/09 15:14:21.954, 0, GPU-35ec6990-2b13-fbe4-44c2-103ee00e46b3, 56.67, 0, 14324
2026/09/09 15:14:22.054, 0, GPU-35ec6990-2b13-fbe4-44c2-103ee00e46b3, 56.73, 0, 14324
2026/09/09 15:14:22.155, 0, GPU-35ec6990-2b13-fbe4-44c2-103ee00e46b3, 56.73, 0, 14324
2026/09/09 15:14:22.255, 0, GPU-35ec6990-2b13-fbe4-44c2-103ee00e46b3, 56.79, 0, 14324
2026/09/09 15:14:22.355, 0, GPU-35ec6990-2b13-fbe4-44c2-103ee00e46b3, 56.79, 0, 14324
2026/09/09 15:14:22.455, 0, GPU-35ec6990-2b13-fbe4-44c2-103ee00e46b3, 56.79, 0, 14324
2026/09/09 15:14:22.555, 0, GPU-35ec6990-2b13-fbe4-44c2-103ee00e46b3, 56.79, 0, 14484
2026/09/09 15:14:22.656, 0, GPU-35ec6990-2b13-fbe4-44c2-103ee00e46b3, 57.12, 4, 14484
2026/09/09 15:14:22.756, 0, GPU-35ec6990-2b13-fbe4-44c2-103ee00e46b3, 56.85, 4, 14484
2026/09/09 15:14:22.856, 0, GPU-35ec6990-2b13-fbe4-44c2-103ee00e46b3, 56.85, 0, 14484
2026/09/09 15:14:22.956, 0, GPU-35ec6990-2b13-fbe4-44c2-103ee00e46b3, 56.85, 0, 14484
2026/09/09 15:14:23.056, 0, GPU-35ec6990-2b13-fbe4-44c2-103ee00e46b3, 56.85, 0, 14484
2026/09/09 15:14:23.157, 0, GPU-35ec6990-2b13-fbe4-44c2-103ee00e46b3, 56.85, 0, 14644
2026/09/09 15:14:23.257, 0, GPU-35ec6990-2b13-fbe4-44c2-103ee00e46b3, 56.73, 4, 14644
2026/09/09 15:14:23.357, 0, GPU-35ec6990-2b13-fbe4-44c2-103ee00e46b3, 56.73, 4, 14644
2026/09/09 15:14:23.457, 0, GPU-35ec6990-2b13-fbe4-44c2-103ee00e46b3, 56.67, 0, 14708
2026/09/09 15:14:23.557, 0, GPU-35ec6990-2b13-fbe4-44c2-103ee00e46b3, 56.67, 0, 14708
2026/09/09 15:14:23.657, 0, GPU-35ec6990-2b13-fbe4-44c2-103ee00e46b3, 56.67, 1, 14708
2026/09/09 15:14:23.758, 0, GPU-35ec6990-2b13-fbe4-44c2-103ee00e46b3, 56.73, 1, 14772
2026/09/09 15:14:23.858, 0, GPU-35ec6990-2b13-fbe4-44c2-103ee00e46b3, 56.73, 1, 14772
2026/09/09 15:14:23.958, 0, GPU-35ec6990-2b13-fbe4-44c2-103ee00e46b3, 56.95, 1, 14836
2026/09/09 15:14:24.058, 0, GPU-35ec6990-2b13-fbe4-44c2-103ee00e46b3, 56.62, 1, 14836
2026/09/09 15:14:24.158, 0, GPU-35ec6990-2b13-fbe4-44c2-103ee00e46b3, 56.67, 1, 14836
2026/09/09 15:14:24.259, 0, GPU-35ec6990-2b13-fbe4-44c2-103ee00e46b3, 57.01, 1, 14900
2026/09/09 15:14:24.359, 0, GPU-35ec6990-2b13-fbe4-44c2-103ee00e46b3, 56.67, 1, 14900
2026/09/09 15:14:24.459, 0, GPU-35ec6990-2b13-fbe4-44c2-103ee00e46b3, 56.67, 1, 14900
2026/09/09 15:14:24.559, 0, GPU-35ec6990-2b13-fbe4-44c2-103ee00e46b3, 56.67, 0, 14900
2026/09/09 15:14:24.659, 0, GPU-35ec6990-2b13-fbe4-44c2-103ee00e46b3, 56.67, 0, 14900
2026/09/09 15:14:24.760, 0, GPU-35ec6990-2b13-fbe4-44c2-103ee00e46b3, 56.73, 0, 14900
2026/09/09 15:14:24.860, 0, GPU-35ec6990-2b13-fbe4-44c2-103ee00e46b3, 56.73, 0, 14900
2026/09/09 15:14:24.960, 0, GPU-35ec6990-2b13-fbe4-44c2-103ee00e46b3, 56.67, 0, 14900
2026/09/09 15:14:25.060, 0, GPU-35ec6990-2b13-fbe4-44c2-103ee00e46b3, 56.67, 0, 14900
2026/09/09 15:14:25.160, 0, GPU-35ec6990-2b13-fbe4-44c2-103ee00e46b3, 56.73, 0, 14900
2026/09/09 15:14:25.260, 0, GPU-35ec6990-2b13-fbe4-44c2-103ee00e46b3, 56.73, 0, 14900
2026/09/09 15:14:25.361, 0, GPU-35ec6990-2b13-fbe4-44c2-103ee00e46b3, 56.67, 0, 14900
2026/09/09 15:14:25.461, 0, GPU-35ec6990-2b13-fbe4-44c2-103ee00e46b3, 56.67, 0, 14900
2026/09/09 15:14:25.561, 0, GPU-35ec6990-2b13-fbe4-44c2-103ee00e46b3, 56.62, 0, 14900
2026/09/09 15:14:25.661, 0, GPU-35ec6990-2b13-fbe4-44c2-103ee00e46b3, 56.62, 0, 14900
2026/09/09 15:14:25.761, 0, GPU-35ec6990-2b13-fbe4-44c2-103ee00e46b3, 56.62, 0, 15060
2026/09/09 15:14:25.862, 0, GPU-35ec6990-2b13-fbe4-44c2-103ee00e46b3, 56.62, 0, 15060
2026/09/09 15:14:25.962, 0, GPU-35ec6990-2b13-fbe4-44c2-103ee00e46b3, 56.67, 4, 15060
2026/09/09 15:14:26.062, 0, GPU-35ec6990-2b13-fbe4-44c2-103ee00e46b3, 56.67, 4, 15060
2026/09/09 15:14:26.162, 0, GPU-35ec6990-2b13-fbe4-44c2-103ee00e46b3, 56.73, 0, 15060
2026/09/09 15:14:26.262, 0, GPU-35ec6990-2b13-fbe4-44c2-103ee00e46b3, 56.73, 0, 15060
2026/09/09 15:14:26.362, 0, GPU-35ec6990-2b13-fbe4-44c2-103ee00e46b3, 56.73, 0, 15060
2026/09/09 15:14:26.463, 0, GPU-35ec6990-2b13-fbe4-44c2-103ee00e46b3, 56.73, 0, 15060
2026/09/09 15:14:26.563, 0, GPU-35ec6990-2b13-fbe4-44c2-103ee00e46b3, 56.67, 0, 15060
2026/09/09 15:14:26.663, 0, GPU-35ec6990-2b13-fbe4-44c2-103ee00e46b3, 56.67, 0, 15060
2026/09/09 15:14:26.763, 0, GPU-35ec6990-2b13-fbe4-44c2-103ee00e46b3, 56.67, 0, 15060
2026/09/09 15:14:26.863, 0, GPU-35ec6990-2b13-fbe4-44c2-103ee00e46b3, 56.67, 0, 15060
2026/09/09 15:14:26.964, 0, GPU-35ec6990-2b13-fbe4-44c2-103ee00e46b3, 56.67, 0, 15060
2026/09/09 15:14:27.064, 0, GPU-35ec6990-2b13-fbe4-44c2-103ee00e46b3, 56.67, 0, 15060
2026/09/09 15:14:27.164, 0, GPU-35ec6990-2b13-fbe4-44c2-103ee00e46b3, 56.62, 0, 15060
2026/09/09 15:14:27.264, 0, GPU-35ec6990-2b13-fbe4-44c2-103ee00e46b3, 56.89, 0, 15060
2026/09/09 15:14:27.364, 0, GPU-35ec6990-2b13-fbe4-44c2-103ee00e46b3, 56.62, 0, 15220
2026/09/09 15:14:27.465, 0, GPU-35ec6990-2b13-fbe4-44c2-103ee00e46b3, 56.89, 4, 15220
2026/09/09 15:14:27.565, 0, GPU-35ec6990-2b13-fbe4-44c2-103ee00e46b3, 56.67, 4, 15220
2026/09/09 15:14:27.665, 0, GPU-35ec6990-2b13-fbe4-44c2-103ee00e46b3, 56.89, 0, 15220
2026/09/09 15:14:27.765, 0, GPU-35ec6990-2b13-fbe4-44c2-103ee00e46b3, 56.62, 0, 15220
2026/09/09 15:14:27.865, 0, GPU-35ec6990-2b13-fbe4-44c2-103ee00e46b3, 56.62, 0, 15220
2026/09/09 15:14:27.965, 0, GPU-35ec6990-2b13-fbe4-44c2-103ee00e46b3, 56.62, 0, 15220
2026/09/09 15:14:28.066, 0, GPU-35ec6990-2b13-fbe4-44c2-103ee00e46b3, 56.89, 4, 15380
2026/09/09 15:14:28.166, 0, GPU-35ec6990-2b13-fbe4-44c2-103ee00e46b3, 56.89, 4, 15380
2026/09/09 15:14:28.266, 0, GPU-35ec6990-2b13-fbe4-44c2-103ee00e46b3, 56.67, 0, 15380
2026/09/09 15:14:28.366, 0, GPU-35ec6990-2b13-fbe4-44c2-103ee00e46b3, 56.67, 0, 15444
2026/09/09 15:14:28.466, 0, GPU-35ec6990-2b13-fbe4-44c2-103ee00e46b3, 56.73, 1, 15444
2026/09/09 15:14:28.567, 0, GPU-35ec6990-2b13-fbe4-44c2-103ee00e46b3, 56.73, 1, 15508
2026/09/09 15:14:28.667, 0, GPU-35ec6990-2b13-fbe4-44c2-103ee00e46b3, 56.67, 1, 15508
2026/09/09 15:14:28.767, 0, GPU-35ec6990-2b13-fbe4-44c2-103ee00e46b3, 56.67, 1, 15508
2026/09/09 15:14:28.867, 0, GPU-35ec6990-2b13-fbe4-44c2-103ee00e46b3, 56.67, 0, 15572
2026/09/09 15:14:28.967, 0, GPU-35ec6990-2b13-fbe4-44c2-103ee00e46b3, 56.67, 0, 15572
2026/09/09 15:14:29.068, 0, GPU-35ec6990-2b13-fbe4-44c2-103ee00e46b3, 56.67, 1, 15572
2026/09/09 15:14:29.168, 0, GPU-35ec6990-2b13-fbe4-44c2-103ee00e46b3, 56.62, 1, 15636
2026/09/09 15:14:29.268, 0, GPU-35ec6990-2b13-fbe4-44c2-103ee00e46b3, 56.62, 1, 15636
2026/09/09 15:14:29.368, 0, GPU-35ec6990-2b13-fbe4-44c2-103ee00e46b3, 56.67, 1, 15636
2026/09/09 15:14:29.468, 0, GPU-35ec6990-2b13-fbe4-44c2-103ee00e46b3, 56.67, 1, 15636
2026/09/09 15:14:29.568, 0, GPU-35ec6990-2b13-fbe4-44c2-103ee00e46b3, 56.62, 0, 15636
2026/09/09 15:14:29.669, 0, GPU-35ec6990-2b13-fbe4-44c2-103ee00e46b3, 56.62, 0, 15636
2026/09/09 15:14:29.769, 0, GPU-35ec6990-2b13-fbe4-44c2-103ee00e46b3, 56.67, 0, 15636
2026/09/09 15:14:29.869, 0, GPU-35ec6990-2b13-fbe4-44c2-103ee00e46b3, 56.67, 0, 15636
2026/09/09 15:14:29.969, 0, GPU-35ec6990-2b13-fbe4-44c2-103ee00e46b3, 56.67, 0, 15636
2026/09/09 15:14:30.069, 0, GPU-35ec6990-2b13-fbe4-44c2-103ee00e46b3, 56.67, 0, 15636
2026/09/09 15:14:30.170, 0, GPU-35ec6990-2b13-fbe4-44c2-103ee00e46b3, 56.67, 0, 15636
2026/09/09 15:14:30.270, 0, GPU-35ec6990-2b13-fbe4-44c2-103ee00e46b3, 56.62, 0, 15636
2026/09/09 15:14:30.370, 0, GPU-35ec6990-2b13-fbe4-44c2-103ee00e46b3, 56.62, 0, 15636
2026/09/09 15:14:30.470, 0, GPU-35ec6990-2b13-fbe4-44c2-103ee00e46b3, 56.67, 0, 15796
2026/09/09 15:14:30.570, 0, GPU-35ec6990-2b13-fbe4-44c2-103ee00e46b3, 56.83, 4, 15796
2026/09/09 15:14:30.671, 0, GPU-35ec6990-2b13-fbe4-44c2-103ee00e46b3, 56.62, 4, 15796
2026/09/09 15:14:30.771, 0, GPU-35ec6990-2b13-fbe4-44c2-103ee00e46b3, 56.62, 0, 15796
2026/09/09 15:14:30.871, 0, GPU-35ec6990-2b13-fbe4-44c2-103ee00e46b3, 56.62, 0, 15796
2026/09/09 15:14:30.971, 0, GPU-35ec6990-2b13-fbe4-44c2-103ee00e46b3, 56.62, 0, 15796
2026/09/09 15:14:31.071, 0, GPU-35ec6990-2b13-fbe4-44c2-103ee00e46b3, 56.62, 0, 15796
2026/09/09 15:14:31.172, 0, GPU-35ec6990-2b13-fbe4-44c2-103ee00e46b3, 56.89, 0, 15796
2026/09/09 15:14:31.272, 0, GPU-35ec6990-2b13-fbe4-44c2-103ee00e46b3, 56.62, 0, 15796
2026/09/09 15:14:31.372, 0, GPU-35ec6990-2b13-fbe4-44c2-103ee00e46b3, 56.89, 0, 15796
2026/09/09 15:14:31.472, 0, GPU-35ec6990-2b13-fbe4-44c2-103ee00e46b3, 56.62, 0, 15796
2026/09/09 15:14:31.572, 0, GPU-35ec6990-2b13-fbe4-44c2-103ee00e46b3, 56.62, 0, 15796
2026/09/09 15:14:31.672, 0, GPU-35ec6990-2b13-fbe4-44c2-103ee00e46b3, 56.62, 0, 15796
2026/09/09 15:14:31.773, 0, GPU-35ec6990-2b13-fbe4-44c2-103ee00e46b3, 56.62, 0, 15796
2026/09/09 15:14:31.873, 0, GPU-35ec6990-2b13-fbe4-44c2-103ee00e46b3, 56.62, 4, 15956
2026/09/09 15:14:31.973, 0, GPU-35ec6990-2b13-fbe4-44c2-103ee00e46b3, 56.62, 4, 15956
2026/09/09 15:14:32.073, 0, GPU-35ec6990-2b13-fbe4-44c2-103ee00e46b3, 56.89, 0, 15956
2026/09/09 15:14:32.173, 0, GPU-35ec6990-2b13-fbe4-44c2-103ee00e46b3, 56.67, 0, 15956
2026/09/09 15:14:32.274, 0, GPU-35ec6990-2b13-fbe4-44c2-103ee00e46b3, 56.95, 0, 15956
2026/09/09 15:14:32.374, 0, GPU-35ec6990-2b13-fbe4-44c2-103ee00e46b3, 56.62, 0, 15956
2026/09/09 15:14:32.474, 0, GPU-35ec6990-2b13-fbe4-44c2-103ee00e46b3, 56.89, 0, 15956
2026/09/09 15:14:32.574, 0, GPU-35ec6990-2b13-fbe4-44c2-103ee00e46b3, 56.67, 0, 16116
2026/09/09 15:14:32.674, 0, GPU-35ec6990-2b13-fbe4-44c2-103ee00e46b3, 56.67, 0, 16116
2026/09/09 15:14:32.775, 0, GPU-35ec6990-2b13-fbe4-44c2-103ee00e46b3, 56.56, 4, 16180
2026/09/09 15:14:32.875, 0, GPU-35ec6990-2b13-fbe4-44c2-103ee00e46b3, 56.56, 4, 16180
2026/09/09 15:14:32.975, 0, GPU-35ec6990-2b13-fbe4-44c2-103ee00e46b3, 56.89, 1, 16180
2026/09/09 15:14:33.075, 0, GPU-35ec6990-2b13-fbe4-44c2-103ee00e46b3, 56.62, 1, 16244
2026/09/09 15:14:33.175, 0, GPU-35ec6990-2b13-fbe4-44c2-103ee00e46b3, 56.62, 1, 16244
2026/09/09 15:14:33.276, 0, GPU-35ec6990-2b13-fbe4-44c2-103ee00e46b3, 56.62, 1, 16308
2026/09/09 15:14:33.377, 0, GPU-35ec6990-2b13-fbe4-44c2-103ee00e46b3, 56.62, 1, 16308
2026/09/09 15:14:33.477, 0, GPU-35ec6990-2b13-fbe4-44c2-103ee00e46b3, 56.62, 1, 16308
2026/09/09 15:14:33.577, 0, GPU-35ec6990-2b13-fbe4-44c2-103ee00e46b3, 56.62, 0, 16372
2026/09/09 15:14:33.677, 0, GPU-35ec6990-2b13-fbe4-44c2-103ee00e46b3, 56.62, 0, 16372
2026/09/09 15:14:33.778, 0, GPU-35ec6990-2b13-fbe4-44c2-103ee00e46b3, 56.62, 1, 16372
2026/09/09 15:14:33.878, 0, GPU-35ec6990-2b13-fbe4-44c2-103ee00e46b3, 56.62, 1, 16372
2026/09/09 15:14:33.978, 0, GPU-35ec6990-2b13-fbe4-44c2-103ee00e46b3, 56.62, 0, 16372
2026/09/09 15:14:34.078, 0, GPU-35ec6990-2b13-fbe4-44c2-103ee00e46b3, 56.62, 0, 16372
2026/09/09 15:14:34.178, 0, GPU-35ec6990-2b13-fbe4-44c2-103ee00e46b3, 56.62, 0, 16372
2026/09/09 15:14:34.278, 0, GPU-35ec6990-2b13-fbe4-44c2-103ee00e46b3, 56.62, 0, 16372
2026/09/09 15:14:34.379, 0, GPU-35ec6990-2b13-fbe4-44c2-103ee00e46b3, 56.62, 0, 16372
2026/09/09 15:14:34.479, 0, GPU-35ec6990-2b13-fbe4-44c2-103ee00e46b3, 56.67, 0, 16372
2026/09/09 15:14:34.579, 0, GPU-35ec6990-2b13-fbe4-44c2-103ee00e46b3, 56.62, 0, 16372
2026/09/09 15:14:34.679, 0, GPU-35ec6990-2b13-fbe4-44c2-103ee00e46b3, 56.62, 0, 16372
2026/09/09 15:14:34.779, 0, GPU-35ec6990-2b13-fbe4-44c2-103ee00e46b3, 56.62, 0, 16372
2026/09/09 15:14:34.880, 0, GPU-35ec6990-2b13-fbe4-44c2-103ee00e46b3, 56.62, 0, 16372
2026/09/09 15:14:34.980, 0, GPU-35ec6990-2b13-fbe4-44c2-103ee00e46b3, 56.62, 0, 16532
2026/09/09 15:14:35.080, 0, GPU-35ec6990-2b13-fbe4-44c2-103ee00e46b3, 57.22, 0, 16532
2026/09/09 15:14:35.180, 0, GPU-35ec6990-2b13-fbe4-44c2-103ee00e46b3, 56.67, 4, 16532
2026/09/09 15:14:35.280, 0, GPU-35ec6990-2b13-fbe4-44c2-103ee00e46b3, 56.67, 4, 16532
2026/09/09 15:14:35.381, 0, GPU-35ec6990-2b13-fbe4-44c2-103ee00e46b3, 56.67, 0, 16532
2026/09/09 15:14:35.481, 0, GPU-35ec6990-2b13-fbe4-44c2-103ee00e46b3, 56.67, 0, 16532
2026/09/09 15:14:35.581, 0, GPU-35ec6990-2b13-fbe4-44c2-103ee00e46b3, 56.62, 0, 16532
2026/09/09 15:14:35.681, 0, GPU-35ec6990-2b13-fbe4-44c2-103ee00e46b3, 56.62, 0, 16532
2026/09/09 15:14:35.781, 0, GPU-35ec6990-2b13-fbe4-44c2-103ee00e46b3, 56.67, 0, 16532
2026/09/09 15:14:35.881, 0, GPU-35ec6990-2b13-fbe4-44c2-103ee00e46b3, 56.62, 0, 16532
2026/09/09 15:14:35.982, 0, GPU-35ec6990-2b13-fbe4-44c2-103ee00e46b3, 56.62, 0, 16532
2026/09/09 15:14:36.082, 0, GPU-35ec6990-2b13-fbe4-44c2-103ee00e46b3, 56.67, 0, 16532
2026/09/09 15:14:36.182, 0, GPU-35ec6990-2b13-fbe4-44c2-103ee00e46b3, 56.95, 0, 16532
2026/09/09 15:14:36.282, 0, GPU-35ec6990-2b13-fbe4-44c2-103ee00e46b3, 56.67, 0, 16532
2026/09/09 15:14:36.382, 0, GPU-35ec6990-2b13-fbe4-44c2-103ee00e46b3, 56.67, 0, 16692
2026/09/09 15:14:36.483, 0, GPU-35ec6990-2b13-fbe4-44c2-103ee00e46b3, 56.89, 4, 16692
2026/09/09 15:14:36.583, 0, GPU-35ec6990-2b13-fbe4-44c2-103ee00e46b3, 56.62, 4, 16692
2026/09/09 15:14:36.683, 0, GPU-35ec6990-2b13-fbe4-44c2-103ee00e46b3, 56.89, 4, 16692
2026/09/09 15:14:36.783, 0, GPU-35ec6990-2b13-fbe4-44c2-103ee00e46b3, 56.62, 0, 16692
2026/09/09 15:14:36.883, 0, GPU-35ec6990-2b13-fbe4-44c2-103ee00e46b3, 56.95, 0, 16692
2026/09/09 15:14:36.984, 0, GPU-35ec6990-2b13-fbe4-44c2-103ee00e46b3, 56.62, 0, 16692
2026/09/09 15:14:37.084, 0, GPU-35ec6990-2b13-fbe4-44c2-103ee00e46b3, 56.62, 4, 16852
2026/09/09 15:14:37.187, 0, GPU-35ec6990-2b13-fbe4-44c2-103ee00e46b3, 56.62, 4, 16852
2026/09/09 15:14:37.287, 0, GPU-35ec6990-2b13-fbe4-44c2-103ee00e46b3, 57.22, 4, 16916
2026/09/09 15:14:37.387, 0, GPU-35ec6990-2b13-fbe4-44c2-103ee00e46b3, 57.22, 1, 16916
2026/09/09 15:14:37.488, 0, GPU-35ec6990-2b13-fbe4-44c2-103ee00e46b3, 57.22, 1, 16916
2026/09/09 15:14:37.588, 0, GPU-35ec6990-2b13-fbe4-44c2-103ee00e46b3, 56.62, 0, 16980
2026/09/09 15:14:37.688, 0, GPU-35ec6990-2b13-fbe4-44c2-103ee00e46b3, 56.62, 0, 16980
2026/09/09 15:14:37.788, 0, GPU-35ec6990-2b13-fbe4-44c2-103ee00e46b3, 56.62, 1, 17044
2026/09/09 15:14:37.888, 0, GPU-35ec6990-2b13-fbe4-44c2-103ee00e46b3, 56.62, 1, 17044
2026/09/09 15:14:37.989, 0, GPU-35ec6990-2b13-fbe4-44c2-103ee00e46b3, 56.62, 1, 17044
2026/09/09 15:14:38.089, 0, GPU-35ec6990-2b13-fbe4-44c2-103ee00e46b3, 56.62, 1, 17108
2026/09/09 15:14:38.189, 0, GPU-35ec6990-2b13-fbe4-44c2-103ee00e46b3, 56.62, 1, 17108
2026/09/09 15:14:38.289, 0, GPU-35ec6990-2b13-fbe4-44c2-103ee00e46b3, 56.62, 1, 17108
2026/09/09 15:14:38.389, 0, GPU-35ec6990-2b13-fbe4-44c2-103ee00e46b3, 56.62, 0, 17108
2026/09/09 15:14:38.490, 0, GPU-35ec6990-2b13-fbe4-44c2-103ee00e46b3, 56.56, 0, 17108
2026/09/09 15:14:38.590, 0, GPU-35ec6990-2b13-fbe4-44c2-103ee00e46b3, 56.62, 0, 17108
2026/09/09 15:14:38.690, 0, GPU-35ec6990-2b13-fbe4-44c2-103ee00e46b3, 56.62, 0, 17108
2026/09/09 15:14:38.790, 0, GPU-35ec6990-2b13-fbe4-44c2-103ee00e46b3, 56.62, 0, 17108
2026/09/09 15:14:38.890, 0, GPU-35ec6990-2b13-fbe4-44c2-103ee00e46b3, 56.62, 0, 17108
2026/09/09 15:14:38.990, 0, GPU-35ec6990-2b13-fbe4-44c2-103ee00e46b3, 56.89, 0, 17108
2026/09/09 15:14:39.091, 0, GPU-35ec6990-2b13-fbe4-44c2-103ee00e46b3, 56.67, 0, 17108
2026/09/09 15:14:39.191, 0, GPU-35ec6990-2b13-fbe4-44c2-103ee00e46b3, 56.62, 0, 17108
2026/09/09 15:14:39.291, 0, GPU-35ec6990-2b13-fbe4-44c2-103ee00e46b3, 56.62, 0, 17268
2026/09/09 15:14:39.391, 0, GPU-35ec6990-2b13-fbe4-44c2-103ee00e46b3, 56.67, 4, 17268
2026/09/09 15:14:39.491, 0, GPU-35ec6990-2b13-fbe4-44c2-103ee00e46b3, 56.67, 4, 17268
2026/09/09 15:14:39.592, 0, GPU-35ec6990-2b13-fbe4-44c2-103ee00e46b3, 56.67, 0, 17268
2026/09/09 15:14:39.692, 0, GPU-35ec6990-2b13-fbe4-44c2-103ee00e46b3, 56.62, 0, 17268
2026/09/09 15:14:39.792, 0, GPU-35ec6990-2b13-fbe4-44c2-103ee00e46b3, 56.62, 0, 17268
2026/09/09 15:14:39.892, 0, GPU-35ec6990-2b13-fbe4-44c2-103ee00e46b3, 56.67, 0, 17268
2026/09/09 15:14:39.992, 0, GPU-35ec6990-2b13-fbe4-44c2-103ee00e46b3, 56.67, 0, 17268
2026/09/09 15:14:40.093, 0, GPU-35ec6990-2b13-fbe4-44c2-103ee00e46b3, 56.67, 0, 17268
2026/09/09 15:14:40.193, 0, GPU-35ec6990-2b13-fbe4-44c2-103ee00e46b3, 56.67, 0, 17268
2026/09/09 15:14:40.293, 0, GPU-35ec6990-2b13-fbe4-44c2-103ee00e46b3, 56.67, 0, 17268
2026/09/09 15:14:40.393, 0, GPU-35ec6990-2b13-fbe4-44c2-103ee00e46b3, 56.73, 0, 17268
2026/09/09 15:14:40.493, 0, GPU-35ec6990-2b13-fbe4-44c2-103ee00e46b3, 56.67, 0, 17268
2026/09/09 15:14:40.593, 0, GPU-35ec6990-2b13-fbe4-44c2-103ee00e46b3, 56.67, 0, 17268
2026/09/09 15:14:40.694, 0, GPU-35ec6990-2b13-fbe4-44c2-103ee00e46b3, 56.67, 0, 17428
2026/09/09 15:14:40.794, 0, GPU-35ec6990-2b13-fbe4-44c2-103ee00e46b3, 56.95, 4, 17428
2026/09/09 15:14:40.894, 0, GPU-35ec6990-2b13-fbe4-44c2-103ee00e46b3, 56.67, 4, 17428
2026/09/09 15:14:40.994, 0, GPU-35ec6990-2b13-fbe4-44c2-103ee00e46b3, 56.67, 4, 17428
2026/09/09 15:14:41.094, 0, GPU-35ec6990-2b13-fbe4-44c2-103ee00e46b3, 56.67, 0, 17428
2026/09/09 15:14:41.195, 0, GPU-35ec6990-2b13-fbe4-44c2-103ee00e46b3, 56.89, 0, 17428
2026/09/09 15:14:41.295, 0, GPU-35ec6990-2b13-fbe4-44c2-103ee00e46b3, 56.62, 0, 17428
2026/09/09 15:14:41.395, 0, GPU-35ec6990-2b13-fbe4-44c2-103ee00e46b3, 56.67, 0, 17588
2026/09/09 15:14:41.495, 0, GPU-35ec6990-2b13-fbe4-44c2-103ee00e46b3, 56.67, 0, 17588
2026/09/09 15:14:41.595, 0, GPU-35ec6990-2b13-fbe4-44c2-103ee00e46b3, 56.89, 0, 17652
2026/09/09 15:14:41.696, 0, GPU-35ec6990-2b13-fbe4-44c2-103ee00e46b3, 56.89, 4, 17652
2026/09/09 15:14:41.796, 0, GPU-35ec6990-2b13-fbe4-44c2-103ee00e46b3, 56.89, 4, 17652
2026/09/09 15:14:41.896, 0, GPU-35ec6990-2b13-fbe4-44c2-103ee00e46b3, 56.89, 1, 17716
2026/09/09 15:14:41.996, 0, GPU-35ec6990-2b13-fbe4-44c2-103ee00e46b3, 56.89, 1, 17716
2026/09/09 15:14:42.096, 0, GPU-35ec6990-2b13-fbe4-44c2-103ee00e46b3, 56.89, 1, 17780
2026/09/09 15:14:42.196, 0, GPU-35ec6990-2b13-fbe4-44c2-103ee00e46b3, 56.89, 1, 17780
2026/09/09 15:14:42.297, 0, GPU-35ec6990-2b13-fbe4-44c2-103ee00e46b3, 56.89, 1, 17780
2026/09/09 15:14:42.397, 0, GPU-35ec6990-2b13-fbe4-44c2-103ee00e46b3, 56.62, 0, 17844
2026/09/09 15:14:42.497, 0, GPU-35ec6990-2b13-fbe4-44c2-103ee00e46b3, 56.62, 0, 17844
2026/09/09 15:14:42.597, 0, GPU-35ec6990-2b13-fbe4-44c2-103ee00e46b3, 56.62, 1, 17844
2026/09/09 15:14:42.697, 0, GPU-35ec6990-2b13-fbe4-44c2-103ee00e46b3, 56.62, 1, 17844
2026/09/09 15:14:42.798, 0, GPU-35ec6990-2b13-fbe4-44c2-103ee00e46b3, 56.62, 0, 17844
2026/09/09 15:14:42.898, 0, GPU-35ec6990-2b13-fbe4-44c2-103ee00e46b3, 56.62, 0, 17844
2026/09/09 15:14:42.998, 0, GPU-35ec6990-2b13-fbe4-44c2-103ee00e46b3, 56.56, 0, 17844
2026/09/09 15:14:43.098, 0, GPU-35ec6990-2b13-fbe4-44c2-103ee00e46b3, 56.56, 0, 17844
2026/09/09 15:14:43.198, 0, GPU-35ec6990-2b13-fbe4-44c2-103ee00e46b3, 56.56, 0, 17844
2026/09/09 15:14:43.298, 0, GPU-35ec6990-2b13-fbe4-44c2-103ee00e46b3, 56.56, 0, 17844
2026/09/09 15:14:43.399, 0, GPU-35ec6990-2b13-fbe4-44c2-103ee00e46b3, 56.83, 0, 17844
2026/09/09 15:14:43.499, 0, GPU-35ec6990-2b13-fbe4-44c2-103ee00e46b3, 56.56, 0, 17844
2026/09/09 15:14:43.599, 0, GPU-35ec6990-2b13-fbe4-44c2-103ee00e46b3, 56.56, 0, 17844
2026/09/09 15:14:43.699, 0, GPU-35ec6990-2b13-fbe4-44c2-103ee00e46b3, 56.83, 0, 17844
2026/09/09 15:14:43.799, 0, GPU-35ec6990-2b13-fbe4-44c2-103ee00e46b3, 57.44, 2, 18004
2026/09/09 15:14:43.900, 0, GPU-35ec6990-2b13-fbe4-44c2-103ee00e46b3, 56.89, 2, 18004
2026/09/09 15:14:44.000, 0, GPU-35ec6990-2b13-fbe4-44c2-103ee00e46b3, 56.62, 1, 18004
2026/09/09 15:14:44.100, 0, GPU-35ec6990-2b13-fbe4-44c2-103ee00e46b3, 56.56, 1, 18004
2026/09/09 15:14:44.200, 0, GPU-35ec6990-2b13-fbe4-44c2-103ee00e46b3, 56.56, 0, 18004
2026/09/09 15:14:44.300, 0, GPU-35ec6990-2b13-fbe4-44c2-103ee00e46b3, 56.77, 0, 18004
2026/09/09 15:14:44.400, 0, GPU-35ec6990-2b13-fbe4-44c2-103ee00e46b3, 56.56, 0, 18004
2026/09/09 15:14:44.501, 0, GPU-35ec6990-2b13-fbe4-44c2-103ee00e46b3, 56.62, 0, 18004
2026/09/09 15:14:44.601, 0, GPU-35ec6990-2b13-fbe4-44c2-103ee00e46b3, 56.62, 0, 18004
2026/09/09 15:14:44.701, 0, GPU-35ec6990-2b13-fbe4-44c2-103ee00e46b3, 56.89, 0, 18004
2026/09/09 15:14:44.801, 0, GPU-35ec6990-2b13-fbe4-44c2-103ee00e46b3, 56.62, 0, 18004
2026/09/09 15:14:44.901, 0, GPU-35ec6990-2b13-fbe4-44c2-103ee00e46b3, 56.62, 0, 18004
2026/09/09 15:14:45.001, 0, GPU-35ec6990-2b13-fbe4-44c2-103ee00e46b3, 56.89, 0, 18004
2026/09/09 15:14:45.102, 0, GPU-35ec6990-2b13-fbe4-44c2-103ee00e46b3, 56.56, 0, 18164
2026/09/09 15:14:45.202, 0, GPU-35ec6990-2b13-fbe4-44c2-103ee00e46b3, 57.17, 4, 18164
2026/09/09 15:14:45.302, 0, GPU-35ec6990-2b13-fbe4-44c2-103ee00e46b3, 56.62, 4, 18164
2026/09/09 15:14:45.402, 0, GPU-35ec6990-2b13-fbe4-44c2-103ee00e46b3, 56.62, 0, 18164
2026/09/09 15:14:45.502, 0, GPU-35ec6990-2b13-fbe4-44c2-103ee00e46b3, 56.83, 0, 18164
2026/09/09 15:14:45.603, 0, GPU-35ec6990-2b13-fbe4-44c2-103ee00e46b3, 56.83, 0, 18164
2026/09/09 15:14:45.703, 0, GPU-35ec6990-2b13-fbe4-44c2-103ee00e46b3, 56.56, 0, 18164
2026/09/09 15:14:45.803, 0, GPU-35ec6990-2b13-fbe4-44c2-103ee00e46b3, 56.56, 0, 18324
2026/09/09 15:14:45.903, 0, GPU-35ec6990-2b13-fbe4-44c2-103ee00e46b3, 56.89, 0, 18324
2026/09/09 15:14:46.003, 0, GPU-35ec6990-2b13-fbe4-44c2-103ee00e46b3, 56.62, 0, 18324
2026/09/09 15:14:46.104, 0, GPU-35ec6990-2b13-fbe4-44c2-103ee00e46b3, 56.62, 4, 18388
2026/09/09 15:14:46.204, 0, GPU-35ec6990-2b13-fbe4-44c2-103ee00e46b3, 56.83, 4, 18388
2026/09/09 15:14:46.304, 0, GPU-35ec6990-2b13-fbe4-44c2-103ee00e46b3, 56.83, 1, 18452
2026/09/09 15:14:46.404, 0, GPU-35ec6990-2b13-fbe4-44c2-103ee00e46b3, 56.83, 1, 18452
2026/09/09 15:14:46.504, 0, GPU-35ec6990-2b13-fbe4-44c2-103ee00e46b3, 56.89, 1, 18452
2026/09/09 15:14:46.605, 0, GPU-35ec6990-2b13-fbe4-44c2-103ee00e46b3, 56.62, 1, 18516
2026/09/09 15:14:46.705, 0, GPU-35ec6990-2b13-fbe4-44c2-103ee00e46b3, 56.89, 0, 18516
2026/09/09 15:14:46.805, 0, GPU-35ec6990-2b13-fbe4-44c2-103ee00e46b3, 56.56, 1, 18580
2026/09/09 15:14:46.905, 0, GPU-35ec6990-2b13-fbe4-44c2-103ee00e46b3, 56.56, 1, 18580
2026/09/09 15:14:47.005, 0, GPU-35ec6990-2b13-fbe4-44c2-103ee00e46b3, 56.89, 1, 18580
2026/09/09 15:14:47.105, 0, GPU-35ec6990-2b13-fbe4-44c2-103ee00e46b3, 56.56, 1, 18580
2026/09/09 15:14:47.206, 0, GPU-35ec6990-2b13-fbe4-44c2-103ee00e46b3, 56.56, 0, 18580
2026/09/09 15:14:47.306, 0, GPU-35ec6990-2b13-fbe4-44c2-103ee00e46b3, 56.56, 0, 18580
2026/09/09 15:14:47.406, 0, GPU-35ec6990-2b13-fbe4-44c2-103ee00e46b3, 56.56, 0, 18580
2026/09/09 15:14:47.506, 0, GPU-35ec6990-2b13-fbe4-44c2-103ee00e46b3, 56.62, 0, 18580
2026/09/09 15:14:47.606, 0, GPU-35ec6990-2b13-fbe4-44c2-103ee00e46b3, 56.62, 0, 18580
2026/09/09 15:14:47.706, 0, GPU-35ec6990-2b13-fbe4-44c2-103ee00e46b3, 56.56, 0, 18580
2026/09/09 15:14:47.807, 0, GPU-35ec6990-2b13-fbe4-44c2-103ee00e46b3, 56.56, 0, 18580
2026/09/09 15:14:47.907, 0, GPU-35ec6990-2b13-fbe4-44c2-103ee00e46b3, 56.56, 0, 18580
2026/09/09 15:14:48.007, 0, GPU-35ec6990-2b13-fbe4-44c2-103ee00e46b3, 56.62, 0, 18740
2026/09/09 15:14:48.107, 0, GPU-35ec6990-2b13-fbe4-44c2-103ee00e46b3, 56.89, 0, 18740
2026/09/09 15:14:48.207, 0, GPU-35ec6990-2b13-fbe4-44c2-103ee00e46b3, 56.62, 4, 18740
2026/09/09 15:14:48.308, 0, GPU-35ec6990-2b13-fbe4-44c2-103ee00e46b3, 56.89, 4, 18740
2026/09/09 15:14:48.408, 0, GPU-35ec6990-2b13-fbe4-44c2-103ee00e46b3, 56.83, 0, 18740
2026/09/09 15:14:48.508, 0, GPU-35ec6990-2b13-fbe4-44c2-103ee00e46b3, 56.89, 0, 18740
2026/09/09 15:14:48.609, 0, GPU-35ec6990-2b13-fbe4-44c2-103ee00e46b3, 56.62, 0, 18740
2026/09/09 15:14:48.709, 0, GPU-35ec6990-2b13-fbe4-44c2-103ee00e46b3, 56.62, 0, 18740
2026/09/09 15:14:48.809, 0, GPU-35ec6990-2b13-fbe4-44c2-103ee00e46b3, 56.62, 0, 18740
2026/09/09 15:14:48.909, 0, GPU-35ec6990-2b13-fbe4-44c2-103ee00e46b3, 56.56, 0, 18740
2026/09/09 15:14:49.009, 0, GPU-35ec6990-2b13-fbe4-44c2-103ee00e46b3, 56.83, 0, 18740
2026/09/09 15:14:49.110, 0, GPU-35ec6990-2b13-fbe4-44c2-103ee00e46b3, 56.89, 0, 18740
2026/09/09 15:14:49.210, 0, GPU-35ec6990-2b13-fbe4-44c2-103ee00e46b3, 56.56, 0, 18740
2026/09/09 15:14:49.310, 0, GPU-35ec6990-2b13-fbe4-44c2-103ee00e46b3, 56.89, 0, 18740
2026/09/09 15:14:49.410, 0, GPU-35ec6990-2b13-fbe4-44c2-103ee00e46b3, 57.22, 4, 18900
2026/09/09 15:14:49.510, 0, GPU-35ec6990-2b13-fbe4-44c2-103ee00e46b3, 56.89, 4, 18900
2026/09/09 15:14:49.610, 0, GPU-35ec6990-2b13-fbe4-44c2-103ee00e46b3, 56.62, 0, 18900
2026/09/09 15:14:49.711, 0, GPU-35ec6990-2b13-fbe4-44c2-103ee00e46b3, 56.62, 0, 18900
2026/09/09 15:14:49.811, 0, GPU-35ec6990-2b13-fbe4-44c2-103ee00e46b3, 56.62, 0, 18900
2026/09/09 15:14:49.911, 0, GPU-35ec6990-2b13-fbe4-44c2-103ee00e46b3, 56.62, 0, 18900
2026/09/09 15:14:50.011, 0, GPU-35ec6990-2b13-fbe4-44c2-103ee00e46b3, 56.62, 0, 19060
2026/09/09 15:14:50.111, 0, GPU-35ec6990-2b13-fbe4-44c2-103ee00e46b3, 56.62, 0, 19060
2026/09/09 15:14:50.212, 0, GPU-35ec6990-2b13-fbe4-44c2-103ee00e46b3, 56.62, 0, 19060
2026/09/09 15:14:50.312, 0, GPU-35ec6990-2b13-fbe4-44c2-103ee00e46b3, 56.62, 4, 19060
2026/09/09 15:14:50.412, 0, GPU-35ec6990-2b13-fbe4-44c2-103ee00e46b3, 56.89, 4, 19060
2026/09/09 15:14:50.512, 0, GPU-35ec6990-2b13-fbe4-44c2-103ee00e46b3, 56.56, 0, 19060
2026/09/09 15:14:50.612, 0, GPU-35ec6990-2b13-fbe4-44c2-103ee00e46b3, 56.62, 0, 19060
2026/09/09 15:14:50.713, 0, GPU-35ec6990-2b13-fbe4-44c2-103ee00e46b3, 56.89, 0, 19060
2026/09/09 15:14:50.813, 0, GPU-35ec6990-2b13-fbe4-44c2-103ee00e46b3, 56.62, 0, 19060
2026/09/09 15:14:50.913, 0, GPU-35ec6990-2b13-fbe4-44c2-103ee00e46b3, 56.83, 0, 19060
2026/09/09 15:14:51.013, 0, GPU-35ec6990-2b13-fbe4-44c2-103ee00e46b3, 56.62, 0, 19060
2026/09/09 15:14:51.113, 0, GPU-35ec6990-2b13-fbe4-44c2-103ee00e46b3, 56.62, 0, 19060
2026/09/09 15:14:51.214, 0, GPU-35ec6990-2b13-fbe4-44c2-103ee00e46b3, 56.89, 0, 19060
2026/09/09 15:14:51.314, 0, GPU-35ec6990-2b13-fbe4-44c2-103ee00e46b3, 56.62, 0, 19060
2026/09/09 15:14:51.414, 0, GPU-35ec6990-2b13-fbe4-44c2-103ee00e46b3, 56.89, 0, 19060
2026/09/09 15:14:51.514, 0, GPU-35ec6990-2b13-fbe4-44c2-103ee00e46b3, 56.56, 0, 19060
2026/09/09 15:14:51.615, 0, GPU-35ec6990-2b13-fbe4-44c2-103ee00e46b3, 56.56, 0, 19060
2026/09/09 15:14:51.715, 0, GPU-35ec6990-2b13-fbe4-44c2-103ee00e46b3, 56.56, 0, 19060
2026/09/09 15:14:51.815, 0, GPU-35ec6990-2b13-fbe4-44c2-103ee00e46b3, 56.56, 0, 19060
2026/09/09 15:14:51.915, 0, GPU-35ec6990-2b13-fbe4-44c2-103ee00e46b3, 56.56, 0, 19060
2026/09/09 15:14:52.015, 0, GPU-35ec6990-2b13-fbe4-44c2-103ee00e46b3, 56.62, 0, 19060
2026/09/09 15:14:52.116, 0, GPU-35ec6990-2b13-fbe4-44c2-103ee00e46b3, 56.62, 0, 19060
2026/09/09 15:14:52.216, 0, GPU-35ec6990-2b13-fbe4-44c2-103ee00e46b3, 56.56, 0, 19060
2026/09/09 15:14:52.316, 0, GPU-35ec6990-2b13-fbe4-44c2-103ee00e46b3, 56.56, 0, 19060
2026/09/09 15:14:52.416, 0, GPU-35ec6990-2b13-fbe4-44c2-103ee00e46b3, 56.83, 0, 19060
2026/09/09 15:14:52.516, 0, GPU-35ec6990-2b13-fbe4-44c2-103ee00e46b3, 56.56, 0, 19060
2026/09/09 15:14:52.617, 0, GPU-35ec6990-2b13-fbe4-44c2-103ee00e46b3, 56.83, 0, 19060
2026/09/09 15:14:52.717, 0, GPU-35ec6990-2b13-fbe4-44c2-103ee00e46b3, 56.83, 0, 19060
2026/09/09 15:14:52.817, 0, GPU-35ec6990-2b13-fbe4-44c2-103ee00e46b3, 56.83, 0, 19060
2026/09/09 15:14:52.917, 0, GPU-35ec6990-2b13-fbe4-44c2-103ee00e46b3, 56.83, 0, 19060
2026/09/09 15:14:53.017, 0, GPU-35ec6990-2b13-fbe4-44c2-103ee00e46b3, 56.56, 0, 19060
2026/09/09 15:14:53.118, 0, GPU-35ec6990-2b13-fbe4-44c2-103ee00e46b3, 56.83, 0, 19060
2026/09/09 15:14:53.218, 0, GPU-35ec6990-2b13-fbe4-44c2-103ee00e46b3, 56.56, 0, 19082
2026/09/09 15:14:53.318, 0, GPU-35ec6990-2b13-fbe4-44c2-103ee00e46b3, 57.17, 0, 19366
2026/09/09 15:14:53.418, 0, GPU-35ec6990-2b13-fbe4-44c2-103ee00e46b3, 57.77, 0, 19846
2026/09/09 15:14:53.518, 0, GPU-35ec6990-2b13-fbe4-44c2-103ee00e46b3, 56.77, 12, 19846
2026/09/09 15:14:53.619, 0, GPU-35ec6990-2b13-fbe4-44c2-103ee00e46b3, 56.77, 12, 19846
2026/09/09 15:14:53.719, 0, GPU-35ec6990-2b13-fbe4-44c2-103ee00e46b3, 56.56, 6, 19846
2026/09/09 15:14:53.819, 0, GPU-35ec6990-2b13-fbe4-44c2-103ee00e46b3, 56.56, 6, 19846
2026/09/09 15:14:53.919, 0, GPU-35ec6990-2b13-fbe4-44c2-103ee00e46b3, 56.56, 0, 19846
2026/09/09 15:14:54.019, 0, GPU-35ec6990-2b13-fbe4-44c2-103ee00e46b3, 56.56, 0, 19846
2026/09/09 15:14:54.120, 0, GPU-35ec6990-2b13-fbe4-44c2-103ee00e46b3, 56.83, 0, 19846
2026/09/09 15:14:54.220, 0, GPU-35ec6990-2b13-fbe4-44c2-103ee00e46b3, 56.83, 0, 19846
2026/09/09 15:14:54.320, 0, GPU-35ec6990-2b13-fbe4-44c2-103ee00e46b3, 56.62, 0, 19846
2026/09/09 15:14:54.420, 0, GPU-35ec6990-2b13-fbe4-44c2-103ee00e46b3, 56.62, 0, 19846
2026/09/09 15:14:54.520, 0, GPU-35ec6990-2b13-fbe4-44c2-103ee00e46b3, 56.89, 0, 19846
2026/09/09 15:14:54.621, 0, GPU-35ec6990-2b13-fbe4-44c2-103ee00e46b3, 56.89, 0, 19846
2026/09/09 15:14:54.721, 0, GPU-35ec6990-2b13-fbe4-44c2-103ee00e46b3, 56.83, 0, 19846
2026/09/09 15:14:54.821, 0, GPU-35ec6990-2b13-fbe4-44c2-103ee00e46b3, 56.83, 0, 19846
2026/09/09 15:14:54.921, 0, GPU-35ec6990-2b13-fbe4-44c2-103ee00e46b3, 56.83, 0, 19846
2026/09/09 15:14:55.021, 0, GPU-35ec6990-2b13-fbe4-44c2-103ee00e46b3, 56.89, 0, 19846
2026/09/09 15:14:55.121, 0, GPU-35ec6990-2b13-fbe4-44c2-103ee00e46b3, 56.89, 0, 19846
2026/09/09 15:14:55.222, 0, GPU-35ec6990-2b13-fbe4-44c2-103ee00e46b3, 56.89, 0, 19846
2026/09/09 15:14:55.322, 0, GPU-35ec6990-2b13-fbe4-44c2-103ee00e46b3, 56.62, 0, 19846
2026/09/09 15:14:55.422, 0, GPU-35ec6990-2b13-fbe4-44c2-103ee00e46b3, 56.89, 0, 19846
2026/09/09 15:14:55.522, 0, GPU-35ec6990-2b13-fbe4-44c2-103ee00e46b3, 56.83, 0, 19846
2026/09/09 15:14:55.622, 0, GPU-35ec6990-2b13-fbe4-44c2-103ee00e46b3, 56.83, 0, 19846
2026/09/09 15:14:55.723, 0, GPU-35ec6990-2b13-fbe4-44c2-103ee00e46b3, 56.89, 0, 19846
2026/09/09 15:14:55.823, 0, GPU-35ec6990-2b13-fbe4-44c2-103ee00e46b3, 56.83, 0, 19846
2026/09/09 15:14:55.923, 0, GPU-35ec6990-2b13-fbe4-44c2-103ee00e46b3, 56.83, 0, 19846
2026/09/09 15:14:56.023, 0, GPU-35ec6990-2b13-fbe4-44c2-103ee00e46b3, 56.83, 0, 19846
2026/09/09 15:14:56.123, 0, GPU-35ec6990-2b13-fbe4-44c2-103ee00e46b3, 56.89, 0, 19846
2026/09/09 15:14:56.224, 0, GPU-35ec6990-2b13-fbe4-44c2-103ee00e46b3, 56.83, 0, 19846
2026/09/09 15:14:56.324, 0, GPU-35ec6990-2b13-fbe4-44c2-103ee00e46b3, 56.83, 0, 19846
2026/09/09 15:14:56.424, 0, GPU-35ec6990-2b13-fbe4-44c2-103ee00e46b3, 57.17, 0, 19846
2026/09/09 15:14:56.524, 0, GPU-35ec6990-2b13-fbe4-44c2-103ee00e46b3, 56.83, 0, 19846
2026/09/09 15:14:56.624, 0, GPU-35ec6990-2b13-fbe4-44c2-103ee00e46b3, 56.83, 0, 19846
2026/09/09 15:14:56.725, 0, GPU-35ec6990-2b13-fbe4-44c2-103ee00e46b3, 56.56, 0, 19846
2026/09/09 15:14:56.825, 0, GPU-35ec6990-2b13-fbe4-44c2-103ee00e46b3, 56.56, 0, 19846
2026/09/09 15:14:56.925, 0, GPU-35ec6990-2b13-fbe4-44c2-103ee00e46b3, 56.89, 0, 19846
2026/09/09 15:14:57.025, 0, GPU-35ec6990-2b13-fbe4-44c2-103ee00e46b3, 56.89, 0, 19846
2026/09/09 15:14:57.125, 0, GPU-35ec6990-2b13-fbe4-44c2-103ee00e46b3, 56.89, 0, 19846
2026/09/09 15:14:57.225, 0, GPU-35ec6990-2b13-fbe4-44c2-103ee00e46b3, 56.89, 0, 19846
2026/09/09 15:14:57.326, 0, GPU-35ec6990-2b13-fbe4-44c2-103ee00e46b3, 56.89, 0, 19846
2026/09/09 15:14:57.426, 0, GPU-35ec6990-2b13-fbe4-44c2-103ee00e46b3, 56.83, 0, 19846
2026/09/09 15:14:57.526, 0, GPU-35ec6990-2b13-fbe4-44c2-103ee00e46b3, 56.83, 0, 19846
2026/09/09 15:14:57.626, 0, GPU-35ec6990-2b13-fbe4-44c2-103ee00e46b3, 56.83, 0, 19846
2026/09/09 15:14:57.726, 0, GPU-35ec6990-2b13-fbe4-44c2-103ee00e46b3, 56.83, 0, 19846
2026/09/09 15:14:57.827, 0, GPU-35ec6990-2b13-fbe4-44c2-103ee00e46b3, 56.89, 0, 19846
2026/09/09 15:14:57.927, 0, GPU-35ec6990-2b13-fbe4-44c2-103ee00e46b3, 56.89, 0, 19846
2026/09/09 15:14:58.027, 0, GPU-35ec6990-2b13-fbe4-44c2-103ee00e46b3, 56.89, 0, 19846
2026/09/09 15:14:58.127, 0, GPU-35ec6990-2b13-fbe4-44c2-103ee00e46b3, 56.83, 0, 19846
2026/09/09 15:14:58.227, 0, GPU-35ec6990-2b13-fbe4-44c2-103ee00e46b3, 56.83, 0, 19846
2026/09/09 15:14:58.328, 0, GPU-35ec6990-2b13-fbe4-44c2-103ee00e46b3, 56.83, 0, 19846
2026/09/09 15:14:58.428, 0, GPU-35ec6990-2b13-fbe4-44c2-103ee00e46b3, 56.83, 0, 19846
2026/09/09 15:14:58.528, 0, GPU-35ec6990-2b13-fbe4-44c2-103ee00e46b3, 56.83, 0, 19846
2026/09/09 15:14:58.628, 0, GPU-35ec6990-2b13-fbe4-44c2-103ee00e46b3, 56.83, 0, 19846
2026/09/09 15:14:58.728, 0, GPU-35ec6990-2b13-fbe4-44c2-103ee00e46b3, 56.83, 0, 19846
2026/09/09 15:14:58.828, 0, GPU-35ec6990-2b13-fbe4-44c2-103ee00e46b3, 56.83, 0, 19846
2026/09/09 15:14:58.929, 0, GPU-35ec6990-2b13-fbe4-44c2-103ee00e46b3, 56.83, 0, 19846
2026/09/09 15:14:59.029, 0, GPU-35ec6990-2b13-fbe4-44c2-103ee00e46b3, 56.83, 0, 19846
2026/09/09 15:14:59.129, 0, GPU-35ec6990-2b13-fbe4-44c2-103ee00e46b3, 56.83, 0, 19846
2026/09/09 15:14:59.229, 0, GPU-35ec6990-2b13-fbe4-44c2-103ee00e46b3, 56.89, 0, 19846
2026/09/09 15:14:59.329, 0, GPU-35ec6990-2b13-fbe4-44c2-103ee00e46b3, 56.89, 0, 19846
2026/09/09 15:14:59.430, 0, GPU-35ec6990-2b13-fbe4-44c2-103ee00e46b3, 56.89, 0, 19846
2026/09/09 15:14:59.530, 0, GPU-35ec6990-2b13-fbe4-44c2-103ee00e46b3, 56.83, 0, 19846
2026/09/09 15:14:59.630, 0, GPU-35ec6990-2b13-fbe4-44c2-103ee00e46b3, 56.89, 0, 19846
2026/09/09 15:14:59.730, 0, GPU-35ec6990-2b13-fbe4-44c2-103ee00e46b3, 56.89, 0, 19846
2026/09/09 15:14:59.830, 0, GPU-35ec6990-2b13-fbe4-44c2-103ee00e46b3, 56.89, 0, 19846
2026/09/09 15:14:59.931, 0, GPU-35ec6990-2b13-fbe4-44c2-103ee00e46b3, 56.83, 0, 19846
2026/09/09 15:15:00.031, 0, GPU-35ec6990-2b13-fbe4-44c2-103ee00e46b3, 56.83, 0, 19846
2026/09/09 15:15:00.131, 0, GPU-35ec6990-2b13-fbe4-44c2-103ee00e46b3, 56.83, 0, 19846
2026/09/09 15:15:00.231, 0, GPU-35ec6990-2b13-fbe4-44c2-103ee00e46b3, 56.83, 0, 19846
2026/09/09 15:15:00.331, 0, GPU-35ec6990-2b13-fbe4-44c2-103ee00e46b3, 56.83, 0, 19846
2026/09/09 15:15:00.432, 0, GPU-35ec6990-2b13-fbe4-44c2-103ee00e46b3, 56.83, 0, 19846
2026/09/09 15:15:00.532, 0, GPU-35ec6990-2b13-fbe4-44c2-103ee00e46b3, 56.83, 0, 19846
2026/09/09 15:15:00.632, 0, GPU-35ec6990-2b13-fbe4-44c2-103ee00e46b3, 56.89, 0, 19846
2026/09/09 15:15:00.732, 0, GPU-35ec6990-2b13-fbe4-44c2-103ee00e46b3, 56.89, 0, 19846
2026/09/09 15:15:00.832, 0, GPU-35ec6990-2b13-fbe4-44c2-103ee00e46b3, 56.89, 0, 19846
2026/09/09 15:15:00.932, 0, GPU-35ec6990-2b13-fbe4-44c2-103ee00e46b3, 56.83, 0, 19846
2026/09/09 15:15:01.033, 0, GPU-35ec6990-2b13-fbe4-44c2-103ee00e46b3, 56.83, 0, 19846
2026/09/09 15:15:01.133, 0, GPU-35ec6990-2b13-fbe4-44c2-103ee00e46b3, 56.89, 0, 19846
2026/09/09 15:15:01.233, 0, GPU-35ec6990-2b13-fbe4-44c2-103ee00e46b3, 56.89, 0, 19846
2026/09/09 15:15:01.333, 0, GPU-35ec6990-2b13-fbe4-44c2-103ee00e46b3, 57.22, 0, 19846
2026/09/09 15:15:01.433, 0, GPU-35ec6990-2b13-fbe4-44c2-103ee00e46b3, 56.83, 0, 19846
2026/09/09 15:15:01.534, 0, GPU-35ec6990-2b13-fbe4-44c2-103ee00e46b3, 56.83, 0, 19846
2026/09/09 15:15:01.634, 0, GPU-35ec6990-2b13-fbe4-44c2-103ee00e46b3, 56.89, 0, 19846
2026/09/09 15:15:01.734, 0, GPU-35ec6990-2b13-fbe4-44c2-103ee00e46b3, 56.89, 0, 19846
2026/09/09 15:15:01.834, 0, GPU-35ec6990-2b13-fbe4-44c2-103ee00e46b3, 56.83, 0, 19846
2026/09/09 15:15:01.934, 0, GPU-35ec6990-2b13-fbe4-44c2-103ee00e46b3, 56.83, 0, 19846
2026/09/09 15:15:02.034, 0, GPU-35ec6990-2b13-fbe4-44c2-103ee00e46b3, 56.83, 0, 19846
2026/09/09 15:15:02.135, 0, GPU-35ec6990-2b13-fbe4-44c2-103ee00e46b3, 56.89, 0, 19846
2026/09/09 15:15:02.235, 0, GPU-35ec6990-2b13-fbe4-44c2-103ee00e46b3, 56.89, 0, 19846
2026/09/09 15:15:02.335, 0, GPU-35ec6990-2b13-fbe4-44c2-103ee00e46b3, 56.89, 0, 19846
2026/09/09 15:15:02.435, 0, GPU-35ec6990-2b13-fbe4-44c2-103ee00e46b3, 56.89, 0, 19846
2026/09/09 15:15:02.535, 0, GPU-35ec6990-2b13-fbe4-44c2-103ee00e46b3, 56.89, 0, 19846
2026/09/09 15:15:02.636, 0, GPU-35ec6990-2b13-fbe4-44c2-103ee00e46b3, 56.89, 0, 19846
2026/09/09 15:15:02.738, 0, GPU-35ec6990-2b13-fbe4-44c2-103ee00e46b3, 56.89, 0, 19846
2026/09/09 15:15:02.838, 0, GPU-35ec6990-2b13-fbe4-44c2-103ee00e46b3, 56.83, 0, 19846
2026/09/09 15:15:02.938, 0, GPU-35ec6990-2b13-fbe4-44c2-103ee00e46b3, 56.89, 0, 19846
2026/09/09 15:15:03.038, 0, GPU-35ec6990-2b13-fbe4-44c2-103ee00e46b3, 56.89, 0, 19846
2026/09/09 15:15:03.138, 0, GPU-35ec6990-2b13-fbe4-44c2-103ee00e46b3, 56.83, 0, 19846
2026/09/09 15:15:03.238, 0, GPU-35ec6990-2b13-fbe4-44c2-103ee00e46b3, 56.83, 0, 19846
2026/09/09 15:15:03.339, 0, GPU-35ec6990-2b13-fbe4-44c2-103ee00e46b3, 56.89, 0, 19846
2026/09/09 15:15:03.439, 0, GPU-35ec6990-2b13-fbe4-44c2-103ee00e46b3, 56.89, 0, 19846
2026/09/09 15:15:03.539, 0, GPU-35ec6990-2b13-fbe4-44c2-103ee00e46b3, 56.89, 0, 19846
2026/09/09 15:15:03.639, 0, GPU-35ec6990-2b13-fbe4-44c2-103ee00e46b3, 56.89, 0, 19846
2026/09/09 15:15:03.739, 0, GPU-35ec6990-2b13-fbe4-44c2-103ee00e46b3, 56.95, 0, 19846
2026/09/09 15:15:03.840, 0, GPU-35ec6990-2b13-fbe4-44c2-103ee00e46b3, 56.89, 0, 19846
2026/09/09 15:15:03.940, 0, GPU-35ec6990-2b13-fbe4-44c2-103ee00e46b3, 56.62, 0, 19846
2026/09/09 15:15:04.040, 0, GPU-35ec6990-2b13-fbe4-44c2-103ee00e46b3, 56.89, 0, 19846
2026/09/09 15:15:04.140, 0, GPU-35ec6990-2b13-fbe4-44c2-103ee00e46b3, 56.89, 0, 19846
2026/09/09 15:15:04.240, 0, GPU-35ec6990-2b13-fbe4-44c2-103ee00e46b3, 56.89, 0, 19846
2026/09/09 15:15:04.340, 0, GPU-35ec6990-2b13-fbe4-44c2-103ee00e46b3, 56.89, 0, 19846
2026/09/09 15:15:04.441, 0, GPU-35ec6990-2b13-fbe4-44c2-103ee00e46b3, 56.89, 0, 19846
2026/09/09 15:15:04.541, 0, GPU-35ec6990-2b13-fbe4-44c2-103ee00e46b3, 56.89, 0, 19846
2026/09/09 15:15:04.641, 0, GPU-35ec6990-2b13-fbe4-44c2-103ee00e46b3, 56.89, 0, 19846
2026/09/09 15:15:04.741, 0, GPU-35ec6990-2b13-fbe4-44c2-103ee00e46b3, 56.89, 0, 19846
2026/09/09 15:15:04.841, 0, GPU-35ec6990-2b13-fbe4-44c2-103ee00e46b3, 56.89, 0, 19846
2026/09/09 15:15:04.942, 0, GPU-35ec6990-2b13-fbe4-44c2-103ee00e46b3, 56.89, 0, 19846
2026/09/09 15:15:05.042, 0, GPU-35ec6990-2b13-fbe4-44c2-103ee00e46b3, 56.83, 0, 19846
2026/09/09 15:15:05.142, 0, GPU-35ec6990-2b13-fbe4-44c2-103ee00e46b3, 56.89, 0, 19846
2026/09/09 15:15:05.242, 0, GPU-35ec6990-2b13-fbe4-44c2-103ee00e46b3, 56.89, 0, 19846
2026/09/09 15:15:05.342, 0, GPU-35ec6990-2b13-fbe4-44c2-103ee00e46b3, 56.89, 0, 19846
2026/09/09 15:15:05.442, 0, GPU-35ec6990-2b13-fbe4-44c2-103ee00e46b3, 56.89, 0, 19846
2026/09/09 15:15:05.543, 0, GPU-35ec6990-2b13-fbe4-44c2-103ee00e46b3, 56.89, 0, 19846
2026/09/09 15:15:05.643, 0, GPU-35ec6990-2b13-fbe4-44c2-103ee00e46b3, 56.89, 0, 19846
2026/09/09 15:15:05.743, 0, GPU-35ec6990-2b13-fbe4-44c2-103ee00e46b3, 56.89, 0, 19846
2026/09/09 15:15:05.843, 0, GPU-35ec6990-2b13-fbe4-44c2-103ee00e46b3, 56.89, 0, 19846
2026/09/09 15:15:05.943, 0, GPU-35ec6990-2b13-fbe4-44c2-103ee00e46b3, 56.83, 0, 19846
2026/09/09 15:15:06.044, 0, GPU-35ec6990-2b13-fbe4-44c2-103ee00e46b3, 56.83, 0, 19846
2026/09/09 15:15:06.144, 0, GPU-35ec6990-2b13-fbe4-44c2-103ee00e46b3, 56.89, 0, 19846
2026/09/09 15:15:06.244, 0, GPU-35ec6990-2b13-fbe4-44c2-103ee00e46b3, 56.95, 0, 19846
2026/09/09 15:15:06.344, 0, GPU-35ec6990-2b13-fbe4-44c2-103ee00e46b3, 56.89, 0, 19846
2026/09/09 15:15:06.444, 0, GPU-35ec6990-2b13-fbe4-44c2-103ee00e46b3, 56.89, 0, 19846
2026/09/09 15:15:06.544, 0, GPU-35ec6990-2b13-fbe4-44c2-103ee00e46b3, 56.83, 0, 19846
2026/09/09 15:15:06.645, 0, GPU-35ec6990-2b13-fbe4-44c2-103ee00e46b3, 56.89, 0, 19846
2026/09/09 15:15:06.745, 0, GPU-35ec6990-2b13-fbe4-44c2-103ee00e46b3, 56.89, 0, 19846
2026/09/09 15:15:06.845, 0, GPU-35ec6990-2b13-fbe4-44c2-103ee00e46b3, 56.89, 0, 19846
2026/09/09 15:15:06.945, 0, GPU-35ec6990-2b13-fbe4-44c2-103ee00e46b3, 56.89, 0, 19846
2026/09/09 15:15:07.046, 0, GPU-35ec6990-2b13-fbe4-44c2-103ee00e46b3, 56.89, 0, 19846
2026/09/09 15:15:07.146, 0, GPU-35ec6990-2b13-fbe4-44c2-103ee00e46b3, 56.89, 0, 19846
2026/09/09 15:15:07.246, 0, GPU-35ec6990-2b13-fbe4-44c2-103ee00e46b3, 56.89, 0, 19846
2026/09/09 15:15:07.346, 0, GPU-35ec6990-2b13-fbe4-44c2-103ee00e46b3, 56.89, 0, 19846
2026/09/09 15:15:07.446, 0, GPU-35ec6990-2b13-fbe4-44c2-103ee00e46b3, 56.89, 0, 19846
2026/09/09 15:15:07.547, 0, GPU-35ec6990-2b13-fbe4-44c2-103ee00e46b3, 56.89, 0, 19846
2026/09/09 15:15:07.647, 0, GPU-35ec6990-2b13-fbe4-44c2-103ee00e46b3, 56.89, 0, 19846
2026/09/09 15:15:07.747, 0, GPU-35ec6990-2b13-fbe4-44c2-103ee00e46b3, 56.95, 0, 19846
2026/09/09 15:15:07.847, 0, GPU-35ec6990-2b13-fbe4-44c2-103ee00e46b3, 56.95, 0, 19846
2026/09/09 15:15:07.947, 0, GPU-35ec6990-2b13-fbe4-44c2-103ee00e46b3, 56.89, 0, 19846
2026/09/09 15:15:08.047, 0, GPU-35ec6990-2b13-fbe4-44c2-103ee00e46b3, 56.89, 0, 19846
2026/09/09 15:15:08.148, 0, GPU-35ec6990-2b13-fbe4-44c2-103ee00e46b3, 56.95, 0, 19846
2026/09/09 15:15:08.248, 0, GPU-35ec6990-2b13-fbe4-44c2-103ee00e46b3, 56.95, 0, 19846
2026/09/09 15:15:08.348, 0, GPU-35ec6990-2b13-fbe4-44c2-103ee00e46b3, 56.95, 0, 19846
2026/09/09 15:15:08.448, 0, GPU-35ec6990-2b13-fbe4-44c2-103ee00e46b3, 56.95, 0, 19846
2026/09/09 15:15:08.548, 0, GPU-35ec6990-2b13-fbe4-44c2-103ee00e46b3, 56.95, 0, 19846
2026/09/09 15:15:08.649, 0, GPU-35ec6990-2b13-fbe4-44c2-103ee00e46b3, 56.95, 0, 19846
2026/09/09 15:15:08.749, 0, GPU-35ec6990-2b13-fbe4-44c2-103ee00e46b3, 56.89, 0, 19846
2026/09/09 15:15:08.849, 0, GPU-35ec6990-2b13-fbe4-44c2-103ee00e46b3, 56.89, 0, 19846
2026/09/09 15:15:08.949, 0, GPU-35ec6990-2b13-fbe4-44c2-103ee00e46b3, 56.89, 0, 19846
2026/09/09 15:15:09.049, 0, GPU-35ec6990-2b13-fbe4-44c2-103ee00e46b3, 56.89, 0, 19846
2026/09/09 15:15:09.150, 0, GPU-35ec6990-2b13-fbe4-44c2-103ee00e46b3, 56.89, 0, 19846
2026/09/09 15:15:09.250, 0, GPU-35ec6990-2b13-fbe4-44c2-103ee00e46b3, 56.89, 0, 19846
2026/09/09 15:15:09.350, 0, GPU-35ec6990-2b13-fbe4-44c2-103ee00e46b3, 56.89, 0, 19846
2026/09/09 15:15:09.450, 0, GPU-35ec6990-2b13-fbe4-44c2-103ee00e46b3, 56.89, 0, 19846
2026/09/09 15:15:09.550, 0, GPU-35ec6990-2b13-fbe4-44c2-103ee00e46b3, 56.89, 0, 19846
2026/09/09 15:15:09.651, 0, GPU-35ec6990-2b13-fbe4-44c2-103ee00e46b3, 56.89, 0, 19846
2026/09/09 15:15:09.751, 0, GPU-35ec6990-2b13-fbe4-44c2-103ee00e46b3, 56.95, 0, 19846
2026/09/09 15:15:09.851, 0, GPU-35ec6990-2b13-fbe4-44c2-103ee00e46b3, 57.01, 0, 19846
2026/09/09 15:15:09.951, 0, GPU-35ec6990-2b13-fbe4-44c2-103ee00e46b3, 57.01, 0, 19846
2026/09/09 15:15:10.051, 0, GPU-35ec6990-2b13-fbe4-44c2-103ee00e46b3, 56.89, 0, 19846
2026/09/09 15:15:10.152, 0, GPU-35ec6990-2b13-fbe4-44c2-103ee00e46b3, 56.89, 0, 19846
2026/09/09 15:15:10.252, 0, GPU-35ec6990-2b13-fbe4-44c2-103ee00e46b3, 56.89, 0, 19846
2026/09/09 15:15:10.352, 0, GPU-35ec6990-2b13-fbe4-44c2-103ee00e46b3, 56.89, 0, 19846
2026/09/09 15:15:10.452, 0, GPU-35ec6990-2b13-fbe4-44c2-103ee00e46b3, 56.89, 0, 19846
2026/09/09 15:15:10.552, 0, GPU-35ec6990-2b13-fbe4-44c2-103ee00e46b3, 56.89, 0, 19846
2026/09/09 15:15:10.653, 0, GPU-35ec6990-2b13-fbe4-44c2-103ee00e46b3, 56.89, 0, 19846
2026/09/09 15:15:10.753, 0, GPU-35ec6990-2b13-fbe4-44c2-103ee00e46b3, 56.89, 0, 19846
2026/09/09 15:15:10.853, 0, GPU-35ec6990-2b13-fbe4-44c2-103ee00e46b3, 56.95, 0, 19846
2026/09/09 15:15:10.953, 0, GPU-35ec6990-2b13-fbe4-44c2-103ee00e46b3, 56.89, 0, 19846
2026/09/09 15:15:11.053, 0, GPU-35ec6990-2b13-fbe4-44c2-103ee00e46b3, 56.89, 0, 19846
2026/09/09 15:15:11.153, 0, GPU-35ec6990-2b13-fbe4-44c2-103ee00e46b3, 56.89, 0, 19846
2026/09/09 15:15:11.254, 0, GPU-35ec6990-2b13-fbe4-44c2-103ee00e46b3, 56.89, 0, 19846
2026/09/09 15:15:11.354, 0, GPU-35ec6990-2b13-fbe4-44c2-103ee00e46b3, 57.28, 0, 19846
2026/09/09 15:15:11.454, 0, GPU-35ec6990-2b13-fbe4-44c2-103ee00e46b3, 57.28, 0, 19846
2026/09/09 15:15:11.554, 0, GPU-35ec6990-2b13-fbe4-44c2-103ee00e46b3, 56.89, 0, 19846
2026/09/09 15:15:11.654, 0, GPU-35ec6990-2b13-fbe4-44c2-103ee00e46b3, 56.89, 0, 19846
2026/09/09 15:15:11.755, 0, GPU-35ec6990-2b13-fbe4-44c2-103ee00e46b3, 56.95, 0, 19846
2026/09/09 15:15:11.855, 0, GPU-35ec6990-2b13-fbe4-44c2-103ee00e46b3, 56.95, 0, 19846
2026/09/09 15:15:11.955, 0, GPU-35ec6990-2b13-fbe4-44c2-103ee00e46b3, 56.95, 0, 19846
2026/09/09 15:15:12.055, 0, GPU-35ec6990-2b13-fbe4-44c2-103ee00e46b3, 56.95, 0, 19846
2026/09/09 15:15:12.155, 0, GPU-35ec6990-2b13-fbe4-44c2-103ee00e46b3, 56.89, 0, 19846
2026/09/09 15:15:12.256, 0, GPU-35ec6990-2b13-fbe4-44c2-103ee00e46b3, 56.89, 0, 19846
2026/09/09 15:15:12.356, 0, GPU-35ec6990-2b13-fbe4-44c2-103ee00e46b3, 56.95, 0, 19846
2026/09/09 15:15:12.456, 0, GPU-35ec6990-2b13-fbe4-44c2-103ee00e46b3, 56.95, 0, 19846
2026/09/09 15:15:12.556, 0, GPU-35ec6990-2b13-fbe4-44c2-103ee00e46b3, 56.95, 0, 19846
2026/09/09 15:15:12.656, 0, GPU-35ec6990-2b13-fbe4-44c2-103ee00e46b3, 56.95, 0, 19846
2026/09/09 15:15:12.758, 0, GPU-35ec6990-2b13-fbe4-44c2-103ee00e46b3, 56.89, 0, 19846
2026/09/09 15:15:12.858, 0, GPU-35ec6990-2b13-fbe4-44c2-103ee00e46b3, 56.67, 0, 19846
2026/09/09 15:15:12.958, 0, GPU-35ec6990-2b13-fbe4-44c2-103ee00e46b3, 56.89, 0, 19846
2026/09/09 15:15:13.058, 0, GPU-35ec6990-2b13-fbe4-44c2-103ee00e46b3, 56.89, 0, 19846
2026/09/09 15:15:13.159, 0, GPU-35ec6990-2b13-fbe4-44c2-103ee00e46b3, 56.95, 0, 19846
2026/09/09 15:15:13.259, 0, GPU-35ec6990-2b13-fbe4-44c2-103ee00e46b3, 56.89, 0, 19950
2026/09/09 15:15:13.359, 0, GPU-35ec6990-2b13-fbe4-44c2-103ee00e46b3, 57.56, 4, 20530
2026/09/09 15:15:13.459, 0, GPU-35ec6990-2b13-fbe4-44c2-103ee00e46b3, 57.83, 4, 21154
2026/09/09 15:15:13.559, 0, GPU-35ec6990-2b13-fbe4-44c2-103ee00e46b3, 57.83, 25, 21760
2026/09/09 15:15:13.660, 0, GPU-35ec6990-2b13-fbe4-44c2-103ee00e46b3, 57.88, 25, 22364
2026/09/09 15:15:13.760, 0, GPU-35ec6990-2b13-fbe4-44c2-103ee00e46b3, 57.88, 24, 22472
2026/09/09 15:15:13.860, 0, GPU-35ec6990-2b13-fbe4-44c2-103ee00e46b3, 56.95, 24, 22548
2026/09/09 15:15:13.960, 0, GPU-35ec6990-2b13-fbe4-44c2-103ee00e46b3, 56.95, 8, 22568
2026/09/09 15:15:14.060, 0, GPU-35ec6990-2b13-fbe4-44c2-103ee00e46b3, 56.95, 8, 22626
2026/09/09 15:15:14.160, 0, GPU-35ec6990-2b13-fbe4-44c2-103ee00e46b3, 56.89, 1, 22696
2026/09/09 15:15:14.261, 0, GPU-35ec6990-2b13-fbe4-44c2-103ee00e46b3, 94.27, 1, 22696
2026/09/09 15:15:14.361, 0, GPU-35ec6990-2b13-fbe4-44c2-103ee00e46b3, 57.88, 25, 22702
2026/09/09 15:15:14.461, 0, GPU-35ec6990-2b13-fbe4-44c2-103ee00e46b3, 56.95, 25, 22798
2026/09/09 15:15:14.561, 0, GPU-35ec6990-2b13-fbe4-44c2-103ee00e46b3, 57.01, 25, 22798
2026/09/09 15:15:14.661, 0, GPU-35ec6990-2b13-fbe4-44c2-103ee00e46b3, 56.95, 1, 22886
2026/09/09 15:15:14.761, 0, GPU-35ec6990-2b13-fbe4-44c2-103ee00e46b3, 59.10, 1, 29914
2026/09/09 15:15:14.862, 0, GPU-35ec6990-2b13-fbe4-44c2-103ee00e46b3, 205.64, 0, 29914
2026/09/09 15:15:14.962, 0, GPU-35ec6990-2b13-fbe4-44c2-103ee00e46b3, 302.38, 78, 29914
2026/09/09 15:15:15.062, 0, GPU-35ec6990-2b13-fbe4-44c2-103ee00e46b3, 360.82, 78, 29914
2026/09/09 15:15:15.162, 0, GPU-35ec6990-2b13-fbe4-44c2-103ee00e46b3, 360.82, 78, 29914
2026/09/09 15:15:15.262, 0, GPU-35ec6990-2b13-fbe4-44c2-103ee00e46b3, 388.08, 100, 29914
2026/09/09 15:15:15.362, 0, GPU-35ec6990-2b13-fbe4-44c2-103ee00e46b3, 388.68, 100, 29914
2026/09/09 15:15:15.463, 0, GPU-35ec6990-2b13-fbe4-44c2-103ee00e46b3, 363.99, 100, 29914
2026/09/09 15:15:15.563, 0, GPU-35ec6990-2b13-fbe4-44c2-103ee00e46b3, 380.61, 100, 29914
2026/09/09 15:15:15.663, 0, GPU-35ec6990-2b13-fbe4-44c2-103ee00e46b3, 380.61, 100, 29914
2026/09/09 15:15:15.763, 0, GPU-35ec6990-2b13-fbe4-44c2-103ee00e46b3, 381.49, 100, 29914
2026/09/09 15:15:15.863, 0, GPU-35ec6990-2b13-fbe4-44c2-103ee00e46b3, 381.49, 100, 29914
2026/09/09 15:15:15.963, 0, GPU-35ec6990-2b13-fbe4-44c2-103ee00e46b3, 375.05, 100, 29914
2026/09/09 15:15:16.064, 0, GPU-35ec6990-2b13-fbe4-44c2-103ee00e46b3, 374.44, 100, 29914
2026/09/09 15:15:16.164, 0, GPU-35ec6990-2b13-fbe4-44c2-103ee00e46b3, 387.33, 100, 29914
2026/09/09 15:15:16.264, 0, GPU-35ec6990-2b13-fbe4-44c2-103ee00e46b3, 367.12, 100, 29914
2026/09/09 15:15:16.364, 0, GPU-35ec6990-2b13-fbe4-44c2-103ee00e46b3, 363.42, 100, 29914
2026/09/09 15:15:16.464, 0, GPU-35ec6990-2b13-fbe4-44c2-103ee00e46b3, 386.40, 99, 29914
2026/09/09 15:15:16.564, 0, GPU-35ec6990-2b13-fbe4-44c2-103ee00e46b3, 386.40, 100, 29914
2026/09/09 15:15:16.665, 0, GPU-35ec6990-2b13-fbe4-44c2-103ee00e46b3, 371.08, 100, 29914
2026/09/09 15:15:16.765, 0, GPU-35ec6990-2b13-fbe4-44c2-103ee00e46b3, 391.35, 100, 29914
2026/09/09 15:15:16.865, 0, GPU-35ec6990-2b13-fbe4-44c2-103ee00e46b3, 380.28, 100, 29914
2026/09/09 15:15:16.965, 0, GPU-35ec6990-2b13-fbe4-44c2-103ee00e46b3, 372.02, 100, 29914
2026/09/09 15:15:17.065, 0, GPU-35ec6990-2b13-fbe4-44c2-103ee00e46b3, 392.84, 100, 29914
2026/09/09 15:15:17.165, 0, GPU-35ec6990-2b13-fbe4-44c2-103ee00e46b3, 374.77, 100, 29914
2026/09/09 15:15:17.266, 0, GPU-35ec6990-2b13-fbe4-44c2-103ee00e46b3, 378.46, 100, 29914
2026/09/09 15:15:17.366, 0, GPU-35ec6990-2b13-fbe4-44c2-103ee00e46b3, 369.54, 100, 29914
2026/09/09 15:15:17.466, 0, GPU-35ec6990-2b13-fbe4-44c2-103ee00e46b3, 369.54, 100, 29914
2026/09/09 15:15:17.566, 0, GPU-35ec6990-2b13-fbe4-44c2-103ee00e46b3, 400.55, 100, 29914
2026/09/09 15:15:17.666, 0, GPU-35ec6990-2b13-fbe4-44c2-103ee00e46b3, 400.55, 100, 29914
2026/09/09 15:15:17.766, 0, GPU-35ec6990-2b13-fbe4-44c2-103ee00e46b3, 397.14, 100, 29914
2026/09/09 15:15:17.867, 0, GPU-35ec6990-2b13-fbe4-44c2-103ee00e46b3, 397.14, 100, 29914
2026/09/09 15:15:17.967, 0, GPU-35ec6990-2b13-fbe4-44c2-103ee00e46b3, 364.97, 99, 29914
2026/09/09 15:15:18.067, 0, GPU-35ec6990-2b13-fbe4-44c2-103ee00e46b3, 386.12, 99, 29914
2026/09/09 15:15:18.167, 0, GPU-35ec6990-2b13-fbe4-44c2-103ee00e46b3, 375.05, 100, 29914
2026/09/09 15:15:18.267, 0, GPU-35ec6990-2b13-fbe4-44c2-103ee00e46b3, 386.40, 100, 29914
2026/09/09 15:15:18.367, 0, GPU-35ec6990-2b13-fbe4-44c2-103ee00e46b3, 392.23, 100, 29914
2026/09/09 15:15:18.468, 0, GPU-35ec6990-2b13-fbe4-44c2-103ee00e46b3, 377.20, 100, 29914
2026/09/09 15:15:18.568, 0, GPU-35ec6990-2b13-fbe4-44c2-103ee00e46b3, 391.02, 100, 29914
2026/09/09 15:15:18.668, 0, GPU-35ec6990-2b13-fbe4-44c2-103ee00e46b3, 401.76, 100, 29914
2026/09/09 15:15:18.768, 0, GPU-35ec6990-2b13-fbe4-44c2-103ee00e46b3, 378.74, 100, 29914
2026/09/09 15:15:18.868, 0, GPU-35ec6990-2b13-fbe4-44c2-103ee00e46b3, 398.07, 100, 29914
2026/09/09 15:15:18.968, 0, GPU-35ec6990-2b13-fbe4-44c2-103ee00e46b3, 380.61, 100, 29914
2026/09/09 15:15:19.068, 0, GPU-35ec6990-2b13-fbe4-44c2-103ee00e46b3, 368.00, 100, 29914
2026/09/09 15:15:19.169, 0, GPU-35ec6990-2b13-fbe4-44c2-103ee00e46b3, 390.42, 100, 29914
2026/09/09 15:15:19.269, 0, GPU-35ec6990-2b13-fbe4-44c2-103ee00e46b3, 397.80, 100, 29914
2026/09/09 15:15:19.369, 0, GPU-35ec6990-2b13-fbe4-44c2-103ee00e46b3, 397.80, 100, 29914
2026/09/09 15:15:19.469, 0, GPU-35ec6990-2b13-fbe4-44c2-103ee00e46b3, 376.59, 100, 29914
2026/09/09 15:15:19.569, 0, GPU-35ec6990-2b13-fbe4-44c2-103ee00e46b3, 400.22, 99, 29914
2026/09/09 15:15:19.669, 0, GPU-35ec6990-2b13-fbe4-44c2-103ee00e46b3, 375.05, 99, 29914
2026/09/09 15:15:19.770, 0, GPU-35ec6990-2b13-fbe4-44c2-103ee00e46b3, 393.50, 100, 29914
2026/09/09 15:15:19.870, 0, GPU-35ec6990-2b13-fbe4-44c2-103ee00e46b3, 393.50, 100, 29914
2026/09/09 15:15:19.970, 0, GPU-35ec6990-2b13-fbe4-44c2-103ee00e46b3, 387.33, 100, 29914
2026/09/09 15:15:20.070, 0, GPU-35ec6990-2b13-fbe4-44c2-103ee00e46b3, 391.96, 100, 29914
2026/09/09 15:15:20.170, 0, GPU-35ec6990-2b13-fbe4-44c2-103ee00e46b3, 391.96, 100, 29914
2026/09/09 15:15:20.270, 0, GPU-35ec6990-2b13-fbe4-44c2-103ee00e46b3, 389.20, 100, 29914
2026/09/09 15:15:20.371, 0, GPU-35ec6990-2b13-fbe4-44c2-103ee00e46b3, 401.76, 100, 29914
2026/09/09 15:15:20.471, 0, GPU-35ec6990-2b13-fbe4-44c2-103ee00e46b3, 373.57, 100, 29914
2026/09/09 15:15:20.571, 0, GPU-35ec6990-2b13-fbe4-44c2-103ee00e46b3, 399.28, 100, 29914
2026/09/09 15:15:20.671, 0, GPU-35ec6990-2b13-fbe4-44c2-103ee00e46b3, 377.20, 100, 29914
2026/09/09 15:15:20.771, 0, GPU-35ec6990-2b13-fbe4-44c2-103ee00e46b3, 368.33, 100, 29914
2026/09/09 15:15:20.871, 0, GPU-35ec6990-2b13-fbe4-44c2-103ee00e46b3, 388.54, 100, 29914
2026/09/09 15:15:20.972, 0, GPU-35ec6990-2b13-fbe4-44c2-103ee00e46b3, 392.23, 100, 29914
2026/09/09 15:15:21.072, 0, GPU-35ec6990-2b13-fbe4-44c2-103ee00e46b3, 386.40, 100, 29914
2026/09/09 15:15:21.172, 0, GPU-35ec6990-2b13-fbe4-44c2-103ee00e46b3, 395.32, 99, 29914
2026/09/09 15:15:21.272, 0, GPU-35ec6990-2b13-fbe4-44c2-103ee00e46b3, 371.08, 99, 29914
2026/09/09 15:15:21.372, 0, GPU-35ec6990-2b13-fbe4-44c2-103ee00e46b3, 371.08, 99, 29914
2026/09/09 15:15:21.472, 0, GPU-35ec6990-2b13-fbe4-44c2-103ee00e46b3, 402.98, 100, 29914
2026/09/09 15:15:21.573, 0, GPU-35ec6990-2b13-fbe4-44c2-103ee00e46b3, 402.98, 100, 29914
2026/09/09 15:15:21.673, 0, GPU-35ec6990-2b13-fbe4-44c2-103ee00e46b3, 381.83, 100, 29914
2026/09/09 15:15:21.773, 0, GPU-35ec6990-2b13-fbe4-44c2-103ee00e46b3, 393.17, 100, 29914
2026/09/09 15:15:21.873, 0, GPU-35ec6990-2b13-fbe4-44c2-103ee00e46b3, 390.69, 100, 29914
2026/09/09 15:15:21.973, 0, GPU-35ec6990-2b13-fbe4-44c2-103ee00e46b3, 370.15, 100, 29914
2026/09/09 15:15:22.074, 0, GPU-35ec6990-2b13-fbe4-44c2-103ee00e46b3, 393.17, 100, 29914
2026/09/09 15:15:22.174, 0, GPU-35ec6990-2b13-fbe4-44c2-103ee00e46b3, 410.02, 100, 29914
2026/09/09 15:15:22.274, 0, GPU-35ec6990-2b13-fbe4-44c2-103ee00e46b3, 380.61, 100, 29914
2026/09/09 15:15:22.374, 0, GPU-35ec6990-2b13-fbe4-44c2-103ee00e46b3, 375.38, 100, 29914
2026/09/09 15:15:22.474, 0, GPU-35ec6990-2b13-fbe4-44c2-103ee00e46b3, 375.38, 100, 29914
2026/09/09 15:15:22.574, 0, GPU-35ec6990-2b13-fbe4-44c2-103ee00e46b3, 390.09, 99, 29914
2026/09/09 15:15:22.675, 0, GPU-35ec6990-2b13-fbe4-44c2-103ee00e46b3, 390.09, 99, 29914
2026/09/09 15:15:22.775, 0, GPU-35ec6990-2b13-fbe4-44c2-103ee00e46b3, 392.23, 100, 29914
2026/09/09 15:15:22.875, 0, GPU-35ec6990-2b13-fbe4-44c2-103ee00e46b3, 391.02, 100, 29914
2026/09/09 15:15:22.975, 0, GPU-35ec6990-2b13-fbe4-44c2-103ee00e46b3, 371.08, 100, 29914
2026/09/09 15:15:23.075, 0, GPU-35ec6990-2b13-fbe4-44c2-103ee00e46b3, 392.23, 100, 29914
2026/09/09 15:15:23.175, 0, GPU-35ec6990-2b13-fbe4-44c2-103ee00e46b3, 406.33, 100, 29914
2026/09/09 15:15:23.276, 0, GPU-35ec6990-2b13-fbe4-44c2-103ee00e46b3, 375.05, 100, 29914
2026/09/09 15:15:23.376, 0, GPU-35ec6990-2b13-fbe4-44c2-103ee00e46b3, 403.30, 100, 29914
2026/09/09 15:15:23.476, 0, GPU-35ec6990-2b13-fbe4-44c2-103ee00e46b3, 403.30, 100, 29914
2026/09/09 15:15:23.576, 0, GPU-35ec6990-2b13-fbe4-44c2-103ee00e46b3, 371.08, 100, 29914
2026/09/09 15:15:23.676, 0, GPU-35ec6990-2b13-fbe4-44c2-103ee00e46b3, 371.08, 100, 29914
2026/09/09 15:15:23.776, 0, GPU-35ec6990-2b13-fbe4-44c2-103ee00e46b3, 390.69, 100, 29914
2026/09/09 15:15:23.877, 0, GPU-35ec6990-2b13-fbe4-44c2-103ee00e46b3, 390.69, 100, 29914
2026/09/09 15:15:23.977, 0, GPU-35ec6990-2b13-fbe4-44c2-103ee00e46b3, 376.59, 100, 29914
2026/09/09 15:15:24.077, 0, GPU-35ec6990-2b13-fbe4-44c2-103ee00e46b3, 399.61, 100, 29914
2026/09/09 15:15:24.177, 0, GPU-35ec6990-2b13-fbe4-44c2-103ee00e46b3, 354.51, 100, 29914
2026/09/09 15:15:24.277, 0, GPU-35ec6990-2b13-fbe4-44c2-103ee00e46b3, 392.23, 99, 29914
2026/09/09 15:15:24.377, 0, GPU-35ec6990-2b13-fbe4-44c2-103ee00e46b3, 404.52, 99, 29914
2026/09/09 15:15:24.478, 0, GPU-35ec6990-2b13-fbe4-44c2-103ee00e46b3, 379.35, 100, 29914
2026/09/09 15:15:24.578, 0, GPU-35ec6990-2b13-fbe4-44c2-103ee00e46b3, 392.84, 100, 29914
2026/09/09 15:15:24.678, 0, GPU-35ec6990-2b13-fbe4-44c2-103ee00e46b3, 380.89, 100, 29914
2026/09/09 15:15:24.778, 0, GPU-35ec6990-2b13-fbe4-44c2-103ee00e46b3, 378.74, 100, 29914
2026/09/09 15:15:24.878, 0, GPU-35ec6990-2b13-fbe4-44c2-103ee00e46b3, 399.61, 100, 29914
2026/09/09 15:15:24.978, 0, GPU-35ec6990-2b13-fbe4-44c2-103ee00e46b3, 386.73, 100, 29914
2026/09/09 15:15:25.079, 0, GPU-35ec6990-2b13-fbe4-44c2-103ee00e46b3, 377.20, 100, 29914
2026/09/09 15:15:25.179, 0, GPU-35ec6990-2b13-fbe4-44c2-103ee00e46b3, 404.52, 100, 29914
2026/09/09 15:15:25.279, 0, GPU-35ec6990-2b13-fbe4-44c2-103ee00e46b3, 377.20, 100, 29914
2026/09/09 15:15:25.379, 0, GPU-35ec6990-2b13-fbe4-44c2-103ee00e46b3, 375.71, 100, 29914
2026/09/09 15:15:25.479, 0, GPU-35ec6990-2b13-fbe4-44c2-103ee00e46b3, 397.14, 100, 29914
2026/09/09 15:15:25.580, 0, GPU-35ec6990-2b13-fbe4-44c2-103ee00e46b3, 384.58, 100, 29914
2026/09/09 15:15:25.680, 0, GPU-35ec6990-2b13-fbe4-44c2-103ee00e46b3, 387.05, 100, 29914
2026/09/09 15:15:25.780, 0, GPU-35ec6990-2b13-fbe4-44c2-103ee00e46b3, 378.13, 99, 29914
2026/09/09 15:15:25.880, 0, GPU-35ec6990-2b13-fbe4-44c2-103ee00e46b3, 403.30, 99, 29914
2026/09/09 15:15:25.980, 0, GPU-35ec6990-2b13-fbe4-44c2-103ee00e46b3, 383.91, 100, 29914
2026/09/09 15:15:26.080, 0, GPU-35ec6990-2b13-fbe4-44c2-103ee00e46b3, 383.91, 100, 29914
2026/09/09 15:15:26.181, 0, GPU-35ec6990-2b13-fbe4-44c2-103ee00e46b3, 405.73, 100, 29914
2026/09/09 15:15:26.281, 0, GPU-35ec6990-2b13-fbe4-44c2-103ee00e46b3, 405.73, 100, 29914
2026/09/09 15:15:26.381, 0, GPU-35ec6990-2b13-fbe4-44c2-103ee00e46b3, 375.98, 100, 29914
2026/09/09 15:15:26.481, 0, GPU-35ec6990-2b13-fbe4-44c2-103ee00e46b3, 391.96, 100, 29914
2026/09/09 15:15:26.581, 0, GPU-35ec6990-2b13-fbe4-44c2-103ee00e46b3, 384.58, 100, 29914
2026/09/09 15:15:26.681, 0, GPU-35ec6990-2b13-fbe4-44c2-103ee00e46b3, 394.10, 100, 29914
2026/09/09 15:15:26.782, 0, GPU-35ec6990-2b13-fbe4-44c2-103ee00e46b3, 394.10, 100, 29914
2026/09/09 15:15:26.882, 0, GPU-35ec6990-2b13-fbe4-44c2-103ee00e46b3, 370.15, 100, 29914
2026/09/09 15:15:26.982, 0, GPU-35ec6990-2b13-fbe4-44c2-103ee00e46b3, 390.42, 100, 29914
2026/09/09 15:15:27.082, 0, GPU-35ec6990-2b13-fbe4-44c2-103ee00e46b3, 390.42, 100, 29914
2026/09/09 15:15:27.182, 0, GPU-35ec6990-2b13-fbe4-44c2-103ee00e46b3, 380.61, 100, 29914
2026/09/09 15:15:27.282, 0, GPU-35ec6990-2b13-fbe4-44c2-103ee00e46b3, 380.61, 99, 29914
2026/09/09 15:15:27.383, 0, GPU-35ec6990-2b13-fbe4-44c2-103ee00e46b3, 407.00, 99, 29914
2026/09/09 15:15:27.483, 0, GPU-35ec6990-2b13-fbe4-44c2-103ee00e46b3, 375.71, 100, 29914
2026/09/09 15:15:27.583, 0, GPU-35ec6990-2b13-fbe4-44c2-103ee00e46b3, 381.22, 100, 29914
2026/09/09 15:15:27.683, 0, GPU-35ec6990-2b13-fbe4-44c2-103ee00e46b3, 394.71, 100, 29914
2026/09/09 15:15:27.783, 0, GPU-35ec6990-2b13-fbe4-44c2-103ee00e46b3, 382.76, 100, 29914
2026/09/09 15:15:27.883, 0, GPU-35ec6990-2b13-fbe4-44c2-103ee00e46b3, 399.28, 100, 29914
2026/09/09 15:15:27.984, 0, GPU-35ec6990-2b13-fbe4-44c2-103ee00e46b3, 391.96, 100, 29914
2026/09/09 15:15:28.084, 0, GPU-35ec6990-2b13-fbe4-44c2-103ee00e46b3, 368.00, 100, 29914
2026/09/09 15:15:28.184, 0, GPU-35ec6990-2b13-fbe4-44c2-103ee00e46b3, 394.71, 100, 29914
2026/09/09 15:15:28.284, 0, GPU-35ec6990-2b13-fbe4-44c2-103ee00e46b3, 405.45, 100, 29914
2026/09/09 15:15:28.384, 0, GPU-35ec6990-2b13-fbe4-44c2-103ee00e46b3, 379.35, 100, 29914
2026/09/09 15:15:28.484, 0, GPU-35ec6990-2b13-fbe4-44c2-103ee00e46b3, 391.35, 100, 29914
2026/09/09 15:15:28.585, 0, GPU-35ec6990-2b13-fbe4-44c2-103ee00e46b3, 368.33, 100, 29914
2026/09/09 15:15:28.685, 0, GPU-35ec6990-2b13-fbe4-44c2-103ee00e46b3, 372.63, 100, 29914
2026/09/09 15:15:28.785, 0, GPU-35ec6990-2b13-fbe4-44c2-103ee00e46b3, 354.83, 100, 29914
2026/09/09 15:15:28.885, 0, GPU-35ec6990-2b13-fbe4-44c2-103ee00e46b3, 394.71, 99, 29914
2026/09/09 15:15:28.985, 0, GPU-35ec6990-2b13-fbe4-44c2-103ee00e46b3, 397.14, 100, 29914
2026/09/09 15:15:29.085, 0, GPU-35ec6990-2b13-fbe4-44c2-103ee00e46b3, 397.14, 100, 29914
2026/09/09 15:15:29.186, 0, GPU-35ec6990-2b13-fbe4-44c2-103ee00e46b3, 397.14, 100, 29914
2026/09/09 15:15:29.286, 0, GPU-35ec6990-2b13-fbe4-44c2-103ee00e46b3, 395.93, 100, 29914
2026/09/09 15:15:29.386, 0, GPU-35ec6990-2b13-fbe4-44c2-103ee00e46b3, 395.93, 100, 29914
2026/09/09 15:15:29.486, 0, GPU-35ec6990-2b13-fbe4-44c2-103ee00e46b3, 377.20, 100, 29914
2026/09/09 15:15:29.586, 0, GPU-35ec6990-2b13-fbe4-44c2-103ee00e46b3, 368.93, 100, 29914
2026/09/09 15:15:29.686, 0, GPU-35ec6990-2b13-fbe4-44c2-103ee00e46b3, 368.93, 100, 29914
2026/09/09 15:15:29.787, 0, GPU-35ec6990-2b13-fbe4-44c2-103ee00e46b3, 375.38, 100, 29914
2026/09/09 15:15:29.887, 0, GPU-35ec6990-2b13-fbe4-44c2-103ee00e46b3, 400.55, 100, 29914
2026/09/09 15:15:29.987, 0, GPU-35ec6990-2b13-fbe4-44c2-103ee00e46b3, 390.42, 100, 29914
2026/09/09 15:15:30.087, 0, GPU-35ec6990-2b13-fbe4-44c2-103ee00e46b3, 372.30, 100, 29914
2026/09/09 15:15:30.187, 0, GPU-35ec6990-2b13-fbe4-44c2-103ee00e46b3, 402.04, 100, 29914
2026/09/09 15:15:30.287, 0, GPU-35ec6990-2b13-fbe4-44c2-103ee00e46b3, 381.83, 100, 29914
2026/09/09 15:15:30.387, 0, GPU-35ec6990-2b13-fbe4-44c2-103ee00e46b3, 393.17, 100, 29914
2026/09/09 15:15:30.488, 0, GPU-35ec6990-2b13-fbe4-44c2-103ee00e46b3, 408.21, 99, 29914
2026/09/09 15:15:30.588, 0, GPU-35ec6990-2b13-fbe4-44c2-103ee00e46b3, 377.86, 99, 29914
2026/09/09 15:15:30.688, 0, GPU-35ec6990-2b13-fbe4-44c2-103ee00e46b3, 392.23, 100, 29914
2026/09/09 15:15:30.788, 0, GPU-35ec6990-2b13-fbe4-44c2-103ee00e46b3, 379.67, 100, 29914
2026/09/09 15:15:30.888, 0, GPU-35ec6990-2b13-fbe4-44c2-103ee00e46b3, 379.67, 100, 29914
2026/09/09 15:15:30.988, 0, GPU-35ec6990-2b13-fbe4-44c2-103ee00e46b3, 399.61, 100, 29914
2026/09/09 15:15:31.089, 0, GPU-35ec6990-2b13-fbe4-44c2-103ee00e46b3, 388.27, 100, 29914
2026/09/09 15:15:31.189, 0, GPU-35ec6990-2b13-fbe4-44c2-103ee00e46b3, 381.22, 100, 29914
2026/09/09 15:15:31.289, 0, GPU-35ec6990-2b13-fbe4-44c2-103ee00e46b3, 410.02, 100, 29914
2026/09/09 15:15:31.389, 0, GPU-35ec6990-2b13-fbe4-44c2-103ee00e46b3, 376.59, 100, 29914
2026/09/09 15:15:31.489, 0, GPU-35ec6990-2b13-fbe4-44c2-103ee00e46b3, 380.28, 100, 29914
2026/09/09 15:15:31.590, 0, GPU-35ec6990-2b13-fbe4-44c2-103ee00e46b3, 397.80, 100, 29914
2026/09/09 15:15:31.690, 0, GPU-35ec6990-2b13-fbe4-44c2-103ee00e46b3, 381.83, 100, 29914
2026/09/09 15:15:31.790, 0, GPU-35ec6990-2b13-fbe4-44c2-103ee00e46b3, 396.53, 99, 29914
2026/09/09 15:15:31.890, 0, GPU-35ec6990-2b13-fbe4-44c2-103ee00e46b3, 375.71, 99, 29914
2026/09/09 15:15:31.990, 0, GPU-35ec6990-2b13-fbe4-44c2-103ee00e46b3, 373.84, 99, 29914
2026/09/09 15:15:32.090, 0, GPU-35ec6990-2b13-fbe4-44c2-103ee00e46b3, 403.58, 99, 29914
2026/09/09 15:15:32.191, 0, GPU-35ec6990-2b13-fbe4-44c2-103ee00e46b3, 381.49, 100, 29914
2026/09/09 15:15:32.291, 0, GPU-35ec6990-2b13-fbe4-44c2-103ee00e46b3, 379.67, 100, 29914
2026/09/09 15:15:32.391, 0, GPU-35ec6990-2b13-fbe4-44c2-103ee00e46b3, 398.41, 100, 29914
2026/09/09 15:15:32.491, 0, GPU-35ec6990-2b13-fbe4-44c2-103ee00e46b3, 385.18, 100, 29914
2026/09/09 15:15:32.591, 0, GPU-35ec6990-2b13-fbe4-44c2-103ee00e46b3, 387.33, 100, 29914
2026/09/09 15:15:32.691, 0, GPU-35ec6990-2b13-fbe4-44c2-103ee00e46b3, 399.28, 100, 29914
2026/09/09 15:15:32.792, 0, GPU-35ec6990-2b13-fbe4-44c2-103ee00e46b3, 399.28, 100, 29914
2026/09/09 15:15:32.892, 0, GPU-35ec6990-2b13-fbe4-44c2-103ee00e46b3, 395.93, 100, 29914
2026/09/09 15:15:32.992, 0, GPU-35ec6990-2b13-fbe4-44c2-103ee00e46b3, 389.20, 100, 29914
2026/09/09 15:15:33.092, 0, GPU-35ec6990-2b13-fbe4-44c2-103ee00e46b3, 389.20, 100, 29914
2026/09/09 15:15:33.192, 0, GPU-35ec6990-2b13-fbe4-44c2-103ee00e46b3, 393.17, 100, 29914
2026/09/09 15:15:33.292, 0, GPU-35ec6990-2b13-fbe4-44c2-103ee00e46b3, 393.17, 100, 29914
2026/09/09 15:15:33.393, 0, GPU-35ec6990-2b13-fbe4-44c2-103ee00e46b3, 384.30, 100, 29914
2026/09/09 15:15:33.493, 0, GPU-35ec6990-2b13-fbe4-44c2-103ee00e46b3, 404.19, 99, 29914
2026/09/09 15:15:33.593, 0, GPU-35ec6990-2b13-fbe4-44c2-103ee00e46b3, 363.10, 99, 29914
2026/09/09 15:15:33.693, 0, GPU-35ec6990-2b13-fbe4-44c2-103ee00e46b3, 387.33, 100, 29914
2026/09/09 15:15:33.793, 0, GPU-35ec6990-2b13-fbe4-44c2-103ee00e46b3, 396.53, 100, 29914
2026/09/09 15:15:33.893, 0, GPU-35ec6990-2b13-fbe4-44c2-103ee00e46b3, 377.20, 100, 29914
2026/09/09 15:15:33.994, 0, GPU-35ec6990-2b13-fbe4-44c2-103ee00e46b3, 407.00, 100, 29914
2026/09/09 15:15:34.094, 0, GPU-35ec6990-2b13-fbe4-44c2-103ee00e46b3, 382.76, 100, 29914
2026/09/09 15:15:34.194, 0, GPU-35ec6990-2b13-fbe4-44c2-103ee00e46b3, 369.26, 100, 29914
2026/09/09 15:15:34.294, 0, GPU-35ec6990-2b13-fbe4-44c2-103ee00e46b3, 394.99, 100, 29914
2026/09/09 15:15:34.394, 0, GPU-35ec6990-2b13-fbe4-44c2-103ee00e46b3, 395.32, 100, 29914
2026/09/09 15:15:34.494, 0, GPU-35ec6990-2b13-fbe4-44c2-103ee00e46b3, 396.25, 100, 29914
2026/09/09 15:15:34.595, 0, GPU-35ec6990-2b13-fbe4-44c2-103ee00e46b3, 383.37, 100, 29914
2026/09/09 15:15:34.695, 0, GPU-35ec6990-2b13-fbe4-44c2-103ee00e46b3, 371.69, 100, 29914
2026/09/09 15:15:34.795, 0, GPU-35ec6990-2b13-fbe4-44c2-103ee00e46b3, 380.00, 100, 29914
2026/09/09 15:15:34.895, 0, GPU-35ec6990-2b13-fbe4-44c2-103ee00e46b3, 406.67, 100, 29914
2026/09/09 15:15:34.995, 0, GPU-35ec6990-2b13-fbe4-44c2-103ee00e46b3, 376.92, 100, 29914
2026/09/09 15:15:35.095, 0, GPU-35ec6990-2b13-fbe4-44c2-103ee00e46b3, 401.76, 100, 29914
2026/09/09 15:15:35.196, 0, GPU-35ec6990-2b13-fbe4-44c2-103ee00e46b3, 401.76, 99, 29914
2026/09/09 15:15:35.296, 0, GPU-35ec6990-2b13-fbe4-44c2-103ee00e46b3, 376.92, 99, 29914
2026/09/09 15:15:35.396, 0, GPU-35ec6990-2b13-fbe4-44c2-103ee00e46b3, 376.92, 100, 29914
2026/09/09 15:15:35.496, 0, GPU-35ec6990-2b13-fbe4-44c2-103ee00e46b3, 393.50, 100, 29914
2026/09/09 15:15:35.596, 0, GPU-35ec6990-2b13-fbe4-44c2-103ee00e46b3, 393.50, 100, 29914
2026/09/09 15:15:35.696, 0, GPU-35ec6990-2b13-fbe4-44c2-103ee00e46b3, 398.68, 100, 29914
2026/09/09 15:15:35.797, 0, GPU-35ec6990-2b13-fbe4-44c2-103ee00e46b3, 398.68, 100, 29914
2026/09/09 15:15:35.897, 0, GPU-35ec6990-2b13-fbe4-44c2-103ee00e46b3, 387.66, 100, 29914
2026/09/09 15:15:35.997, 0, GPU-35ec6990-2b13-fbe4-44c2-103ee00e46b3, 376.59, 100, 29914
2026/09/09 15:15:36.097, 0, GPU-35ec6990-2b13-fbe4-44c2-103ee00e46b3, 380.00, 100, 29914
2026/09/09 15:15:36.197, 0, GPU-35ec6990-2b13-fbe4-44c2-103ee00e46b3, 380.00, 100, 29914
2026/09/09 15:15:36.297, 0, GPU-35ec6990-2b13-fbe4-44c2-103ee00e46b3, 394.71, 100, 29914
2026/09/09 15:15:36.398, 0, GPU-35ec6990-2b13-fbe4-44c2-103ee00e46b3, 394.71, 100, 29914
2026/09/09 15:15:36.498, 0, GPU-35ec6990-2b13-fbe4-44c2-103ee00e46b3, 368.00, 100, 29914
2026/09/09 15:15:36.598, 0, GPU-35ec6990-2b13-fbe4-44c2-103ee00e46b3, 380.89, 100, 29914
2026/09/09 15:15:36.698, 0, GPU-35ec6990-2b13-fbe4-44c2-103ee00e46b3, 387.05, 99, 29914
2026/09/09 15:15:36.798, 0, GPU-35ec6990-2b13-fbe4-44c2-103ee00e46b3, 411.89, 99, 29914
2026/09/09 15:15:36.899, 0, GPU-35ec6990-2b13-fbe4-44c2-103ee00e46b3, 381.49, 100, 29914
2026/09/09 15:15:36.999, 0, GPU-35ec6990-2b13-fbe4-44c2-103ee00e46b3, 383.64, 100, 29914
2026/09/09 15:15:37.099, 0, GPU-35ec6990-2b13-fbe4-44c2-103ee00e46b3, 398.41, 100, 29914
2026/09/09 15:15:37.199, 0, GPU-35ec6990-2b13-fbe4-44c2-103ee00e46b3, 387.05, 100, 29914
2026/09/09 15:15:37.299, 0, GPU-35ec6990-2b13-fbe4-44c2-103ee00e46b3, 400.55, 100, 29914
2026/09/09 15:15:37.399, 0, GPU-35ec6990-2b13-fbe4-44c2-103ee00e46b3, 393.17, 100, 29914
2026/09/09 15:15:37.500, 0, GPU-35ec6990-2b13-fbe4-44c2-103ee00e46b3, 362.49, 100, 29914
2026/09/09 15:15:37.600, 0, GPU-35ec6990-2b13-fbe4-44c2-103ee00e46b3, 397.80, 100, 29914
2026/09/09 15:15:37.700, 0, GPU-35ec6990-2b13-fbe4-44c2-103ee00e46b3, 396.86, 100, 29914
2026/09/09 15:15:37.800, 0, GPU-35ec6990-2b13-fbe4-44c2-103ee00e46b3, 371.69, 100, 29914
2026/09/09 15:15:37.900, 0, GPU-35ec6990-2b13-fbe4-44c2-103ee00e46b3, 385.18, 100, 29914
2026/09/09 15:15:38.000, 0, GPU-35ec6990-2b13-fbe4-44c2-103ee00e46b3, 381.49, 100, 29914
2026/09/09 15:15:38.101, 0, GPU-35ec6990-2b13-fbe4-44c2-103ee00e46b3, 388.54, 100, 29914
2026/09/09 15:15:38.201, 0, GPU-35ec6990-2b13-fbe4-44c2-103ee00e46b3, 407.87, 99, 29914
2026/09/09 15:15:38.301, 0, GPU-35ec6990-2b13-fbe4-44c2-103ee00e46b3, 381.49, 99, 29914
2026/09/09 15:15:38.401, 0, GPU-35ec6990-2b13-fbe4-44c2-103ee00e46b3, 402.04, 100, 29914
2026/09/09 15:15:38.501, 0, GPU-35ec6990-2b13-fbe4-44c2-103ee00e46b3, 384.30, 100, 29914
2026/09/09 15:15:38.601, 0, GPU-35ec6990-2b13-fbe4-44c2-103ee00e46b3, 384.30, 100, 29914
2026/09/09 15:15:38.702, 0, GPU-35ec6990-2b13-fbe4-44c2-103ee00e46b3, 395.93, 100, 29914
2026/09/09 15:15:38.802, 0, GPU-35ec6990-2b13-fbe4-44c2-103ee00e46b3, 395.93, 100, 29914
2026/09/09 15:15:38.902, 0, GPU-35ec6990-2b13-fbe4-44c2-103ee00e46b3, 383.37, 100, 29914
2026/09/09 15:15:39.002, 0, GPU-35ec6990-2b13-fbe4-44c2-103ee00e46b3, 407.60, 100, 29914
2026/09/09 15:15:39.102, 0, GPU-35ec6990-2b13-fbe4-44c2-103ee00e46b3, 407.60, 100, 29914
2026/09/09 15:15:39.202, 0, GPU-35ec6990-2b13-fbe4-44c2-103ee00e46b3, 382.76, 100, 29914
2026/09/09 15:15:39.303, 0, GPU-35ec6990-2b13-fbe4-44c2-103ee00e46b3, 377.86, 100, 29914
2026/09/09 15:15:39.403, 0, GPU-35ec6990-2b13-fbe4-44c2-103ee00e46b3, 393.17, 100, 29914
2026/09/09 15:15:39.503, 0, GPU-35ec6990-2b13-fbe4-44c2-103ee00e46b3, 385.79, 100, 29914
2026/09/09 15:15:39.603, 0, GPU-35ec6990-2b13-fbe4-44c2-103ee00e46b3, 384.58, 100, 29914
2026/09/09 15:15:39.703, 0, GPU-35ec6990-2b13-fbe4-44c2-103ee00e46b3, 379.35, 99, 29914
2026/09/09 15:15:39.803, 0, GPU-35ec6990-2b13-fbe4-44c2-103ee00e46b3, 379.35, 99, 29914
2026/09/09 15:15:39.904, 0, GPU-35ec6990-2b13-fbe4-44c2-103ee00e46b3, 380.89, 100, 29914
2026/09/09 15:15:40.004, 0, GPU-35ec6990-2b13-fbe4-44c2-103ee00e46b3, 380.89, 100, 29914
2026/09/09 15:15:40.104, 0, GPU-35ec6990-2b13-fbe4-44c2-103ee00e46b3, 387.66, 100, 29914
2026/09/09 15:15:40.204, 0, GPU-35ec6990-2b13-fbe4-44c2-103ee00e46b3, 383.37, 100, 29914
2026/09/09 15:15:40.304, 0, GPU-35ec6990-2b13-fbe4-44c2-103ee00e46b3, 383.37, 100, 29914
2026/09/09 15:15:40.405, 0, GPU-35ec6990-2b13-fbe4-44c2-103ee00e46b3, 404.52, 100, 29914
2026/09/09 15:15:40.505, 0, GPU-35ec6990-2b13-fbe4-44c2-103ee00e46b3, 389.81, 100, 29914
2026/09/09 15:15:40.605, 0, GPU-35ec6990-2b13-fbe4-44c2-103ee00e46b3, 402.04, 100, 29914
2026/09/09 15:15:40.705, 0, GPU-35ec6990-2b13-fbe4-44c2-103ee00e46b3, 394.71, 100, 29914
2026/09/09 15:15:40.805, 0, GPU-35ec6990-2b13-fbe4-44c2-103ee00e46b3, 364.04, 100, 29914
2026/09/09 15:15:40.905, 0, GPU-35ec6990-2b13-fbe4-44c2-103ee00e46b3, 386.73, 100, 29914
2026/09/09 15:15:41.006, 0, GPU-35ec6990-2b13-fbe4-44c2-103ee00e46b3, 391.63, 100, 29914
2026/09/09 15:15:41.106, 0, GPU-35ec6990-2b13-fbe4-44c2-103ee00e46b3, 368.66, 100, 29914
2026/09/09 15:15:41.206, 0, GPU-35ec6990-2b13-fbe4-44c2-103ee00e46b3, 396.25, 100, 29914
2026/09/09 15:15:41.306, 0, GPU-35ec6990-2b13-fbe4-44c2-103ee00e46b3, 375.38, 99, 29914
2026/09/09 15:15:41.406, 0, GPU-35ec6990-2b13-fbe4-44c2-103ee00e46b3, 398.07, 99, 29914
2026/09/09 15:15:41.506, 0, GPU-35ec6990-2b13-fbe4-44c2-103ee00e46b3, 410.63, 100, 29914
2026/09/09 15:15:41.607, 0, GPU-35ec6990-2b13-fbe4-44c2-103ee00e46b3, 380.00, 100, 29914
2026/09/09 15:15:41.707, 0, GPU-35ec6990-2b13-fbe4-44c2-103ee00e46b3, 401.43, 100, 29914
2026/09/09 15:15:41.807, 0, GPU-35ec6990-2b13-fbe4-44c2-103ee00e46b3, 381.22, 100, 29914
2026/09/09 15:15:41.907, 0, GPU-35ec6990-2b13-fbe4-44c2-103ee00e46b3, 381.22, 100, 29914
2026/09/09 15:15:42.007, 0, GPU-35ec6990-2b13-fbe4-44c2-103ee00e46b3, 380.28, 100, 29914
2026/09/09 15:15:42.107, 0, GPU-35ec6990-2b13-fbe4-44c2-103ee00e46b3, 394.71, 100, 29914
2026/09/09 15:15:42.208, 0, GPU-35ec6990-2b13-fbe4-44c2-103ee00e46b3, 394.71, 100, 29914
2026/09/09 15:15:42.308, 0, GPU-35ec6990-2b13-fbe4-44c2-103ee00e46b3, 380.00, 100, 29914
2026/09/09 15:15:42.408, 0, GPU-35ec6990-2b13-fbe4-44c2-103ee00e46b3, 397.47, 100, 29914
2026/09/09 15:15:42.508, 0, GPU-35ec6990-2b13-fbe4-44c2-103ee00e46b3, 369.26, 100, 29914
2026/09/09 15:15:42.608, 0, GPU-35ec6990-2b13-fbe4-44c2-103ee00e46b3, 376.92, 100, 29914
2026/09/09 15:15:42.708, 0, GPU-35ec6990-2b13-fbe4-44c2-103ee00e46b3, 394.71, 100, 29914
2026/09/09 15:15:42.809, 0, GPU-35ec6990-2b13-fbe4-44c2-103ee00e46b3, 374.44, 99, 29914
2026/09/09 15:15:42.909, 0, GPU-35ec6990-2b13-fbe4-44c2-103ee00e46b3, 397.47, 99, 29914
2026/09/09 15:15:43.009, 0, GPU-35ec6990-2b13-fbe4-44c2-103ee00e46b3, 383.97, 100, 29914
2026/09/09 15:15:43.109, 0, GPU-35ec6990-2b13-fbe4-44c2-103ee00e46b3, 379.07, 100, 29914
2026/09/09 15:15:43.209, 0, GPU-35ec6990-2b13-fbe4-44c2-103ee00e46b3, 408.21, 100, 29914
2026/09/09 15:15:43.309, 0, GPU-35ec6990-2b13-fbe4-44c2-103ee00e46b3, 384.30, 100, 29914
2026/09/09 15:15:43.410, 0, GPU-35ec6990-2b13-fbe4-44c2-103ee00e46b3, 392.56, 100, 29914
2026/09/09 15:15:43.510, 0, GPU-35ec6990-2b13-fbe4-44c2-103ee00e46b3, 407.87, 100, 29914
2026/09/09 15:15:43.610, 0, GPU-35ec6990-2b13-fbe4-44c2-103ee00e46b3, 381.49, 100, 29914
2026/09/09 15:15:43.710, 0, GPU-35ec6990-2b13-fbe4-44c2-103ee00e46b3, 391.96, 100, 29914
2026/09/09 15:15:43.810, 0, GPU-35ec6990-2b13-fbe4-44c2-103ee00e46b3, 381.49, 100, 29914
2026/09/09 15:15:43.910, 0, GPU-35ec6990-2b13-fbe4-44c2-103ee00e46b3, 381.49, 100, 29914
2026/09/09 15:15:44.011, 0, GPU-35ec6990-2b13-fbe4-44c2-103ee00e46b3, 383.37, 100, 29914
2026/09/09 15:15:44.111, 0, GPU-35ec6990-2b13-fbe4-44c2-103ee00e46b3, 367.12, 100, 29914
2026/09/09 15:15:44.211, 0, GPU-35ec6990-2b13-fbe4-44c2-103ee00e46b3, 356.38, 100, 29914
2026/09/09 15:15:44.311, 0, GPU-35ec6990-2b13-fbe4-44c2-103ee00e46b3, 356.38, 99, 29914
2026/09/09 15:15:44.411, 0, GPU-35ec6990-2b13-fbe4-44c2-103ee00e46b3, 405.73, 99, 29914
2026/09/09 15:15:44.511, 0, GPU-35ec6990-2b13-fbe4-44c2-103ee00e46b3, 383.97, 100, 29914
2026/09/09 15:15:44.612, 0, GPU-35ec6990-2b13-fbe4-44c2-103ee00e46b3, 367.12, 100, 29914
2026/09/09 15:15:44.712, 0, GPU-35ec6990-2b13-fbe4-44c2-103ee00e46b3, 386.73, 100, 29914
2026/09/09 15:15:44.812, 0, GPU-35ec6990-2b13-fbe4-44c2-103ee00e46b3, 384.91, 100, 29914
2026/09/09 15:15:44.912, 0, GPU-35ec6990-2b13-fbe4-44c2-103ee00e46b3, 372.90, 100, 29914
2026/09/09 15:15:45.012, 0, GPU-35ec6990-2b13-fbe4-44c2-103ee00e46b3, 393.50, 100, 29914
2026/09/09 15:15:45.113, 0, GPU-35ec6990-2b13-fbe4-44c2-103ee00e46b3, 380.00, 100, 29914
2026/09/09 15:15:45.213, 0, GPU-35ec6990-2b13-fbe4-44c2-103ee00e46b3, 380.61, 100, 29914
2026/09/09 15:15:45.313, 0, GPU-35ec6990-2b13-fbe4-44c2-103ee00e46b3, 402.04, 100, 29914
2026/09/09 15:15:45.413, 0, GPU-35ec6990-2b13-fbe4-44c2-103ee00e46b3, 402.04, 100, 29914
2026/09/09 15:15:45.513, 0, GPU-35ec6990-2b13-fbe4-44c2-103ee00e46b3, 392.56, 100, 29914
2026/09/09 15:15:45.613, 0, GPU-35ec6990-2b13-fbe4-44c2-103ee00e46b3, 392.56, 100, 29914
2026/09/09 15:15:45.714, 0, GPU-35ec6990-2b13-fbe4-44c2-103ee00e46b3, 376.92, 100, 29914
2026/09/09 15:15:45.814, 0, GPU-35ec6990-2b13-fbe4-44c2-103ee00e46b3, 376.92, 100, 29914
2026/09/09 15:15:45.914, 0, GPU-35ec6990-2b13-fbe4-44c2-103ee00e46b3, 383.37, 100, 29914
2026/09/09 15:15:46.014, 0, GPU-35ec6990-2b13-fbe4-44c2-103ee00e46b3, 385.79, 99, 29914
2026/09/09 15:15:46.114, 0, GPU-35ec6990-2b13-fbe4-44c2-103ee00e46b3, 385.79, 99, 29914
2026/09/09 15:15:46.214, 0, GPU-35ec6990-2b13-fbe4-44c2-103ee00e46b3, 401.16, 100, 29914
2026/09/09 15:15:46.315, 0, GPU-35ec6990-2b13-fbe4-44c2-103ee00e46b3, 374.17, 100, 29914
2026/09/09 15:15:46.415, 0, GPU-35ec6990-2b13-fbe4-44c2-103ee00e46b3, 381.49, 100, 29914
2026/09/09 15:15:46.515, 0, GPU-35ec6990-2b13-fbe4-44c2-103ee00e46b3, 394.71, 100, 29914
2026/09/09 15:15:46.615, 0, GPU-35ec6990-2b13-fbe4-44c2-103ee00e46b3, 376.92, 100, 29914
2026/09/09 15:15:46.715, 0, GPU-35ec6990-2b13-fbe4-44c2-103ee00e46b3, 394.10, 100, 29914
2026/09/09 15:15:46.815, 0, GPU-35ec6990-2b13-fbe4-44c2-103ee00e46b3, 370.47, 100, 29914
2026/09/09 15:15:46.916, 0, GPU-35ec6990-2b13-fbe4-44c2-103ee00e46b3, 370.15, 100, 29914
2026/09/09 15:15:47.016, 0, GPU-35ec6990-2b13-fbe4-44c2-103ee00e46b3, 388.54, 100, 29914
2026/09/09 15:15:47.116, 0, GPU-35ec6990-2b13-fbe4-44c2-103ee00e46b3, 374.17, 100, 29914
2026/09/09 15:15:47.216, 0, GPU-35ec6990-2b13-fbe4-44c2-103ee00e46b3, 380.61, 100, 29914
2026/09/09 15:15:47.316, 0, GPU-35ec6990-2b13-fbe4-44c2-103ee00e46b3, 400.22, 99, 29914
2026/09/09 15:15:47.416, 0, GPU-35ec6990-2b13-fbe4-44c2-103ee00e46b3, 349.93, 99, 29914
2026/09/09 15:15:47.517, 0, GPU-35ec6990-2b13-fbe4-44c2-103ee00e46b3, 387.05, 99, 29914
2026/09/09 15:15:47.617, 0, GPU-35ec6990-2b13-fbe4-44c2-103ee00e46b3, 385.79, 100, 29914
2026/09/09 15:15:47.717, 0, GPU-35ec6990-2b13-fbe4-44c2-103ee00e46b3, 382.15, 100, 29914
2026/09/09 15:15:47.817, 0, GPU-35ec6990-2b13-fbe4-44c2-103ee00e46b3, 407.00, 100, 29914
2026/09/09 15:15:47.917, 0, GPU-35ec6990-2b13-fbe4-44c2-103ee00e46b3, 389.48, 100, 29914
2026/09/09 15:15:48.017, 0, GPU-35ec6990-2b13-fbe4-44c2-103ee00e46b3, 384.58, 100, 29914
2026/09/09 15:15:48.118, 0, GPU-35ec6990-2b13-fbe4-44c2-103ee00e46b3, 404.85, 100, 29914
2026/09/09 15:15:48.218, 0, GPU-35ec6990-2b13-fbe4-44c2-103ee00e46b3, 395.65, 100, 29914
2026/09/09 15:15:48.318, 0, GPU-35ec6990-2b13-fbe4-44c2-103ee00e46b3, 395.65, 100, 29914
2026/09/09 15:15:48.418, 0, GPU-35ec6990-2b13-fbe4-44c2-103ee00e46b3, 371.69, 100, 29914
2026/09/09 15:15:48.518, 0, GPU-35ec6990-2b13-fbe4-44c2-103ee00e46b3, 371.69, 100, 29914
2026/09/09 15:15:48.618, 0, GPU-35ec6990-2b13-fbe4-44c2-103ee00e46b3, 402.36, 100, 29914
2026/09/09 15:15:48.719, 0, GPU-35ec6990-2b13-fbe4-44c2-103ee00e46b3, 380.28, 100, 29914
2026/09/09 15:15:48.819, 0, GPU-35ec6990-2b13-fbe4-44c2-103ee00e46b3, 389.48, 100, 29914
2026/09/09 15:15:48.919, 0, GPU-35ec6990-2b13-fbe4-44c2-103ee00e46b3, 383.64, 100, 29914
2026/09/09 15:15:49.019, 0, GPU-35ec6990-2b13-fbe4-44c2-103ee00e46b3, 383.64, 99, 29914
2026/09/09 15:15:49.119, 0, GPU-35ec6990-2b13-fbe4-44c2-103ee00e46b3, 377.86, 99, 29914
2026/09/09 15:15:49.219, 0, GPU-35ec6990-2b13-fbe4-44c2-103ee00e46b3, 369.87, 100, 29914
2026/09/09 15:15:49.320, 0, GPU-35ec6990-2b13-fbe4-44c2-103ee00e46b3, 401.76, 100, 29914
2026/09/09 15:15:49.420, 0, GPU-35ec6990-2b13-fbe4-44c2-103ee00e46b3, 401.76, 100, 29914
2026/09/09 15:15:49.520, 0, GPU-35ec6990-2b13-fbe4-44c2-103ee00e46b3, 378.46, 100, 29914
2026/09/09 15:15:49.620, 0, GPU-35ec6990-2b13-fbe4-44c2-103ee00e46b3, 378.46, 100, 29914
2026/09/09 15:15:49.720, 0, GPU-35ec6990-2b13-fbe4-44c2-103ee00e46b3, 396.25, 100, 29914
2026/09/09 15:15:49.820, 0, GPU-35ec6990-2b13-fbe4-44c2-103ee00e46b3, 402.70, 100, 29914
2026/09/09 15:15:49.921, 0, GPU-35ec6990-2b13-fbe4-44c2-103ee00e46b3, 383.97, 100, 29914
2026/09/09 15:15:50.021, 0, GPU-35ec6990-2b13-fbe4-44c2-103ee00e46b3, 386.73, 100, 29914
2026/09/09 15:15:50.121, 0, GPU-35ec6990-2b13-fbe4-44c2-103ee00e46b3, 375.98, 100, 29914
2026/09/09 15:15:50.221, 0, GPU-35ec6990-2b13-fbe4-44c2-103ee00e46b3, 371.69, 100, 29914
2026/09/09 15:15:50.321, 0, GPU-35ec6990-2b13-fbe4-44c2-103ee00e46b3, 395.93, 100, 29914
2026/09/09 15:15:50.421, 0, GPU-35ec6990-2b13-fbe4-44c2-103ee00e46b3, 371.08, 100, 29914
2026/09/09 15:15:50.522, 0, GPU-35ec6990-2b13-fbe4-44c2-103ee00e46b3, 392.56, 100, 29914
2026/09/09 15:15:50.622, 0, GPU-35ec6990-2b13-fbe4-44c2-103ee00e46b3, 382.43, 99, 29914
2026/09/09 15:15:50.722, 0, GPU-35ec6990-2b13-fbe4-44c2-103ee00e46b3, 378.13, 99, 29914
2026/09/09 15:15:50.822, 0, GPU-35ec6990-2b13-fbe4-44c2-103ee00e46b3, 392.56, 100, 29914
2026/09/09 15:15:50.922, 0, GPU-35ec6990-2b13-fbe4-44c2-103ee00e46b3, 385.79, 100, 29914
2026/09/09 15:15:51.022, 0, GPU-35ec6990-2b13-fbe4-44c2-103ee00e46b3, 386.73, 100, 29914
2026/09/09 15:15:51.123, 0, GPU-35ec6990-2b13-fbe4-44c2-103ee00e46b3, 386.73, 100, 29914
2026/09/09 15:15:51.223, 0, GPU-35ec6990-2b13-fbe4-44c2-103ee00e46b3, 383.64, 100, 29914
2026/09/09 15:15:51.323, 0, GPU-35ec6990-2b13-fbe4-44c2-103ee00e46b3, 383.64, 100, 29914
2026/09/09 15:15:51.423, 0, GPU-35ec6990-2b13-fbe4-44c2-103ee00e46b3, 402.04, 100, 29914
2026/09/09 15:15:51.523, 0, GPU-35ec6990-2b13-fbe4-44c2-103ee00e46b3, 402.04, 100, 29914
2026/09/09 15:15:51.623, 0, GPU-35ec6990-2b13-fbe4-44c2-103ee00e46b3, 396.53, 100, 29914
2026/09/09 15:15:51.724, 0, GPU-35ec6990-2b13-fbe4-44c2-103ee00e46b3, 367.12, 100, 29914
2026/09/09 15:15:51.824, 0, GPU-35ec6990-2b13-fbe4-44c2-103ee00e46b3, 367.12, 100, 29914
2026/09/09 15:15:51.924, 0, GPU-35ec6990-2b13-fbe4-44c2-103ee00e46b3, 393.50, 100, 29914
2026/09/09 15:15:52.024, 0, GPU-35ec6990-2b13-fbe4-44c2-103ee00e46b3, 401.16, 100, 29914
2026/09/09 15:15:52.124, 0, GPU-35ec6990-2b13-fbe4-44c2-103ee00e46b3, 384.58, 100, 29914
2026/09/09 15:15:52.225, 0, GPU-35ec6990-2b13-fbe4-44c2-103ee00e46b3, 409.42, 99, 29914
2026/09/09 15:15:52.325, 0, GPU-35ec6990-2b13-fbe4-44c2-103ee00e46b3, 384.30, 99, 29914
2026/09/09 15:15:52.425, 0, GPU-35ec6990-2b13-fbe4-44c2-103ee00e46b3, 382.15, 100, 29914
2026/09/09 15:15:52.525, 0, GPU-35ec6990-2b13-fbe4-44c2-103ee00e46b3, 405.45, 100, 29914
2026/09/09 15:15:52.625, 0, GPU-35ec6990-2b13-fbe4-44c2-103ee00e46b3, 382.15, 100, 29914
2026/09/09 15:15:52.725, 0, GPU-35ec6990-2b13-fbe4-44c2-103ee00e46b3, 403.30, 100, 29914
2026/09/09 15:15:52.826, 0, GPU-35ec6990-2b13-fbe4-44c2-103ee00e46b3, 391.96, 100, 29914
2026/09/09 15:15:52.926, 0, GPU-35ec6990-2b13-fbe4-44c2-103ee00e46b3, 377.86, 100, 29914
2026/09/09 15:15:53.026, 0, GPU-35ec6990-2b13-fbe4-44c2-103ee00e46b3, 391.02, 100, 29914
2026/09/09 15:15:53.126, 0, GPU-35ec6990-2b13-fbe4-44c2-103ee00e46b3, 394.38, 100, 29914
2026/09/09 15:15:53.226, 0, GPU-35ec6990-2b13-fbe4-44c2-103ee00e46b3, 380.89, 100, 29914
2026/09/09 15:15:53.326, 0, GPU-35ec6990-2b13-fbe4-44c2-103ee00e46b3, 393.17, 100, 29914
2026/09/09 15:15:53.427, 0, GPU-35ec6990-2b13-fbe4-44c2-103ee00e46b3, 387.94, 100, 29914
2026/09/09 15:15:53.527, 0, GPU-35ec6990-2b13-fbe4-44c2-103ee00e46b3, 373.23, 100, 29914
2026/09/09 15:15:53.627, 0, GPU-35ec6990-2b13-fbe4-44c2-103ee00e46b3, 403.30, 99, 29914
2026/09/09 15:15:53.727, 0, GPU-35ec6990-2b13-fbe4-44c2-103ee00e46b3, 368.93, 99, 29914
2026/09/09 15:15:53.827, 0, GPU-35ec6990-2b13-fbe4-44c2-103ee00e46b3, 391.02, 100, 29914
2026/09/09 15:15:53.927, 0, GPU-35ec6990-2b13-fbe4-44c2-103ee00e46b3, 373.57, 100, 29914
2026/09/09 15:15:54.028, 0, GPU-35ec6990-2b13-fbe4-44c2-103ee00e46b3, 375.05, 100, 29914
2026/09/09 15:15:54.128, 0, GPU-35ec6990-2b13-fbe4-44c2-103ee00e46b3, 396.86, 100, 29914
2026/09/09 15:15:54.228, 0, GPU-35ec6990-2b13-fbe4-44c2-103ee00e46b3, 369.26, 100, 29914
2026/09/09 15:15:54.328, 0, GPU-35ec6990-2b13-fbe4-44c2-103ee00e46b3, 386.73, 100, 29914
2026/09/09 15:15:54.428, 0, GPU-35ec6990-2b13-fbe4-44c2-103ee00e46b3, 401.16, 100, 29914
2026/09/09 15:15:54.528, 0, GPU-35ec6990-2b13-fbe4-44c2-103ee00e46b3, 384.58, 100, 29914
2026/09/09 15:15:54.629, 0, GPU-35ec6990-2b13-fbe4-44c2-103ee00e46b3, 394.10, 100, 29914
2026/09/09 15:15:54.729, 0, GPU-35ec6990-2b13-fbe4-44c2-103ee00e46b3, 394.10, 100, 29914
2026/09/09 15:15:54.829, 0, GPU-35ec6990-2b13-fbe4-44c2-103ee00e46b3, 383.03, 100, 29914
2026/09/09 15:15:54.929, 0, GPU-35ec6990-2b13-fbe4-44c2-103ee00e46b3, 383.03, 100, 29914
2026/09/09 15:15:55.029, 0, GPU-35ec6990-2b13-fbe4-44c2-103ee00e46b3, 390.69, 100, 29914
2026/09/09 15:15:55.129, 0, GPU-35ec6990-2b13-fbe4-44c2-103ee00e46b3, 364.36, 100, 29914
2026/09/09 15:15:55.230, 0, GPU-35ec6990-2b13-fbe4-44c2-103ee00e46b3, 364.36, 99, 29914
2026/09/09 15:15:55.330, 0, GPU-35ec6990-2b13-fbe4-44c2-103ee00e46b3, 370.47, 99, 29914
2026/09/09 15:15:55.430, 0, GPU-35ec6990-2b13-fbe4-44c2-103ee00e46b3, 370.47, 100, 29914
2026/09/09 15:15:55.530, 0, GPU-35ec6990-2b13-fbe4-44c2-103ee00e46b3, 387.05, 100, 29914
2026/09/09 15:15:55.630, 0, GPU-35ec6990-2b13-fbe4-44c2-103ee00e46b3, 387.05, 100, 29914
2026/09/09 15:15:55.730, 0, GPU-35ec6990-2b13-fbe4-44c2-103ee00e46b3, 392.56, 100, 29914
2026/09/09 15:15:55.831, 0, GPU-35ec6990-2b13-fbe4-44c2-103ee00e46b3, 391.02, 100, 29914
2026/09/09 15:15:55.931, 0, GPU-35ec6990-2b13-fbe4-44c2-103ee00e46b3, 381.83, 100, 29914
2026/09/09 15:15:56.031, 0, GPU-35ec6990-2b13-fbe4-44c2-103ee00e46b3, 390.09, 100, 29914
2026/09/09 15:15:56.131, 0, GPU-35ec6990-2b13-fbe4-44c2-103ee00e46b3, 373.23, 100, 29914
2026/09/09 15:15:56.231, 0, GPU-35ec6990-2b13-fbe4-44c2-103ee00e46b3, 370.47, 100, 29914
2026/09/09 15:15:56.331, 0, GPU-35ec6990-2b13-fbe4-44c2-103ee00e46b3, 402.36, 100, 29914
2026/09/09 15:15:56.432, 0, GPU-35ec6990-2b13-fbe4-44c2-103ee00e46b3, 375.05, 100, 29914
2026/09/09 15:15:56.532, 0, GPU-35ec6990-2b13-fbe4-44c2-103ee00e46b3, 392.84, 100, 29914
2026/09/09 15:15:56.632, 0, GPU-35ec6990-2b13-fbe4-44c2-103ee00e46b3, 382.76, 100, 29914
2026/09/09 15:15:56.732, 0, GPU-35ec6990-2b13-fbe4-44c2-103ee00e46b3, 380.28, 100, 29914
2026/09/09 15:15:56.832, 0, GPU-35ec6990-2b13-fbe4-44c2-103ee00e46b3, 399.28, 99, 29914
2026/09/09 15:15:56.932, 0, GPU-35ec6990-2b13-fbe4-44c2-103ee00e46b3, 374.17, 99, 29914
2026/09/09 15:15:57.033, 0, GPU-35ec6990-2b13-fbe4-44c2-103ee00e46b3, 392.84, 100, 29914
2026/09/09 15:15:57.133, 0, GPU-35ec6990-2b13-fbe4-44c2-103ee00e46b3, 391.02, 100, 29914
2026/09/09 15:15:57.233, 0, GPU-35ec6990-2b13-fbe4-44c2-103ee00e46b3, 379.35, 100, 29914
2026/09/09 15:15:57.333, 0, GPU-35ec6990-2b13-fbe4-44c2-103ee00e46b3, 390.42, 100, 29914
2026/09/09 15:15:57.433, 0, GPU-35ec6990-2b13-fbe4-44c2-103ee00e46b3, 412.78, 100, 29914
2026/09/09 15:15:57.533, 0, GPU-35ec6990-2b13-fbe4-44c2-103ee00e46b3, 372.63, 100, 29914
2026/09/09 15:15:57.634, 0, GPU-35ec6990-2b13-fbe4-44c2-103ee00e46b3, 402.04, 100, 29914
2026/09/09 15:15:57.734, 0, GPU-35ec6990-2b13-fbe4-44c2-103ee00e46b3, 375.38, 100, 29914
2026/09/09 15:15:57.834, 0, GPU-35ec6990-2b13-fbe4-44c2-103ee00e46b3, 381.83, 100, 29914
2026/09/09 15:15:57.934, 0, GPU-35ec6990-2b13-fbe4-44c2-103ee00e46b3, 403.30, 100, 29914
2026/09/09 15:15:58.034, 0, GPU-35ec6990-2b13-fbe4-44c2-103ee00e46b3, 393.50, 100, 29914
2026/09/09 15:15:58.134, 0, GPU-35ec6990-2b13-fbe4-44c2-103ee00e46b3, 383.64, 100, 29914
2026/09/09 15:15:58.235, 0, GPU-35ec6990-2b13-fbe4-44c2-103ee00e46b3, 375.38, 100, 29914
2026/09/09 15:15:58.335, 0, GPU-35ec6990-2b13-fbe4-44c2-103ee00e46b3, 370.81, 99, 29914
2026/09/09 15:15:58.435, 0, GPU-35ec6990-2b13-fbe4-44c2-103ee00e46b3, 370.81, 100, 29914
2026/09/09 15:15:58.535, 0, GPU-35ec6990-2b13-fbe4-44c2-103ee00e46b3, 407.87, 100, 29914
2026/09/09 15:15:58.635, 0, GPU-35ec6990-2b13-fbe4-44c2-103ee00e46b3, 372.90, 100, 29914
2026/09/09 15:15:58.735, 0, GPU-35ec6990-2b13-fbe4-44c2-103ee00e46b3, 372.90, 100, 29914
2026/09/09 15:15:58.836, 0, GPU-35ec6990-2b13-fbe4-44c2-103ee00e46b3, 374.77, 100, 29914
2026/09/09 15:15:58.936, 0, GPU-35ec6990-2b13-fbe4-44c2-103ee00e46b3, 369.87, 100, 29914
2026/09/09 15:15:59.036, 0, GPU-35ec6990-2b13-fbe4-44c2-103ee00e46b3, 369.87, 100, 29914
2026/09/09 15:15:59.136, 0, GPU-35ec6990-2b13-fbe4-44c2-103ee00e46b3, 400.22, 100, 29914
2026/09/09 15:15:59.236, 0, GPU-35ec6990-2b13-fbe4-44c2-103ee00e46b3, 377.52, 100, 29914
2026/09/09 15:15:59.336, 0, GPU-35ec6990-2b13-fbe4-44c2-103ee00e46b3, 390.09, 100, 29914
2026/09/09 15:15:59.437, 0, GPU-35ec6990-2b13-fbe4-44c2-103ee00e46b3, 415.86, 100, 29914
2026/09/09 15:15:59.537, 0, GPU-35ec6990-2b13-fbe4-44c2-103ee00e46b3, 385.51, 100, 29914
2026/09/09 15:15:59.637, 0, GPU-35ec6990-2b13-fbe4-44c2-103ee00e46b3, 384.91, 100, 29914
2026/09/09 15:15:59.737, 0, GPU-35ec6990-2b13-fbe4-44c2-103ee00e46b3, 408.81, 100, 29914
2026/09/09 15:15:59.837, 0, GPU-35ec6990-2b13-fbe4-44c2-103ee00e46b3, 369.54, 99, 29914
2026/09/09 15:15:59.937, 0, GPU-35ec6990-2b13-fbe4-44c2-103ee00e46b3, 386.12, 99, 29914
2026/09/09 15:16:00.038, 0, GPU-35ec6990-2b13-fbe4-44c2-103ee00e46b3, 384.30, 100, 29914
2026/09/09 15:16:00.138, 0, GPU-35ec6990-2b13-fbe4-44c2-103ee00e46b3, 388.54, 100, 29914
2026/09/09 15:16:00.238, 0, GPU-35ec6990-2b13-fbe4-44c2-103ee00e46b3, 388.54, 100, 29914
2026/09/09 15:16:00.338, 0, GPU-35ec6990-2b13-fbe4-44c2-103ee00e46b3, 374.17, 100, 29914
2026/09/09 15:16:00.438, 0, GPU-35ec6990-2b13-fbe4-44c2-103ee00e46b3, 385.79, 100, 29914
2026/09/09 15:16:00.538, 0, GPU-35ec6990-2b13-fbe4-44c2-103ee00e46b3, 372.02, 100, 29914
2026/09/09 15:16:00.639, 0, GPU-35ec6990-2b13-fbe4-44c2-103ee00e46b3, 387.66, 100, 29914
2026/09/09 15:16:00.739, 0, GPU-35ec6990-2b13-fbe4-44c2-103ee00e46b3, 410.96, 100, 29914
2026/09/09 15:16:00.839, 0, GPU-35ec6990-2b13-fbe4-44c2-103ee00e46b3, 369.54, 100, 29914
2026/09/09 15:16:00.939, 0, GPU-35ec6990-2b13-fbe4-44c2-103ee00e46b3, 403.91, 100, 29914
2026/09/09 15:16:01.039, 0, GPU-35ec6990-2b13-fbe4-44c2-103ee00e46b3, 391.02, 100, 29914
2026/09/09 15:16:01.139, 0, GPU-35ec6990-2b13-fbe4-44c2-103ee00e46b3, 383.03, 100, 29914
2026/09/09 15:16:01.240, 0, GPU-35ec6990-2b13-fbe4-44c2-103ee00e46b3, 402.36, 100, 29914
2026/09/09 15:16:01.340, 0, GPU-35ec6990-2b13-fbe4-44c2-103ee00e46b3, 93.12, 100, 29914
2026/09/09 15:16:01.440, 0, GPU-35ec6990-2b13-fbe4-44c2-103ee00e46b3, 403.50, 100, 29914
2026/09/09 15:16:01.540, 0, GPU-35ec6990-2b13-fbe4-44c2-103ee00e46b3, 365.58, 75, 29914
2026/09/09 15:16:01.640, 0, GPU-35ec6990-2b13-fbe4-44c2-103ee00e46b3, 213.99, 75, 29914
2026/09/09 15:16:01.741, 0, GPU-35ec6990-2b13-fbe4-44c2-103ee00e46b3, 326.30, 92, 29914
2026/09/09 15:16:01.841, 0, GPU-35ec6990-2b13-fbe4-44c2-103ee00e46b3, 388.88, 92, 29914
2026/09/09 15:16:01.941, 0, GPU-35ec6990-2b13-fbe4-44c2-103ee00e46b3, 409.14, 94, 29914
2026/09/09 15:16:02.041, 0, GPU-35ec6990-2b13-fbe4-44c2-103ee00e46b3, 380.00, 100, 29914
2026/09/09 15:16:02.141, 0, GPU-35ec6990-2b13-fbe4-44c2-103ee00e46b3, 380.00, 100, 29914
2026/09/09 15:16:02.241, 0, GPU-35ec6990-2b13-fbe4-44c2-103ee00e46b3, 346.57, 100, 29914
2026/09/09 15:16:02.342, 0, GPU-35ec6990-2b13-fbe4-44c2-103ee00e46b3, 346.57, 100, 29914
2026/09/09 15:16:02.442, 0, GPU-35ec6990-2b13-fbe4-44c2-103ee00e46b3, 391.35, 100, 29914
2026/09/09 15:16:02.542, 0, GPU-35ec6990-2b13-fbe4-44c2-103ee00e46b3, 383.37, 100, 29914
2026/09/09 15:16:02.642, 0, GPU-35ec6990-2b13-fbe4-44c2-103ee00e46b3, 335.83, 100, 29914
2026/09/09 15:16:02.742, 0, GPU-35ec6990-2b13-fbe4-44c2-103ee00e46b3, 362.21, 100, 29914
2026/09/09 15:16:02.843, 0, GPU-35ec6990-2b13-fbe4-44c2-103ee00e46b3, 374.44, 100, 29914
2026/09/09 15:16:02.943, 0, GPU-35ec6990-2b13-fbe4-44c2-103ee00e46b3, 387.66, 100, 29914
2026/09/09 15:16:03.043, 0, GPU-35ec6990-2b13-fbe4-44c2-103ee00e46b3, 353.62, 100, 29914
2026/09/09 15:16:03.143, 0, GPU-35ec6990-2b13-fbe4-44c2-103ee00e46b3, 369.87, 100, 29914
2026/09/09 15:16:03.243, 0, GPU-35ec6990-2b13-fbe4-44c2-103ee00e46b3, 372.30, 100, 29914
2026/09/09 15:16:03.343, 0, GPU-35ec6990-2b13-fbe4-44c2-103ee00e46b3, 385.18, 100, 29914
2026/09/09 15:16:03.444, 0, GPU-35ec6990-2b13-fbe4-44c2-103ee00e46b3, 320.19, 100, 29914
2026/09/09 15:16:03.544, 0, GPU-35ec6990-2b13-fbe4-44c2-103ee00e46b3, 341.01, 100, 29914
2026/09/09 15:16:03.644, 0, GPU-35ec6990-2b13-fbe4-44c2-103ee00e46b3, 375.38, 100, 29914
2026/09/09 15:16:03.744, 0, GPU-35ec6990-2b13-fbe4-44c2-103ee00e46b3, 416.47, 100, 29914
2026/09/09 15:16:03.844, 0, GPU-35ec6990-2b13-fbe4-44c2-103ee00e46b3, 304.82, 100, 29914
2026/09/09 15:16:03.944, 0, GPU-35ec6990-2b13-fbe4-44c2-103ee00e46b3, 82.35, 57, 29914
2026/09/09 15:16:04.045, 0, GPU-35ec6990-2b13-fbe4-44c2-103ee00e46b3, 78.05, 0, 29914
2026/09/09 15:16:04.145, 0, GPU-35ec6990-2b13-fbe4-44c2-103ee00e46b3, 77.71, 0, 29914
2026/09/09 15:16:04.245, 0, GPU-35ec6990-2b13-fbe4-44c2-103ee00e46b3, 78.05, 0, 29914
2026/09/09 15:16:04.345, 0, GPU-35ec6990-2b13-fbe4-44c2-103ee00e46b3, 77.44, 0, 29914
2026/09/09 15:16:04.445, 0, GPU-35ec6990-2b13-fbe4-44c2-103ee00e46b3, 77.44, 15, 29914
2026/09/09 15:16:04.545, 0, GPU-35ec6990-2b13-fbe4-44c2-103ee00e46b3, 380.89, 15, 29914
2026/09/09 15:16:04.646, 0, GPU-35ec6990-2b13-fbe4-44c2-103ee00e46b3, 380.89, 15, 29914
2026/09/09 15:16:04.746, 0, GPU-35ec6990-2b13-fbe4-44c2-103ee00e46b3, 366.18, 97, 29914
2026/09/09 15:16:04.846, 0, GPU-35ec6990-2b13-fbe4-44c2-103ee00e46b3, 392.84, 97, 29914
2026/09/09 15:16:04.946, 0, GPU-35ec6990-2b13-fbe4-44c2-103ee00e46b3, 382.15, 100, 29914
2026/09/09 15:16:05.046, 0, GPU-35ec6990-2b13-fbe4-44c2-103ee00e46b3, 407.87, 100, 29914
2026/09/09 15:16:05.147, 0, GPU-35ec6990-2b13-fbe4-44c2-103ee00e46b3, 386.12, 100, 29914
2026/09/09 15:16:05.247, 0, GPU-35ec6990-2b13-fbe4-44c2-103ee00e46b3, 391.02, 100, 29914
2026/09/09 15:16:05.347, 0, GPU-35ec6990-2b13-fbe4-44c2-103ee00e46b3, 399.01, 100, 29914
2026/09/09 15:16:05.447, 0, GPU-35ec6990-2b13-fbe4-44c2-103ee00e46b3, 379.67, 100, 29914
2026/09/09 15:16:05.547, 0, GPU-35ec6990-2b13-fbe4-44c2-103ee00e46b3, 366.18, 100, 29914
2026/09/09 15:16:05.647, 0, GPU-35ec6990-2b13-fbe4-44c2-103ee00e46b3, 398.41, 100, 29914
2026/09/09 15:16:05.748, 0, GPU-35ec6990-2b13-fbe4-44c2-103ee00e46b3, 386.73, 100, 29914
2026/09/09 15:16:05.848, 0, GPU-35ec6990-2b13-fbe4-44c2-103ee00e46b3, 390.69, 100, 29914
2026/09/09 15:16:05.948, 0, GPU-35ec6990-2b13-fbe4-44c2-103ee00e46b3, 380.61, 100, 29914
2026/09/09 15:16:06.048, 0, GPU-35ec6990-2b13-fbe4-44c2-103ee00e46b3, 390.42, 99, 29914
2026/09/09 15:16:06.148, 0, GPU-35ec6990-2b13-fbe4-44c2-103ee00e46b3, 378.13, 99, 29914
2026/09/09 15:16:06.248, 0, GPU-35ec6990-2b13-fbe4-44c2-103ee00e46b3, 378.13, 99, 29914
2026/09/09 15:16:06.349, 0, GPU-35ec6990-2b13-fbe4-44c2-103ee00e46b3, 401.76, 100, 29914
2026/09/09 15:16:06.449, 0, GPU-35ec6990-2b13-fbe4-44c2-103ee00e46b3, 375.05, 100, 29914
2026/09/09 15:16:06.549, 0, GPU-35ec6990-2b13-fbe4-44c2-103ee00e46b3, 379.07, 100, 29914
2026/09/09 15:16:06.649, 0, GPU-35ec6990-2b13-fbe4-44c2-103ee00e46b3, 379.07, 100, 29914
2026/09/09 15:16:06.749, 0, GPU-35ec6990-2b13-fbe4-44c2-103ee00e46b3, 391.96, 100, 29914
2026/09/09 15:16:06.849, 0, GPU-35ec6990-2b13-fbe4-44c2-103ee00e46b3, 398.68, 100, 29914
2026/09/09 15:16:06.950, 0, GPU-35ec6990-2b13-fbe4-44c2-103ee00e46b3, 398.68, 100, 29914
2026/09/09 15:16:07.050, 0, GPU-35ec6990-2b13-fbe4-44c2-103ee00e46b3, 371.69, 100, 29914
2026/09/09 15:16:07.150, 0, GPU-35ec6990-2b13-fbe4-44c2-103ee00e46b3, 371.69, 100, 29914
2026/09/09 15:16:07.250, 0, GPU-35ec6990-2b13-fbe4-44c2-103ee00e46b3, 395.65, 100, 29914
2026/09/09 15:16:07.350, 0, GPU-35ec6990-2b13-fbe4-44c2-103ee00e46b3, 410.35, 100, 29914
2026/09/09 15:16:07.450, 0, GPU-35ec6990-2b13-fbe4-44c2-103ee00e46b3, 372.63, 100, 29914
2026/09/09 15:16:07.551, 0, GPU-35ec6990-2b13-fbe4-44c2-103ee00e46b3, 402.04, 100, 29914
2026/09/09 15:16:07.651, 0, GPU-35ec6990-2b13-fbe4-44c2-103ee00e46b3, 371.41, 100, 29914
2026/09/09 15:16:07.751, 0, GPU-35ec6990-2b13-fbe4-44c2-103ee00e46b3, 377.86, 99, 29914
2026/09/09 15:16:07.851, 0, GPU-35ec6990-2b13-fbe4-44c2-103ee00e46b3, 395.32, 99, 29914
2026/09/09 15:16:07.951, 0, GPU-35ec6990-2b13-fbe4-44c2-103ee00e46b3, 384.30, 100, 29914
2026/09/09 15:16:08.052, 0, GPU-35ec6990-2b13-fbe4-44c2-103ee00e46b3, 396.25, 100, 29914
2026/09/09 15:16:08.152, 0, GPU-35ec6990-2b13-fbe4-44c2-103ee00e46b3, 392.84, 100, 29914
2026/09/09 15:16:08.252, 0, GPU-35ec6990-2b13-fbe4-44c2-103ee00e46b3, 372.02, 100, 29914
2026/09/09 15:16:08.352, 0, GPU-35ec6990-2b13-fbe4-44c2-103ee00e46b3, 387.66, 100, 29914
2026/09/09 15:16:08.452, 0, GPU-35ec6990-2b13-fbe4-44c2-103ee00e46b3, 409.42, 100, 29914
2026/09/09 15:16:08.552, 0, GPU-35ec6990-2b13-fbe4-44c2-103ee00e46b3, 373.23, 100, 29914
2026/09/09 15:16:08.653, 0, GPU-35ec6990-2b13-fbe4-44c2-103ee00e46b3, 402.04, 100, 29914
2026/09/09 15:16:08.753, 0, GPU-35ec6990-2b13-fbe4-44c2-103ee00e46b3, 371.41, 100, 29914
2026/09/09 15:16:08.853, 0, GPU-35ec6990-2b13-fbe4-44c2-103ee00e46b3, 378.46, 100, 29914
2026/09/09 15:16:08.953, 0, GPU-35ec6990-2b13-fbe4-44c2-103ee00e46b3, 380.89, 100, 29914
2026/09/09 15:16:09.053, 0, GPU-35ec6990-2b13-fbe4-44c2-103ee00e46b3, 395.93, 100, 29914
2026/09/09 15:16:09.153, 0, GPU-35ec6990-2b13-fbe4-44c2-103ee00e46b3, 381.83, 100, 29914
2026/09/09 15:16:09.254, 0, GPU-35ec6990-2b13-fbe4-44c2-103ee00e46b3, 400.55, 99, 29914
2026/09/09 15:16:09.354, 0, GPU-35ec6990-2b13-fbe4-44c2-103ee00e46b3, 377.52, 99, 29914
2026/09/09 15:16:09.454, 0, GPU-35ec6990-2b13-fbe4-44c2-103ee00e46b3, 384.91, 99, 29914
2026/09/09 15:16:09.554, 0, GPU-35ec6990-2b13-fbe4-44c2-103ee00e46b3, 411.29, 100, 29914
2026/09/09 15:16:09.654, 0, GPU-35ec6990-2b13-fbe4-44c2-103ee00e46b3, 372.63, 100, 29914
2026/09/09 15:16:09.754, 0, GPU-35ec6990-2b13-fbe4-44c2-103ee00e46b3, 399.01, 100, 29914
2026/09/09 15:16:09.855, 0, GPU-35ec6990-2b13-fbe4-44c2-103ee00e46b3, 375.38, 100, 29914
2026/09/09 15:16:09.955, 0, GPU-35ec6990-2b13-fbe4-44c2-103ee00e46b3, 379.67, 100, 29914
2026/09/09 15:16:10.055, 0, GPU-35ec6990-2b13-fbe4-44c2-103ee00e46b3, 386.73, 100, 29914
2026/09/09 15:16:10.155, 0, GPU-35ec6990-2b13-fbe4-44c2-103ee00e46b3, 394.10, 100, 29914
2026/09/09 15:16:10.255, 0, GPU-35ec6990-2b13-fbe4-44c2-103ee00e46b3, 394.10, 100, 29914
2026/09/09 15:16:10.355, 0, GPU-35ec6990-2b13-fbe4-44c2-103ee00e46b3, 403.30, 100, 29914
2026/09/09 15:16:10.456, 0, GPU-35ec6990-2b13-fbe4-44c2-103ee00e46b3, 403.30, 100, 29914
2026/09/09 15:16:10.556, 0, GPU-35ec6990-2b13-fbe4-44c2-103ee00e46b3, 372.30, 100, 29914
2026/09/09 15:16:10.656, 0, GPU-35ec6990-2b13-fbe4-44c2-103ee00e46b3, 412.51, 100, 29914
2026/09/09 15:16:10.756, 0, GPU-35ec6990-2b13-fbe4-44c2-103ee00e46b3, 375.38, 99, 29914
2026/09/09 15:16:10.856, 0, GPU-35ec6990-2b13-fbe4-44c2-103ee00e46b3, 403.91, 99, 29914
2026/09/09 15:16:10.956, 0, GPU-35ec6990-2b13-fbe4-44c2-103ee00e46b3, 403.91, 100, 29914
2026/09/09 15:16:11.057, 0, GPU-35ec6990-2b13-fbe4-44c2-103ee00e46b3, 380.89, 100, 29914
2026/09/09 15:16:11.157, 0, GPU-35ec6990-2b13-fbe4-44c2-103ee00e46b3, 399.28, 100, 29914
2026/09/09 15:16:11.257, 0, GPU-35ec6990-2b13-fbe4-44c2-103ee00e46b3, 403.58, 100, 29914
2026/09/09 15:16:11.357, 0, GPU-35ec6990-2b13-fbe4-44c2-103ee00e46b3, 373.23, 100, 29914
2026/09/09 15:16:11.457, 0, GPU-35ec6990-2b13-fbe4-44c2-103ee00e46b3, 388.88, 100, 29914
2026/09/09 15:16:11.558, 0, GPU-35ec6990-2b13-fbe4-44c2-103ee00e46b3, 372.90, 100, 29914
2026/09/09 15:16:11.658, 0, GPU-35ec6990-2b13-fbe4-44c2-103ee00e46b3, 376.32, 100, 29914
2026/09/09 15:16:11.758, 0, GPU-35ec6990-2b13-fbe4-44c2-103ee00e46b3, 390.42, 100, 29914
2026/09/09 15:16:11.858, 0, GPU-35ec6990-2b13-fbe4-44c2-103ee00e46b3, 389.81, 100, 29914
2026/09/09 15:16:11.958, 0, GPU-35ec6990-2b13-fbe4-44c2-103ee00e46b3, 382.43, 100, 29914
2026/09/09 15:16:12.058, 0, GPU-35ec6990-2b13-fbe4-44c2-103ee00e46b3, 411.29, 100, 29914
2026/09/09 15:16:12.159, 0, GPU-35ec6990-2b13-fbe4-44c2-103ee00e46b3, 384.30, 100, 29914
2026/09/09 15:16:12.259, 0, GPU-35ec6990-2b13-fbe4-44c2-103ee00e46b3, 355.44, 100, 29914
2026/09/09 15:16:12.359, 0, GPU-35ec6990-2b13-fbe4-44c2-103ee00e46b3, 398.41, 100, 29914
2026/09/09 15:16:12.459, 0, GPU-35ec6990-2b13-fbe4-44c2-103ee00e46b3, 369.54, 99, 29914
2026/09/09 15:16:12.559, 0, GPU-35ec6990-2b13-fbe4-44c2-103ee00e46b3, 412.18, 99, 29914
2026/09/09 15:16:12.659, 0, GPU-35ec6990-2b13-fbe4-44c2-103ee00e46b3, 412.18, 100, 29914
2026/09/09 15:16:12.760, 0, GPU-35ec6990-2b13-fbe4-44c2-103ee00e46b3, 383.97, 100, 29914
2026/09/09 15:16:12.860, 0, GPU-35ec6990-2b13-fbe4-44c2-103ee00e46b3, 383.97, 100, 29914
2026/09/09 15:16:12.960, 0, GPU-35ec6990-2b13-fbe4-44c2-103ee00e46b3, 398.07, 100, 29914
2026/09/09 15:16:13.060, 0, GPU-35ec6990-2b13-fbe4-44c2-103ee00e46b3, 398.07, 100, 29914
2026/09/09 15:16:13.160, 0, GPU-35ec6990-2b13-fbe4-44c2-103ee00e46b3, 384.91, 100, 29914
2026/09/09 15:16:13.260, 0, GPU-35ec6990-2b13-fbe4-44c2-103ee00e46b3, 391.02, 100, 29914
2026/09/09 15:16:13.361, 0, GPU-35ec6990-2b13-fbe4-44c2-103ee00e46b3, 369.54, 100, 29914
2026/09/09 15:16:13.461, 0, GPU-35ec6990-2b13-fbe4-44c2-103ee00e46b3, 405.12, 100, 29914
2026/09/09 15:16:13.561, 0, GPU-35ec6990-2b13-fbe4-44c2-103ee00e46b3, 372.02, 100, 29914
2026/09/09 15:16:13.661, 0, GPU-35ec6990-2b13-fbe4-44c2-103ee00e46b3, 372.02, 100, 29914
2026/09/09 15:16:13.761, 0, GPU-35ec6990-2b13-fbe4-44c2-103ee00e46b3, 392.56, 100, 29914
2026/09/09 15:16:13.861, 0, GPU-35ec6990-2b13-fbe4-44c2-103ee00e46b3, 381.49, 100, 29914
2026/09/09 15:16:13.962, 0, GPU-35ec6990-2b13-fbe4-44c2-103ee00e46b3, 405.12, 99, 29914
2026/09/09 15:16:14.062, 0, GPU-35ec6990-2b13-fbe4-44c2-103ee00e46b3, 387.94, 99, 29914
2026/09/09 15:16:14.162, 0, GPU-35ec6990-2b13-fbe4-44c2-103ee00e46b3, 385.79, 100, 29914
2026/09/09 15:16:14.262, 0, GPU-35ec6990-2b13-fbe4-44c2-103ee00e46b3, 411.57, 100, 29914
2026/09/09 15:16:14.362, 0, GPU-35ec6990-2b13-fbe4-44c2-103ee00e46b3, 387.66, 100, 29914
2026/09/09 15:16:14.462, 0, GPU-35ec6990-2b13-fbe4-44c2-103ee00e46b3, 369.54, 100, 29914
2026/09/09 15:16:14.563, 0, GPU-35ec6990-2b13-fbe4-44c2-103ee00e46b3, 402.70, 100, 29914
2026/09/09 15:16:14.663, 0, GPU-35ec6990-2b13-fbe4-44c2-103ee00e46b3, 368.00, 100, 29914
2026/09/09 15:16:14.763, 0, GPU-35ec6990-2b13-fbe4-44c2-103ee00e46b3, 380.89, 100, 29914
2026/09/09 15:16:14.863, 0, GPU-35ec6990-2b13-fbe4-44c2-103ee00e46b3, 387.05, 100, 29914
2026/09/09 15:16:14.963, 0, GPU-35ec6990-2b13-fbe4-44c2-103ee00e46b3, 368.93, 100, 29914
2026/09/09 15:16:15.064, 0, GPU-35ec6990-2b13-fbe4-44c2-103ee00e46b3, 386.73, 100, 29914
2026/09/09 15:16:15.164, 0, GPU-35ec6990-2b13-fbe4-44c2-103ee00e46b3, 401.43, 100, 29914
2026/09/09 15:16:15.264, 0, GPU-35ec6990-2b13-fbe4-44c2-103ee00e46b3, 371.69, 100, 29914
2026/09/09 15:16:15.364, 0, GPU-35ec6990-2b13-fbe4-44c2-103ee00e46b3, 390.42, 100, 29914
2026/09/09 15:16:15.464, 0, GPU-35ec6990-2b13-fbe4-44c2-103ee00e46b3, 383.64, 99, 29914
2026/09/09 15:16:15.564, 0, GPU-35ec6990-2b13-fbe4-44c2-103ee00e46b3, 391.02, 99, 29914
2026/09/09 15:16:15.665, 0, GPU-35ec6990-2b13-fbe4-44c2-103ee00e46b3, 409.14, 100, 29914
2026/09/09 15:16:15.765, 0, GPU-35ec6990-2b13-fbe4-44c2-103ee00e46b3, 383.91, 100, 29914
2026/09/09 15:16:15.865, 0, GPU-35ec6990-2b13-fbe4-44c2-103ee00e46b3, 404.19, 100, 29914
2026/09/09 15:16:15.965, 0, GPU-35ec6990-2b13-fbe4-44c2-103ee00e46b3, 386.73, 100, 29914
2026/09/09 15:16:16.065, 0, GPU-35ec6990-2b13-fbe4-44c2-103ee00e46b3, 375.05, 100, 29914
2026/09/09 15:16:16.165, 0, GPU-35ec6990-2b13-fbe4-44c2-103ee00e46b3, 384.91, 100, 29914
2026/09/09 15:16:16.266, 0, GPU-35ec6990-2b13-fbe4-44c2-103ee00e46b3, 406.25, 100, 29914
2026/09/09 15:16:16.366, 0, GPU-35ec6990-2b13-fbe4-44c2-103ee00e46b3, 406.25, 100, 29914
2026/09/09 15:16:16.466, 0, GPU-35ec6990-2b13-fbe4-44c2-103ee00e46b3, 373.57, 100, 29914
2026/09/09 15:16:16.566, 0, GPU-35ec6990-2b13-fbe4-44c2-103ee00e46b3, 408.81, 100, 29914
2026/09/09 15:16:16.666, 0, GPU-35ec6990-2b13-fbe4-44c2-103ee00e46b3, 380.89, 100, 29914
2026/09/09 15:16:16.766, 0, GPU-35ec6990-2b13-fbe4-44c2-103ee00e46b3, 380.89, 100, 29914
2026/09/09 15:16:16.867, 0, GPU-35ec6990-2b13-fbe4-44c2-103ee00e46b3, 399.89, 100, 29914
2026/09/09 15:16:16.967, 0, GPU-35ec6990-2b13-fbe4-44c2-103ee00e46b3, 386.73, 99, 29914
2026/09/09 15:16:17.067, 0, GPU-35ec6990-2b13-fbe4-44c2-103ee00e46b3, 399.01, 99, 29914
2026/09/09 15:16:17.167, 0, GPU-35ec6990-2b13-fbe4-44c2-103ee00e46b3, 397.80, 100, 29914
2026/09/09 15:16:17.267, 0, GPU-35ec6990-2b13-fbe4-44c2-103ee00e46b3, 370.15, 100, 29914
2026/09/09 15:16:17.367, 0, GPU-35ec6990-2b13-fbe4-44c2-103ee00e46b3, 388.54, 100, 29914
2026/09/09 15:16:17.468, 0, GPU-35ec6990-2b13-fbe4-44c2-103ee00e46b3, 401.16, 100, 29914
2026/09/09 15:16:17.568, 0, GPU-35ec6990-2b13-fbe4-44c2-103ee00e46b3, 378.13, 100, 29914
2026/09/09 15:16:17.668, 0, GPU-35ec6990-2b13-fbe4-44c2-103ee00e46b3, 388.27, 100, 29914
2026/09/09 15:16:17.768, 0, GPU-35ec6990-2b13-fbe4-44c2-103ee00e46b3, 388.27, 100, 29914
2026/09/09 15:16:17.868, 0, GPU-35ec6990-2b13-fbe4-44c2-103ee00e46b3, 387.33, 100, 29914
2026/09/09 15:16:17.968, 0, GPU-35ec6990-2b13-fbe4-44c2-103ee00e46b3, 391.35, 100, 29914
2026/09/09 15:16:18.069, 0, GPU-35ec6990-2b13-fbe4-44c2-103ee00e46b3, 372.63, 100, 29914
2026/09/09 15:16:18.169, 0, GPU-35ec6990-2b13-fbe4-44c2-103ee00e46b3, 372.63, 100, 29914
2026/09/09 15:16:18.269, 0, GPU-35ec6990-2b13-fbe4-44c2-103ee00e46b3, 378.74, 100, 29914
2026/09/09 15:16:18.369, 0, GPU-35ec6990-2b13-fbe4-44c2-103ee00e46b3, 372.63, 100, 29914
2026/09/09 15:16:18.469, 0, GPU-35ec6990-2b13-fbe4-44c2-103ee00e46b3, 407.60, 100, 29914
2026/09/09 15:16:18.570, 0, GPU-35ec6990-2b13-fbe4-44c2-103ee00e46b3, 387.66, 99, 29914
2026/09/09 15:16:18.670, 0, GPU-35ec6990-2b13-fbe4-44c2-103ee00e46b3, 397.14, 99, 29914
2026/09/09 15:16:18.770, 0, GPU-35ec6990-2b13-fbe4-44c2-103ee00e46b3, 379.67, 100, 29914
2026/09/09 15:16:18.870, 0, GPU-35ec6990-2b13-fbe4-44c2-103ee00e46b3, 383.64, 100, 29914
2026/09/09 15:16:18.970, 0, GPU-35ec6990-2b13-fbe4-44c2-103ee00e46b3, 385.79, 100, 29914
2026/09/09 15:16:19.070, 0, GPU-35ec6990-2b13-fbe4-44c2-103ee00e46b3, 389.48, 100, 29914
2026/09/09 15:16:19.171, 0, GPU-35ec6990-2b13-fbe4-44c2-103ee00e46b3, 373.57, 100, 29914
2026/09/09 15:16:19.271, 0, GPU-35ec6990-2b13-fbe4-44c2-103ee00e46b3, 390.69, 100, 29914
2026/09/09 15:16:19.371, 0, GPU-35ec6990-2b13-fbe4-44c2-103ee00e46b3, 382.76, 100, 29914
2026/09/09 15:16:19.471, 0, GPU-35ec6990-2b13-fbe4-44c2-103ee00e46b3, 373.57, 100, 29914
2026/09/09 15:16:19.571, 0, GPU-35ec6990-2b13-fbe4-44c2-103ee00e46b3, 404.85, 100, 29914
2026/09/09 15:16:19.671, 0, GPU-35ec6990-2b13-fbe4-44c2-103ee00e46b3, 404.85, 100, 29914
2026/09/09 15:16:19.772, 0, GPU-35ec6990-2b13-fbe4-44c2-103ee00e46b3, 377.52, 100, 29914
2026/09/09 15:16:19.872, 0, GPU-35ec6990-2b13-fbe4-44c2-103ee00e46b3, 386.40, 100, 29914
2026/09/09 15:16:19.972, 0, GPU-35ec6990-2b13-fbe4-44c2-103ee00e46b3, 361.28, 100, 29914
2026/09/09 15:16:20.072, 0, GPU-35ec6990-2b13-fbe4-44c2-103ee00e46b3, 361.28, 99, 29914
2026/09/09 15:16:20.172, 0, GPU-35ec6990-2b13-fbe4-44c2-103ee00e46b3, 402.04, 99, 29914
2026/09/09 15:16:20.272, 0, GPU-35ec6990-2b13-fbe4-44c2-103ee00e46b3, 381.22, 99, 29914
2026/09/09 15:16:20.373, 0, GPU-35ec6990-2b13-fbe4-44c2-103ee00e46b3, 392.84, 99, 29914
2026/09/09 15:16:20.473, 0, GPU-35ec6990-2b13-fbe4-44c2-103ee00e46b3, 414.05, 100, 29914
2026/09/09 15:16:20.573, 0, GPU-35ec6990-2b13-fbe4-44c2-103ee00e46b3, 383.64, 100, 29914
2026/09/09 15:16:20.673, 0, GPU-35ec6990-2b13-fbe4-44c2-103ee00e46b3, 391.63, 100, 29914
2026/09/09 15:16:20.773, 0, GPU-35ec6990-2b13-fbe4-44c2-103ee00e46b3, 403.58, 100, 29914
2026/09/09 15:16:20.873, 0, GPU-35ec6990-2b13-fbe4-44c2-103ee00e46b3, 377.52, 100, 29914
2026/09/09 15:16:20.974, 0, GPU-35ec6990-2b13-fbe4-44c2-103ee00e46b3, 387.05, 100, 29914
2026/09/09 15:16:21.074, 0, GPU-35ec6990-2b13-fbe4-44c2-103ee00e46b3, 389.20, 100, 29914
2026/09/09 15:16:21.174, 0, GPU-35ec6990-2b13-fbe4-44c2-103ee00e46b3, 364.97, 100, 29914
2026/09/09 15:16:21.274, 0, GPU-35ec6990-2b13-fbe4-44c2-103ee00e46b3, 388.54, 100, 29914
2026/09/09 15:16:21.374, 0, GPU-35ec6990-2b13-fbe4-44c2-103ee00e46b3, 399.28, 100, 29914
2026/09/09 15:16:21.474, 0, GPU-35ec6990-2b13-fbe4-44c2-103ee00e46b3, 373.23, 100, 29914
2026/09/09 15:16:21.575, 0, GPU-35ec6990-2b13-fbe4-44c2-103ee00e46b3, 386.40, 99, 29914
2026/09/09 15:16:21.675, 0, GPU-35ec6990-2b13-fbe4-44c2-103ee00e46b3, 370.81, 99, 29914
2026/09/09 15:16:21.775, 0, GPU-35ec6990-2b13-fbe4-44c2-103ee00e46b3, 393.17, 100, 29914
2026/09/09 15:16:21.875, 0, GPU-35ec6990-2b13-fbe4-44c2-103ee00e46b3, 381.83, 100, 29914
2026/09/09 15:16:21.975, 0, GPU-35ec6990-2b13-fbe4-44c2-103ee00e46b3, 407.27, 100, 29914
2026/09/09 15:16:22.076, 0, GPU-35ec6990-2b13-fbe4-44c2-103ee00e46b3, 383.37, 100, 29914
2026/09/09 15:16:22.176, 0, GPU-35ec6990-2b13-fbe4-44c2-103ee00e46b3, 383.37, 100, 29914
2026/09/09 15:16:22.276, 0, GPU-35ec6990-2b13-fbe4-44c2-103ee00e46b3, 387.05, 100, 29914
2026/09/09 15:16:22.376, 0, GPU-35ec6990-2b13-fbe4-44c2-103ee00e46b3, 399.89, 100, 29914
2026/09/09 15:16:22.476, 0, GPU-35ec6990-2b13-fbe4-44c2-103ee00e46b3, 373.57, 100, 29914
2026/09/09 15:16:22.576, 0, GPU-35ec6990-2b13-fbe4-44c2-103ee00e46b3, 398.07, 100, 29914
2026/09/09 15:16:22.677, 0, GPU-35ec6990-2b13-fbe4-44c2-103ee00e46b3, 377.86, 100, 29914
2026/09/09 15:16:22.777, 0, GPU-35ec6990-2b13-fbe4-44c2-103ee00e46b3, 380.28, 100, 29914
2026/09/09 15:16:22.877, 0, GPU-35ec6990-2b13-fbe4-44c2-103ee00e46b3, 407.27, 100, 29914
2026/09/09 15:16:22.977, 0, GPU-35ec6990-2b13-fbe4-44c2-103ee00e46b3, 381.49, 100, 29914
2026/09/09 15:16:23.077, 0, GPU-35ec6990-2b13-fbe4-44c2-103ee00e46b3, 388.54, 100, 29914
2026/09/09 15:16:23.177, 0, GPU-35ec6990-2b13-fbe4-44c2-103ee00e46b3, 388.54, 100, 29914
2026/09/09 15:16:23.278, 0, GPU-35ec6990-2b13-fbe4-44c2-103ee00e46b3, 380.28, 99, 29914
2026/09/09 15:16:23.378, 0, GPU-35ec6990-2b13-fbe4-44c2-103ee00e46b3, 382.76, 99, 29914
2026/09/09 15:16:23.478, 0, GPU-35ec6990-2b13-fbe4-44c2-103ee00e46b3, 395.65, 100, 29914
2026/09/09 15:16:23.578, 0, GPU-35ec6990-2b13-fbe4-44c2-103ee00e46b3, 375.98, 100, 29914
2026/09/09 15:16:23.678, 0, GPU-35ec6990-2b13-fbe4-44c2-103ee00e46b3, 375.98, 100, 29914
2026/09/09 15:16:23.779, 0, GPU-35ec6990-2b13-fbe4-44c2-103ee00e46b3, 408.81, 100, 29914
2026/09/09 15:16:23.879, 0, GPU-35ec6990-2b13-fbe4-44c2-103ee00e46b3, 371.08, 100, 29914
2026/09/09 15:16:23.979, 0, GPU-35ec6990-2b13-fbe4-44c2-103ee00e46b3, 383.97, 100, 29914
2026/09/09 15:16:24.079, 0, GPU-35ec6990-2b13-fbe4-44c2-103ee00e46b3, 395.32, 100, 29914
2026/09/09 15:16:24.179, 0, GPU-35ec6990-2b13-fbe4-44c2-103ee00e46b3, 377.86, 100, 29914
2026/09/09 15:16:24.279, 0, GPU-35ec6990-2b13-fbe4-44c2-103ee00e46b3, 381.22, 100, 29914
2026/09/09 15:16:24.380, 0, GPU-35ec6990-2b13-fbe4-44c2-103ee00e46b3, 415.26, 100, 29914
2026/09/09 15:16:24.480, 0, GPU-35ec6990-2b13-fbe4-44c2-103ee00e46b3, 374.77, 100, 29914
2026/09/09 15:16:24.580, 0, GPU-35ec6990-2b13-fbe4-44c2-103ee00e46b3, 388.27, 100, 29914
2026/09/09 15:16:24.680, 0, GPU-35ec6990-2b13-fbe4-44c2-103ee00e46b3, 401.16, 100, 29914
2026/09/09 15:16:24.780, 0, GPU-35ec6990-2b13-fbe4-44c2-103ee00e46b3, 380.61, 100, 29914
2026/09/09 15:16:24.880, 0, GPU-35ec6990-2b13-fbe4-44c2-103ee00e46b3, 410.35, 99, 29914
2026/09/09 15:16:24.981, 0, GPU-35ec6990-2b13-fbe4-44c2-103ee00e46b3, 389.48, 99, 29914
2026/09/09 15:16:25.081, 0, GPU-35ec6990-2b13-fbe4-44c2-103ee00e46b3, 386.40, 100, 29914
2026/09/09 15:16:25.181, 0, GPU-35ec6990-2b13-fbe4-44c2-103ee00e46b3, 405.45, 100, 29914
2026/09/09 15:16:25.281, 0, GPU-35ec6990-2b13-fbe4-44c2-103ee00e46b3, 374.17, 100, 29914
2026/09/09 15:16:25.381, 0, GPU-35ec6990-2b13-fbe4-44c2-103ee00e46b3, 385.79, 100, 29914
2026/09/09 15:16:25.481, 0, GPU-35ec6990-2b13-fbe4-44c2-103ee00e46b3, 394.99, 100, 29914
2026/09/09 15:16:25.582, 0, GPU-35ec6990-2b13-fbe4-44c2-103ee00e46b3, 370.81, 100, 29914
2026/09/09 15:16:25.682, 0, GPU-35ec6990-2b13-fbe4-44c2-103ee00e46b3, 392.56, 100, 29914
2026/09/09 15:16:25.782, 0, GPU-35ec6990-2b13-fbe4-44c2-103ee00e46b3, 402.70, 100, 29914
2026/09/09 15:16:25.882, 0, GPU-35ec6990-2b13-fbe4-44c2-103ee00e46b3, 376.32, 100, 29914
2026/09/09 15:16:25.982, 0, GPU-35ec6990-2b13-fbe4-44c2-103ee00e46b3, 388.54, 100, 29914
2026/09/09 15:16:26.082, 0, GPU-35ec6990-2b13-fbe4-44c2-103ee00e46b3, 382.76, 100, 29914
2026/09/09 15:16:26.183, 0, GPU-35ec6990-2b13-fbe4-44c2-103ee00e46b3, 377.20, 100, 29914
2026/09/09 15:16:26.283, 0, GPU-35ec6990-2b13-fbe4-44c2-103ee00e46b3, 384.91, 99, 29914
2026/09/09 15:16:26.383, 0, GPU-35ec6990-2b13-fbe4-44c2-103ee00e46b3, 384.91, 99, 29914
2026/09/09 15:16:26.483, 0, GPU-35ec6990-2b13-fbe4-44c2-103ee00e46b3, 390.69, 100, 29914
2026/09/09 15:16:26.583, 0, GPU-35ec6990-2b13-fbe4-44c2-103ee00e46b3, 389.20, 100, 29914
2026/09/09 15:16:26.683, 0, GPU-35ec6990-2b13-fbe4-44c2-103ee00e46b3, 389.20, 100, 29914
2026/09/09 15:16:26.784, 0, GPU-35ec6990-2b13-fbe4-44c2-103ee00e46b3, 402.98, 100, 29914
2026/09/09 15:16:26.884, 0, GPU-35ec6990-2b13-fbe4-44c2-103ee00e46b3, 402.98, 100, 29914
2026/09/09 15:16:26.984, 0, GPU-35ec6990-2b13-fbe4-44c2-103ee00e46b3, 374.17, 100, 29914
2026/09/09 15:16:27.084, 0, GPU-35ec6990-2b13-fbe4-44c2-103ee00e46b3, 396.86, 100, 29914
2026/09/09 15:16:27.184, 0, GPU-35ec6990-2b13-fbe4-44c2-103ee00e46b3, 381.49, 100, 29914
2026/09/09 15:16:27.284, 0, GPU-35ec6990-2b13-fbe4-44c2-103ee00e46b3, 375.38, 100, 29914
2026/09/09 15:16:27.385, 0, GPU-35ec6990-2b13-fbe4-44c2-103ee00e46b3, 399.28, 100, 29914
2026/09/09 15:16:27.485, 0, GPU-35ec6990-2b13-fbe4-44c2-103ee00e46b3, 385.18, 100, 29914
2026/09/09 15:16:27.585, 0, GPU-35ec6990-2b13-fbe4-44c2-103ee00e46b3, 380.89, 100, 29914
2026/09/09 15:16:27.685, 0, GPU-35ec6990-2b13-fbe4-44c2-103ee00e46b3, 413.72, 100, 29914
2026/09/09 15:16:27.785, 0, GPU-35ec6990-2b13-fbe4-44c2-103ee00e46b3, 364.97, 100, 29914
2026/09/09 15:16:27.885, 0, GPU-35ec6990-2b13-fbe4-44c2-103ee00e46b3, 393.77, 99, 29914
2026/09/09 15:16:27.986, 0, GPU-35ec6990-2b13-fbe4-44c2-103ee00e46b3, 402.04, 99, 29914
2026/09/09 15:16:28.086, 0, GPU-35ec6990-2b13-fbe4-44c2-103ee00e46b3, 370.47, 100, 29914
2026/09/09 15:16:28.186, 0, GPU-35ec6990-2b13-fbe4-44c2-103ee00e46b3, 398.07, 100, 29914
2026/09/09 15:16:28.286, 0, GPU-35ec6990-2b13-fbe4-44c2-103ee00e46b3, 375.38, 100, 29914
2026/09/09 15:16:28.386, 0, GPU-35ec6990-2b13-fbe4-44c2-103ee00e46b3, 372.02, 100, 29914
2026/09/09 15:16:28.487, 0, GPU-35ec6990-2b13-fbe4-44c2-103ee00e46b3, 398.07, 100, 29914
2026/09/09 15:16:28.587, 0, GPU-35ec6990-2b13-fbe4-44c2-103ee00e46b3, 369.54, 100, 29914
2026/09/09 15:16:28.687, 0, GPU-35ec6990-2b13-fbe4-44c2-103ee00e46b3, 380.61, 100, 29914
2026/09/09 15:16:28.787, 0, GPU-35ec6990-2b13-fbe4-44c2-103ee00e46b3, 411.89, 100, 29914
2026/09/09 15:16:28.887, 0, GPU-35ec6990-2b13-fbe4-44c2-103ee00e46b3, 375.71, 100, 29914
2026/09/09 15:16:28.987, 0, GPU-35ec6990-2b13-fbe4-44c2-103ee00e46b3, 385.79, 100, 29914
2026/09/09 15:16:29.088, 0, GPU-35ec6990-2b13-fbe4-44c2-103ee00e46b3, 391.35, 100, 29914
2026/09/09 15:16:29.188, 0, GPU-35ec6990-2b13-fbe4-44c2-103ee00e46b3, 380.61, 100, 29914
2026/09/09 15:16:29.288, 0, GPU-35ec6990-2b13-fbe4-44c2-103ee00e46b3, 387.05, 100, 29914
2026/09/09 15:16:29.388, 0, GPU-35ec6990-2b13-fbe4-44c2-103ee00e46b3, 382.15, 100, 29914
2026/09/09 15:16:29.488, 0, GPU-35ec6990-2b13-fbe4-44c2-103ee00e46b3, 369.87, 99, 29914
2026/09/09 15:16:29.588, 0, GPU-35ec6990-2b13-fbe4-44c2-103ee00e46b3, 390.69, 99, 29914
2026/09/09 15:16:29.689, 0, GPU-35ec6990-2b13-fbe4-44c2-103ee00e46b3, 390.69, 100, 29914
2026/09/09 15:16:29.789, 0, GPU-35ec6990-2b13-fbe4-44c2-103ee00e46b3, 390.69, 100, 29914
2026/09/09 15:16:29.889, 0, GPU-35ec6990-2b13-fbe4-44c2-103ee00e46b3, 387.33, 100, 29914
2026/09/09 15:16:29.989, 0, GPU-35ec6990-2b13-fbe4-44c2-103ee00e46b3, 384.91, 100, 29914
2026/09/09 15:16:30.089, 0, GPU-35ec6990-2b13-fbe4-44c2-103ee00e46b3, 384.91, 100, 29914
2026/09/09 15:16:30.189, 0, GPU-35ec6990-2b13-fbe4-44c2-103ee00e46b3, 388.54, 100, 29914
2026/09/09 15:16:30.290, 0, GPU-35ec6990-2b13-fbe4-44c2-103ee00e46b3, 388.54, 100, 29914
2026/09/09 15:16:30.390, 0, GPU-35ec6990-2b13-fbe4-44c2-103ee00e46b3, 390.09, 100, 29914
2026/09/09 15:16:30.490, 0, GPU-35ec6990-2b13-fbe4-44c2-103ee00e46b3, 390.09, 100, 29914
2026/09/09 15:16:30.590, 0, GPU-35ec6990-2b13-fbe4-44c2-103ee00e46b3, 365.24, 100, 29914
2026/09/09 15:16:30.690, 0, GPU-35ec6990-2b13-fbe4-44c2-103ee00e46b3, 365.24, 100, 29914
2026/09/09 15:16:30.790, 0, GPU-35ec6990-2b13-fbe4-44c2-103ee00e46b3, 404.19, 100, 29914
2026/09/09 15:16:30.891, 0, GPU-35ec6990-2b13-fbe4-44c2-103ee00e46b3, 383.37, 99, 29914
2026/09/09 15:16:30.991, 0, GPU-35ec6990-2b13-fbe4-44c2-103ee00e46b3, 407.27, 99, 29914
2026/09/09 15:16:31.091, 0, GPU-35ec6990-2b13-fbe4-44c2-103ee00e46b3, 377.86, 100, 29914
2026/09/09 15:16:31.191, 0, GPU-35ec6990-2b13-fbe4-44c2-103ee00e46b3, 385.18, 100, 29914
2026/09/09 15:16:31.291, 0, GPU-35ec6990-2b13-fbe4-44c2-103ee00e46b3, 395.32, 100, 29914
2026/09/09 15:16:31.391, 0, GPU-35ec6990-2b13-fbe4-44c2-103ee00e46b3, 387.66, 100, 29914
2026/09/09 15:16:31.492, 0, GPU-35ec6990-2b13-fbe4-44c2-103ee00e46b3, 388.88, 100, 29914
2026/09/09 15:16:31.592, 0, GPU-35ec6990-2b13-fbe4-44c2-103ee00e46b3, 385.51, 100, 29914
2026/09/09 15:16:31.692, 0, GPU-35ec6990-2b13-fbe4-44c2-103ee00e46b3, 366.18, 100, 29914
2026/09/09 15:16:31.792, 0, GPU-35ec6990-2b13-fbe4-44c2-103ee00e46b3, 389.81, 100, 29914
2026/09/09 15:16:31.892, 0, GPU-35ec6990-2b13-fbe4-44c2-103ee00e46b3, 392.84, 100, 29914
2026/09/09 15:16:31.992, 0, GPU-35ec6990-2b13-fbe4-44c2-103ee00e46b3, 373.84, 100, 29914
2026/09/09 15:16:32.093, 0, GPU-35ec6990-2b13-fbe4-44c2-103ee00e46b3, 393.77, 100, 29914
2026/09/09 15:16:32.193, 0, GPU-35ec6990-2b13-fbe4-44c2-103ee00e46b3, 376.32, 100, 29914
2026/09/09 15:16:32.293, 0, GPU-35ec6990-2b13-fbe4-44c2-103ee00e46b3, 384.91, 100, 29914
2026/09/09 15:16:32.393, 0, GPU-35ec6990-2b13-fbe4-44c2-103ee00e46b3, 364.97, 100, 29914
2026/09/09 15:16:32.493, 0, GPU-35ec6990-2b13-fbe4-44c2-103ee00e46b3, 380.28, 99, 29914
2026/09/09 15:16:32.594, 0, GPU-35ec6990-2b13-fbe4-44c2-103ee00e46b3, 403.91, 99, 29914
2026/09/09 15:16:32.694, 0, GPU-35ec6990-2b13-fbe4-44c2-103ee00e46b3, 389.48, 99, 29914
2026/09/09 15:16:32.794, 0, GPU-35ec6990-2b13-fbe4-44c2-103ee00e46b3, 389.48, 100, 29914
2026/09/09 15:16:32.894, 0, GPU-35ec6990-2b13-fbe4-44c2-103ee00e46b3, 377.86, 100, 29914
2026/09/09 15:16:32.994, 0, GPU-35ec6990-2b13-fbe4-44c2-103ee00e46b3, 390.69, 100, 29914
2026/09/09 15:16:33.094, 0, GPU-35ec6990-2b13-fbe4-44c2-103ee00e46b3, 390.69, 100, 29914
2026/09/09 15:16:33.195, 0, GPU-35ec6990-2b13-fbe4-44c2-103ee00e46b3, 377.86, 100, 29914
2026/09/09 15:16:33.295, 0, GPU-35ec6990-2b13-fbe4-44c2-103ee00e46b3, 408.21, 100, 29914
2026/09/09 15:16:33.395, 0, GPU-35ec6990-2b13-fbe4-44c2-103ee00e46b3, 373.57, 100, 29914
2026/09/09 15:16:33.495, 0, GPU-35ec6990-2b13-fbe4-44c2-103ee00e46b3, 373.57, 100, 29914
2026/09/09 15:16:33.595, 0, GPU-35ec6990-2b13-fbe4-44c2-103ee00e46b3, 399.01, 100, 29914
2026/09/09 15:16:33.695, 0, GPU-35ec6990-2b13-fbe4-44c2-103ee00e46b3, 385.79, 100, 29914
2026/09/09 15:16:33.796, 0, GPU-35ec6990-2b13-fbe4-44c2-103ee00e46b3, 391.96, 100, 29914
2026/09/09 15:16:33.896, 0, GPU-35ec6990-2b13-fbe4-44c2-103ee00e46b3, 413.62, 100, 29914
2026/09/09 15:16:33.996, 0, GPU-35ec6990-2b13-fbe4-44c2-103ee00e46b3, 376.59, 100, 29914
2026/09/09 15:16:34.096, 0, GPU-35ec6990-2b13-fbe4-44c2-103ee00e46b3, 391.96, 99, 29914
2026/09/09 15:16:34.196, 0, GPU-35ec6990-2b13-fbe4-44c2-103ee00e46b3, 387.94, 99, 29914
2026/09/09 15:16:34.296, 0, GPU-35ec6990-2b13-fbe4-44c2-103ee00e46b3, 373.84, 100, 29914
2026/09/09 15:16:34.397, 0, GPU-35ec6990-2b13-fbe4-44c2-103ee00e46b3, 396.86, 100, 29914
2026/09/09 15:16:34.497, 0, GPU-35ec6990-2b13-fbe4-44c2-103ee00e46b3, 376.92, 100, 29914
2026/09/09 15:16:34.597, 0, GPU-35ec6990-2b13-fbe4-44c2-103ee00e46b3, 375.05, 100, 29914
2026/09/09 15:16:34.697, 0, GPU-35ec6990-2b13-fbe4-44c2-103ee00e46b3, 376.32, 100, 29914
2026/09/09 15:16:34.797, 0, GPU-35ec6990-2b13-fbe4-44c2-103ee00e46b3, 376.32, 100, 29914
2026/09/09 15:16:34.897, 0, GPU-35ec6990-2b13-fbe4-44c2-103ee00e46b3, 398.41, 100, 29914
2026/09/09 15:16:34.998, 0, GPU-35ec6990-2b13-fbe4-44c2-103ee00e46b3, 367.39, 100, 29914
2026/09/09 15:16:35.098, 0, GPU-35ec6990-2b13-fbe4-44c2-103ee00e46b3, 396.53, 100, 29914
2026/09/09 15:16:35.198, 0, GPU-35ec6990-2b13-fbe4-44c2-103ee00e46b3, 400.82, 100, 29914
2026/09/09 15:16:35.298, 0, GPU-35ec6990-2b13-fbe4-44c2-103ee00e46b3, 384.58, 100, 29914
2026/09/09 15:16:35.398, 0, GPU-35ec6990-2b13-fbe4-44c2-103ee00e46b3, 402.98, 100, 29914
2026/09/09 15:16:35.498, 0, GPU-35ec6990-2b13-fbe4-44c2-103ee00e46b3, 363.42, 99, 29914
2026/09/09 15:16:35.599, 0, GPU-35ec6990-2b13-fbe4-44c2-103ee00e46b3, 387.33, 99, 29914
2026/09/09 15:16:35.699, 0, GPU-35ec6990-2b13-fbe4-44c2-103ee00e46b3, 403.30, 100, 29914
2026/09/09 15:16:35.799, 0, GPU-35ec6990-2b13-fbe4-44c2-103ee00e46b3, 380.28, 100, 29914
2026/09/09 15:16:35.899, 0, GPU-35ec6990-2b13-fbe4-44c2-103ee00e46b3, 397.80, 100, 29914
2026/09/09 15:16:35.999, 0, GPU-35ec6990-2b13-fbe4-44c2-103ee00e46b3, 400.22, 100, 29914
2026/09/09 15:16:36.100, 0, GPU-35ec6990-2b13-fbe4-44c2-103ee00e46b3, 377.20, 100, 29914
2026/09/09 15:16:36.200, 0, GPU-35ec6990-2b13-fbe4-44c2-103ee00e46b3, 400.55, 100, 29914
2026/09/09 15:16:36.300, 0, GPU-35ec6990-2b13-fbe4-44c2-103ee00e46b3, 412.68, 100, 29914
2026/09/09 15:16:36.400, 0, GPU-35ec6990-2b13-fbe4-44c2-103ee00e46b3, 379.35, 100, 29914
2026/09/09 15:16:36.500, 0, GPU-35ec6990-2b13-fbe4-44c2-103ee00e46b3, 398.68, 100, 29914
2026/09/09 15:16:36.600, 0, GPU-35ec6990-2b13-fbe4-44c2-103ee00e46b3, 374.17, 100, 29914
2026/09/09 15:16:36.701, 0, GPU-35ec6990-2b13-fbe4-44c2-103ee00e46b3, 375.38, 100, 29914
2026/09/09 15:16:36.801, 0, GPU-35ec6990-2b13-fbe4-44c2-103ee00e46b3, 404.19, 100, 29914
2026/09/09 15:16:36.901, 0, GPU-35ec6990-2b13-fbe4-44c2-103ee00e46b3, 404.19, 100, 29914
2026/09/09 15:16:37.001, 0, GPU-35ec6990-2b13-fbe4-44c2-103ee00e46b3, 378.46, 100, 29914
2026/09/09 15:16:37.101, 0, GPU-35ec6990-2b13-fbe4-44c2-103ee00e46b3, 378.46, 100, 29914
2026/09/09 15:16:37.201, 0, GPU-35ec6990-2b13-fbe4-44c2-103ee00e46b3, 379.07, 99, 29914
2026/09/09 15:16:37.302, 0, GPU-35ec6990-2b13-fbe4-44c2-103ee00e46b3, 379.07, 99, 29914
2026/09/09 15:16:37.402, 0, GPU-35ec6990-2b13-fbe4-44c2-103ee00e46b3, 399.28, 100, 29914
2026/09/09 15:16:37.502, 0, GPU-35ec6990-2b13-fbe4-44c2-103ee00e46b3, 407.87, 100, 29914
2026/09/09 15:16:37.602, 0, GPU-35ec6990-2b13-fbe4-44c2-103ee00e46b3, 376.32, 100, 29914
2026/09/09 15:16:37.702, 0, GPU-35ec6990-2b13-fbe4-44c2-103ee00e46b3, 392.84, 100, 29914
2026/09/09 15:16:37.802, 0, GPU-35ec6990-2b13-fbe4-44c2-103ee00e46b3, 392.56, 100, 29914
2026/09/09 15:16:37.903, 0, GPU-35ec6990-2b13-fbe4-44c2-103ee00e46b3, 378.46, 100, 29914
2026/09/09 15:16:38.003, 0, GPU-35ec6990-2b13-fbe4-44c2-103ee00e46b3, 393.77, 100, 29914
2026/09/09 15:16:38.103, 0, GPU-35ec6990-2b13-fbe4-44c2-103ee00e46b3, 394.71, 100, 29914
2026/09/09 15:16:38.203, 0, GPU-35ec6990-2b13-fbe4-44c2-103ee00e46b3, 381.49, 100, 29914
2026/09/09 15:16:38.303, 0, GPU-35ec6990-2b13-fbe4-44c2-103ee00e46b3, 406.67, 100, 29914
2026/09/09 15:16:38.404, 0, GPU-35ec6990-2b13-fbe4-44c2-103ee00e46b3, 375.38, 100, 29914
2026/09/09 15:16:38.504, 0, GPU-35ec6990-2b13-fbe4-44c2-103ee00e46b3, 385.51, 100, 29914
2026/09/09 15:16:38.604, 0, GPU-35ec6990-2b13-fbe4-44c2-103ee00e46b3, 402.70, 100, 29914
2026/09/09 15:16:38.704, 0, GPU-35ec6990-2b13-fbe4-44c2-103ee00e46b3, 377.20, 99, 29914
2026/09/09 15:16:38.804, 0, GPU-35ec6990-2b13-fbe4-44c2-103ee00e46b3, 413.72, 99, 29914
2026/09/09 15:16:38.904, 0, GPU-35ec6990-2b13-fbe4-44c2-103ee00e46b3, 373.57, 100, 29914
2026/09/09 15:16:39.005, 0, GPU-35ec6990-2b13-fbe4-44c2-103ee00e46b3, 372.30, 100, 29914
2026/09/09 15:16:39.105, 0, GPU-35ec6990-2b13-fbe4-44c2-103ee00e46b3, 392.23, 100, 29914
2026/09/09 15:16:39.205, 0, GPU-35ec6990-2b13-fbe4-44c2-103ee00e46b3, 399.01, 100, 29914
2026/09/09 15:16:39.305, 0, GPU-35ec6990-2b13-fbe4-44c2-103ee00e46b3, 399.01, 100, 29914
2026/09/09 15:16:39.405, 0, GPU-35ec6990-2b13-fbe4-44c2-103ee00e46b3, 368.93, 100, 29914
2026/09/09 15:16:39.505, 0, GPU-35ec6990-2b13-fbe4-44c2-103ee00e46b3, 396.86, 100, 29914
2026/09/09 15:16:39.606, 0, GPU-35ec6990-2b13-fbe4-44c2-103ee00e46b3, 398.07, 100, 29914
2026/09/09 15:16:39.706, 0, GPU-35ec6990-2b13-fbe4-44c2-103ee00e46b3, 375.71, 100, 29914
2026/09/09 15:16:39.806, 0, GPU-35ec6990-2b13-fbe4-44c2-103ee00e46b3, 401.43, 100, 29914
2026/09/09 15:16:39.906, 0, GPU-35ec6990-2b13-fbe4-44c2-103ee00e46b3, 377.86, 100, 29914
2026/09/09 15:16:40.006, 0, GPU-35ec6990-2b13-fbe4-44c2-103ee00e46b3, 372.63, 100, 29914
2026/09/09 15:16:40.106, 0, GPU-35ec6990-2b13-fbe4-44c2-103ee00e46b3, 357.82, 100, 29914
2026/09/09 15:16:40.207, 0, GPU-35ec6990-2b13-fbe4-44c2-103ee00e46b3, 357.82, 100, 29914
2026/09/09 15:16:40.307, 0, GPU-35ec6990-2b13-fbe4-44c2-103ee00e46b3, 390.09, 100, 29914
2026/09/09 15:16:40.407, 0, GPU-35ec6990-2b13-fbe4-44c2-103ee00e46b3, 393.77, 99, 29914
2026/09/09 15:16:40.507, 0, GPU-35ec6990-2b13-fbe4-44c2-103ee00e46b3, 367.72, 99, 29914
2026/09/09 15:16:40.607, 0, GPU-35ec6990-2b13-fbe4-44c2-103ee00e46b3, 397.47, 100, 29914
2026/09/09 15:16:40.707, 0, GPU-35ec6990-2b13-fbe4-44c2-103ee00e46b3, 397.47, 100, 29914
2026/09/09 15:16:40.808, 0, GPU-35ec6990-2b13-fbe4-44c2-103ee00e46b3, 381.83, 100, 29914
2026/09/09 15:16:40.908, 0, GPU-35ec6990-2b13-fbe4-44c2-103ee00e46b3, 391.35, 100, 29914
2026/09/09 15:16:41.008, 0, GPU-35ec6990-2b13-fbe4-44c2-103ee00e46b3, 391.35, 100, 29914
2026/09/09 15:16:41.108, 0, GPU-35ec6990-2b13-fbe4-44c2-103ee00e46b3, 376.92, 100, 29914
2026/09/09 15:16:41.208, 0, GPU-35ec6990-2b13-fbe4-44c2-103ee00e46b3, 384.30, 100, 29914
2026/09/09 15:16:41.309, 0, GPU-35ec6990-2b13-fbe4-44c2-103ee00e46b3, 398.68, 100, 29914
2026/09/09 15:16:41.409, 0, GPU-35ec6990-2b13-fbe4-44c2-103ee00e46b3, 377.52, 100, 29914
2026/09/09 15:16:41.509, 0, GPU-35ec6990-2b13-fbe4-44c2-103ee00e46b3, 379.07, 100, 29914
2026/09/09 15:16:41.609, 0, GPU-35ec6990-2b13-fbe4-44c2-103ee00e46b3, 406.58, 100, 29914
2026/09/09 15:16:41.709, 0, GPU-35ec6990-2b13-fbe4-44c2-103ee00e46b3, 377.52, 100, 29914
2026/09/09 15:16:41.809, 0, GPU-35ec6990-2b13-fbe4-44c2-103ee00e46b3, 401.16, 99, 29914
2026/09/09 15:16:41.910, 0, GPU-35ec6990-2b13-fbe4-44c2-103ee00e46b3, 377.52, 99, 29914
2026/09/09 15:16:42.010, 0, GPU-35ec6990-2b13-fbe4-44c2-103ee00e46b3, 387.05, 100, 29914
2026/09/09 15:16:42.110, 0, GPU-35ec6990-2b13-fbe4-44c2-103ee00e46b3, 396.53, 100, 29914
2026/09/09 15:16:42.210, 0, GPU-35ec6990-2b13-fbe4-44c2-103ee00e46b3, 383.37, 100, 29914
2026/09/09 15:16:42.310, 0, GPU-35ec6990-2b13-fbe4-44c2-103ee00e46b3, 385.79, 100, 29914
2026/09/09 15:16:42.410, 0, GPU-35ec6990-2b13-fbe4-44c2-103ee00e46b3, 394.71, 100, 29914
2026/09/09 15:16:42.511, 0, GPU-35ec6990-2b13-fbe4-44c2-103ee00e46b3, 387.05, 100, 29914
2026/09/09 15:16:42.611, 0, GPU-35ec6990-2b13-fbe4-44c2-103ee00e46b3, 385.51, 100, 29914
2026/09/09 15:16:42.711, 0, GPU-35ec6990-2b13-fbe4-44c2-103ee00e46b3, 403.77, 100, 29914
2026/09/09 15:16:42.811, 0, GPU-35ec6990-2b13-fbe4-44c2-103ee00e46b3, 370.81, 100, 29914
2026/09/09 15:16:42.911, 0, GPU-35ec6990-2b13-fbe4-44c2-103ee00e46b3, 391.02, 100, 29914
2026/09/09 15:16:43.011, 0, GPU-35ec6990-2b13-fbe4-44c2-103ee00e46b3, 407.00, 100, 29914
2026/09/09 15:16:43.112, 0, GPU-35ec6990-2b13-fbe4-44c2-103ee00e46b3, 376.92, 100, 29914
2026/09/09 15:16:43.212, 0, GPU-35ec6990-2b13-fbe4-44c2-103ee00e46b3, 388.88, 100, 29914
2026/09/09 15:16:43.312, 0, GPU-35ec6990-2b13-fbe4-44c2-103ee00e46b3, 364.04, 100, 29914
2026/09/09 15:16:43.412, 0, GPU-35ec6990-2b13-fbe4-44c2-103ee00e46b3, 386.40, 99, 29914
2026/09/09 15:16:43.512, 0, GPU-35ec6990-2b13-fbe4-44c2-103ee00e46b3, 392.23, 99, 29914
2026/09/09 15:16:43.612, 0, GPU-35ec6990-2b13-fbe4-44c2-103ee00e46b3, 382.15, 100, 29914
2026/09/09 15:16:43.713, 0, GPU-35ec6990-2b13-fbe4-44c2-103ee00e46b3, 382.15, 100, 29914
2026/09/09 15:16:43.813, 0, GPU-35ec6990-2b13-fbe4-44c2-103ee00e46b3, 392.84, 100, 29914
2026/09/09 15:16:43.913, 0, GPU-35ec6990-2b13-fbe4-44c2-103ee00e46b3, 370.81, 100, 29914
2026/09/09 15:16:44.013, 0, GPU-35ec6990-2b13-fbe4-44c2-103ee00e46b3, 401.43, 100, 29914
2026/09/09 15:16:44.113, 0, GPU-35ec6990-2b13-fbe4-44c2-103ee00e46b3, 394.71, 100, 29914
2026/09/09 15:16:44.214, 0, GPU-35ec6990-2b13-fbe4-44c2-103ee00e46b3, 378.74, 100, 29914
2026/09/09 15:16:44.314, 0, GPU-35ec6990-2b13-fbe4-44c2-103ee00e46b3, 390.09, 100, 29914
2026/09/09 15:16:44.414, 0, GPU-35ec6990-2b13-fbe4-44c2-103ee00e46b3, 383.37, 100, 29914
2026/09/09 15:16:44.514, 0, GPU-35ec6990-2b13-fbe4-44c2-103ee00e46b3, 374.17, 100, 29914
2026/09/09 15:16:44.614, 0, GPU-35ec6990-2b13-fbe4-44c2-103ee00e46b3, 395.93, 100, 29914
2026/09/09 15:16:44.714, 0, GPU-35ec6990-2b13-fbe4-44c2-103ee00e46b3, 380.61, 100, 29914
2026/09/09 15:16:44.815, 0, GPU-35ec6990-2b13-fbe4-44c2-103ee00e46b3, 383.03, 100, 29914
2026/09/09 15:16:44.915, 0, GPU-35ec6990-2b13-fbe4-44c2-103ee00e46b3, 385.51, 100, 29914
2026/09/09 15:16:45.015, 0, GPU-35ec6990-2b13-fbe4-44c2-103ee00e46b3, 371.41, 99, 29914
2026/09/09 15:16:45.115, 0, GPU-35ec6990-2b13-fbe4-44c2-103ee00e46b3, 410.02, 99, 29914
2026/09/09 15:16:45.215, 0, GPU-35ec6990-2b13-fbe4-44c2-103ee00e46b3, 375.98, 100, 29914
2026/09/09 15:16:45.316, 0, GPU-35ec6990-2b13-fbe4-44c2-103ee00e46b3, 383.64, 100, 29914
2026/09/09 15:16:45.416, 0, GPU-35ec6990-2b13-fbe4-44c2-103ee00e46b3, 411.14, 100, 29914
2026/09/09 15:16:45.516, 0, GPU-35ec6990-2b13-fbe4-44c2-103ee00e46b3, 387.66, 100, 29914
2026/09/09 15:16:45.616, 0, GPU-35ec6990-2b13-fbe4-44c2-103ee00e46b3, 381.83, 100, 29914
2026/09/09 15:16:45.716, 0, GPU-35ec6990-2b13-fbe4-44c2-103ee00e46b3, 391.35, 100, 29914
2026/09/09 15:16:45.816, 0, GPU-35ec6990-2b13-fbe4-44c2-103ee00e46b3, 387.33, 100, 29914
2026/09/09 15:16:45.917, 0, GPU-35ec6990-2b13-fbe4-44c2-103ee00e46b3, 384.91, 100, 29914
2026/09/09 15:16:46.017, 0, GPU-35ec6990-2b13-fbe4-44c2-103ee00e46b3, 406.85, 100, 29914
2026/09/09 15:16:46.117, 0, GPU-35ec6990-2b13-fbe4-44c2-103ee00e46b3, 369.26, 100, 29914
2026/09/09 15:16:46.217, 0, GPU-35ec6990-2b13-fbe4-44c2-103ee00e46b3, 392.84, 100, 29914
2026/09/09 15:16:46.317, 0, GPU-35ec6990-2b13-fbe4-44c2-103ee00e46b3, 407.27, 100, 29914
2026/09/09 15:16:46.417, 0, GPU-35ec6990-2b13-fbe4-44c2-103ee00e46b3, 388.27, 99, 29914
2026/09/09 15:16:46.518, 0, GPU-35ec6990-2b13-fbe4-44c2-103ee00e46b3, 412.18, 100, 29914
2026/09/09 15:16:46.618, 0, GPU-35ec6990-2b13-fbe4-44c2-103ee00e46b3, 381.22, 100, 29914
2026/09/09 15:16:46.718, 0, GPU-35ec6990-2b13-fbe4-44c2-103ee00e46b3, 380.89, 100, 29914
2026/09/09 15:16:46.818, 0, GPU-35ec6990-2b13-fbe4-44c2-103ee00e46b3, 394.71, 100, 29914
2026/09/09 15:16:46.918, 0, GPU-35ec6990-2b13-fbe4-44c2-103ee00e46b3, 390.09, 100, 29914
2026/09/09 15:16:47.019, 0, GPU-35ec6990-2b13-fbe4-44c2-103ee00e46b3, 390.09, 100, 29914
2026/09/09 15:16:47.119, 0, GPU-35ec6990-2b13-fbe4-44c2-103ee00e46b3, 397.80, 100, 29914
2026/09/09 15:16:47.219, 0, GPU-35ec6990-2b13-fbe4-44c2-103ee00e46b3, 367.12, 100, 29914
2026/09/09 15:16:47.319, 0, GPU-35ec6990-2b13-fbe4-44c2-103ee00e46b3, 395.65, 100, 29914
2026/09/09 15:16:47.419, 0, GPU-35ec6990-2b13-fbe4-44c2-103ee00e46b3, 406.33, 100, 29914
2026/09/09 15:16:47.519, 0, GPU-35ec6990-2b13-fbe4-44c2-103ee00e46b3, 380.89, 100, 29914
2026/09/09 15:16:47.620, 0, GPU-35ec6990-2b13-fbe4-44c2-103ee00e46b3, 380.89, 100, 29914
2026/09/09 15:16:47.720, 0, GPU-35ec6990-2b13-fbe4-44c2-103ee00e46b3, 395.65, 100, 29914
2026/09/09 15:16:47.820, 0, GPU-35ec6990-2b13-fbe4-44c2-103ee00e46b3, 376.92, 100, 29914
2026/09/09 15:16:47.920, 0, GPU-35ec6990-2b13-fbe4-44c2-103ee00e46b3, 376.92, 100, 29914
2026/09/09 15:16:48.020, 0, GPU-35ec6990-2b13-fbe4-44c2-103ee00e46b3, 361.88, 99, 29914
2026/09/09 15:16:48.121, 0, GPU-35ec6990-2b13-fbe4-44c2-103ee00e46b3, 391.35, 99, 29914
2026/09/09 15:16:48.221, 0, GPU-35ec6990-2b13-fbe4-44c2-103ee00e46b3, 391.35, 100, 29914
2026/09/09 15:16:48.321, 0, GPU-35ec6990-2b13-fbe4-44c2-103ee00e46b3, 392.56, 100, 29914
2026/09/09 15:16:48.421, 0, GPU-35ec6990-2b13-fbe4-44c2-103ee00e46b3, 368.93, 100, 29914
2026/09/09 15:16:48.521, 0, GPU-35ec6990-2b13-fbe4-44c2-103ee00e46b3, 392.23, 100, 29914
2026/09/09 15:16:48.621, 0, GPU-35ec6990-2b13-fbe4-44c2-103ee00e46b3, 396.53, 100, 29914
2026/09/09 15:16:48.722, 0, GPU-35ec6990-2b13-fbe4-44c2-103ee00e46b3, 380.28, 100, 29914
2026/09/09 15:16:48.822, 0, GPU-35ec6990-2b13-fbe4-44c2-103ee00e46b3, 391.02, 100, 29914
2026/09/09 15:16:48.922, 0, GPU-35ec6990-2b13-fbe4-44c2-103ee00e46b3, 373.23, 100, 29914
2026/09/09 15:16:49.022, 0, GPU-35ec6990-2b13-fbe4-44c2-103ee00e46b3, 410.54, 100, 29914
2026/09/09 15:16:49.122, 0, GPU-35ec6990-2b13-fbe4-44c2-103ee00e46b3, 410.54, 100, 29914
2026/09/09 15:16:49.222, 0, GPU-35ec6990-2b13-fbe4-44c2-103ee00e46b3, 388.27, 100, 29914
2026/09/09 15:16:49.323, 0, GPU-35ec6990-2b13-fbe4-44c2-103ee00e46b3, 403.30, 100, 29914
2026/09/09 15:16:49.423, 0, GPU-35ec6990-2b13-fbe4-44c2-103ee00e46b3, 403.30, 100, 29914
2026/09/09 15:16:49.523, 0, GPU-35ec6990-2b13-fbe4-44c2-103ee00e46b3, 394.99, 100, 29914
2026/09/09 15:16:49.623, 0, GPU-35ec6990-2b13-fbe4-44c2-103ee00e46b3, 387.05, 99, 29914
2026/09/09 15:16:49.723, 0, GPU-35ec6990-2b13-fbe4-44c2-103ee00e46b3, 367.39, 99, 29914
2026/09/09 15:16:49.823, 0, GPU-35ec6990-2b13-fbe4-44c2-103ee00e46b3, 391.63, 100, 29914
2026/09/09 15:16:49.924, 0, GPU-35ec6990-2b13-fbe4-44c2-103ee00e46b3, 391.02, 100, 29914
2026/09/09 15:16:50.024, 0, GPU-35ec6990-2b13-fbe4-44c2-103ee00e46b3, 377.20, 100, 29914
2026/09/09 15:16:50.124, 0, GPU-35ec6990-2b13-fbe4-44c2-103ee00e46b3, 403.91, 100, 29914
2026/09/09 15:16:50.224, 0, GPU-35ec6990-2b13-fbe4-44c2-103ee00e46b3, 379.35, 100, 29914
2026/09/09 15:16:50.324, 0, GPU-35ec6990-2b13-fbe4-44c2-103ee00e46b3, 392.84, 100, 29914
2026/09/09 15:16:50.424, 0, GPU-35ec6990-2b13-fbe4-44c2-103ee00e46b3, 399.61, 100, 29914
2026/09/09 15:16:50.525, 0, GPU-35ec6990-2b13-fbe4-44c2-103ee00e46b3, 385.51, 100, 29914
2026/09/09 15:16:50.625, 0, GPU-35ec6990-2b13-fbe4-44c2-103ee00e46b3, 393.50, 100, 29914
2026/09/09 15:16:50.725, 0, GPU-35ec6990-2b13-fbe4-44c2-103ee00e46b3, 399.01, 100, 29914
2026/09/09 15:16:50.825, 0, GPU-35ec6990-2b13-fbe4-44c2-103ee00e46b3, 389.81, 100, 29914
2026/09/09 15:16:50.925, 0, GPU-35ec6990-2b13-fbe4-44c2-103ee00e46b3, 399.61, 100, 29914
2026/09/09 15:16:51.025, 0, GPU-35ec6990-2b13-fbe4-44c2-103ee00e46b3, 404.43, 100, 29914
2026/09/09 15:16:51.126, 0, GPU-35ec6990-2b13-fbe4-44c2-103ee00e46b3, 376.92, 100, 29914
2026/09/09 15:16:51.226, 0, GPU-35ec6990-2b13-fbe4-44c2-103ee00e46b3, 382.15, 100, 29914
2026/09/09 15:16:51.326, 0, GPU-35ec6990-2b13-fbe4-44c2-103ee00e46b3, 384.30, 100, 29914
2026/09/09 15:16:51.426, 0, GPU-35ec6990-2b13-fbe4-44c2-103ee00e46b3, 393.77, 100, 29914
2026/09/09 15:16:51.526, 0, GPU-35ec6990-2b13-fbe4-44c2-103ee00e46b3, 331.81, 100, 29914
2026/09/09 15:16:51.627, 0, GPU-35ec6990-2b13-fbe4-44c2-103ee00e46b3, 346.57, 100, 29914
2026/09/09 15:16:51.727, 0, GPU-35ec6990-2b13-fbe4-44c2-103ee00e46b3, 367.72, 100, 29914
2026/09/09 15:16:51.827, 0, GPU-35ec6990-2b13-fbe4-44c2-103ee00e46b3, 406.33, 100, 29914
2026/09/09 15:16:51.927, 0, GPU-35ec6990-2b13-fbe4-44c2-103ee00e46b3, 326.63, 100, 29914
2026/09/09 15:16:52.027, 0, GPU-35ec6990-2b13-fbe4-44c2-103ee00e46b3, 333.96, 100, 29914
2026/09/09 15:16:52.127, 0, GPU-35ec6990-2b13-fbe4-44c2-103ee00e46b3, 333.96, 100, 29914
2026/09/09 15:16:52.228, 0, GPU-35ec6990-2b13-fbe4-44c2-103ee00e46b3, 395.93, 100, 29914
2026/09/09 15:16:52.328, 0, GPU-35ec6990-2b13-fbe4-44c2-103ee00e46b3, 398.41, 100, 29914
2026/09/09 15:16:52.428, 0, GPU-35ec6990-2b13-fbe4-44c2-103ee00e46b3, 348.39, 100, 29914
2026/09/09 15:16:52.528, 0, GPU-35ec6990-2b13-fbe4-44c2-103ee00e46b3, 350.87, 100, 29914
2026/09/09 15:16:52.628, 0, GPU-35ec6990-2b13-fbe4-44c2-103ee00e46b3, 389.81, 100, 29914
2026/09/09 15:16:52.729, 0, GPU-35ec6990-2b13-fbe4-44c2-103ee00e46b3, 403.91, 100, 29914
2026/09/09 15:16:52.829, 0, GPU-35ec6990-2b13-fbe4-44c2-103ee00e46b3, 368.33, 100, 29914
2026/09/09 15:16:52.929, 0, GPU-35ec6990-2b13-fbe4-44c2-103ee00e46b3, 321.40, 100, 29914
2026/09/09 15:16:53.029, 0, GPU-35ec6990-2b13-fbe4-44c2-103ee00e46b3, 344.09, 100, 29914
2026/09/09 15:16:53.129, 0, GPU-35ec6990-2b13-fbe4-44c2-103ee00e46b3, 380.61, 100, 29914
2026/09/09 15:16:53.229, 0, GPU-35ec6990-2b13-fbe4-44c2-103ee00e46b3, 382.76, 100, 29914
2026/09/09 15:16:53.330, 0, GPU-35ec6990-2b13-fbe4-44c2-103ee00e46b3, 318.31, 100, 29914
2026/09/09 15:16:53.430, 0, GPU-35ec6990-2b13-fbe4-44c2-103ee00e46b3, 375.38, 100, 29914
2026/09/09 15:16:53.530, 0, GPU-35ec6990-2b13-fbe4-44c2-103ee00e46b3, 87.26, 87, 29914
2026/09/09 15:16:53.630, 0, GPU-35ec6990-2b13-fbe4-44c2-103ee00e46b3, 80.47, 0, 29914
2026/09/09 15:16:53.730, 0, GPU-35ec6990-2b13-fbe4-44c2-103ee00e46b3, 80.19, 0, 29914
2026/09/09 15:16:53.830, 0, GPU-35ec6990-2b13-fbe4-44c2-103ee00e46b3, 78.98, 0, 29914
2026/09/09 15:16:53.931, 0, GPU-35ec6990-2b13-fbe4-44c2-103ee00e46b3, 78.57, 0, 29914
2026/09/09 15:16:54.031, 0, GPU-35ec6990-2b13-fbe4-44c2-103ee00e46b3, 147.81, 39, 29914
2026/09/09 15:16:54.131, 0, GPU-35ec6990-2b13-fbe4-44c2-103ee00e46b3, 396.25, 39, 29914
2026/09/09 15:16:54.231, 0, GPU-35ec6990-2b13-fbe4-44c2-103ee00e46b3, 385.54, 100, 29914
2026/09/09 15:16:54.331, 0, GPU-35ec6990-2b13-fbe4-44c2-103ee00e46b3, 366.64, 100, 29914
2026/09/09 15:16:54.432, 0, GPU-35ec6990-2b13-fbe4-44c2-103ee00e46b3, 395.44, 100, 29914
2026/09/09 15:16:54.532, 0, GPU-35ec6990-2b13-fbe4-44c2-103ee00e46b3, 394.18, 100, 29914
2026/09/09 15:16:54.632, 0, GPU-35ec6990-2b13-fbe4-44c2-103ee00e46b3, 399.93, 100, 29914
2026/09/09 15:16:54.732, 0, GPU-35ec6990-2b13-fbe4-44c2-103ee00e46b3, 399.93, 100, 29914
2026/09/09 15:16:54.832, 0, GPU-35ec6990-2b13-fbe4-44c2-103ee00e46b3, 401.13, 100, 29914
2026/09/09 15:16:54.932, 0, GPU-35ec6990-2b13-fbe4-44c2-103ee00e46b3, 389.01, 100, 29914
2026/09/09 15:16:55.033, 0, GPU-35ec6990-2b13-fbe4-44c2-103ee00e46b3, 370.87, 100, 29914
2026/09/09 15:16:55.133, 0, GPU-35ec6990-2b13-fbe4-44c2-103ee00e46b3, 402.07, 100, 29914
2026/09/09 15:16:55.233, 0, GPU-35ec6990-2b13-fbe4-44c2-103ee00e46b3, 380.44, 100, 29914
2026/09/09 15:16:55.333, 0, GPU-35ec6990-2b13-fbe4-44c2-103ee00e46b3, 400.00, 100, 29914
2026/09/09 15:16:55.433, 0, GPU-35ec6990-2b13-fbe4-44c2-103ee00e46b3, 379.23, 100, 29914
2026/09/09 15:16:55.533, 0, GPU-35ec6990-2b13-fbe4-44c2-103ee00e46b3, 379.23, 100, 29914
2026/09/09 15:16:55.634, 0, GPU-35ec6990-2b13-fbe4-44c2-103ee00e46b3, 401.13, 100, 29914
2026/09/09 15:16:55.734, 0, GPU-35ec6990-2b13-fbe4-44c2-103ee00e46b3, 377.96, 99, 29914
2026/09/09 15:16:55.834, 0, GPU-35ec6990-2b13-fbe4-44c2-103ee00e46b3, 402.15, 99, 29914
2026/09/09 15:16:55.934, 0, GPU-35ec6990-2b13-fbe4-44c2-103ee00e46b3, 377.69, 100, 29914
2026/09/09 15:16:56.034, 0, GPU-35ec6990-2b13-fbe4-44c2-103ee00e46b3, 371.48, 100, 29914
2026/09/09 15:16:56.134, 0, GPU-35ec6990-2b13-fbe4-44c2-103ee00e46b3, 371.48, 100, 29914
2026/09/09 15:16:56.235, 0, GPU-35ec6990-2b13-fbe4-44c2-103ee00e46b3, 394.71, 100, 29914
2026/09/09 15:16:56.335, 0, GPU-35ec6990-2b13-fbe4-44c2-103ee00e46b3, 376.15, 100, 29914
2026/09/09 15:16:56.435, 0, GPU-35ec6990-2b13-fbe4-44c2-103ee00e46b3, 389.69, 100, 29914
2026/09/09 15:16:56.535, 0, GPU-35ec6990-2b13-fbe4-44c2-103ee00e46b3, 398.79, 100, 29914
2026/09/09 15:16:56.635, 0, GPU-35ec6990-2b13-fbe4-44c2-103ee00e46b3, 372.46, 100, 29914
2026/09/09 15:16:56.735, 0, GPU-35ec6990-2b13-fbe4-44c2-103ee00e46b3, 395.44, 100, 29914
2026/09/09 15:16:56.836, 0, GPU-35ec6990-2b13-fbe4-44c2-103ee00e46b3, 396.33, 100, 29914
2026/09/09 15:16:56.936, 0, GPU-35ec6990-2b13-fbe4-44c2-103ee00e46b3, 383.18, 100, 29914
2026/09/09 15:16:57.036, 0, GPU-35ec6990-2b13-fbe4-44c2-103ee00e46b3, 389.01, 100, 29914
2026/09/09 15:16:57.136, 0, GPU-35ec6990-2b13-fbe4-44c2-103ee00e46b3, 385.61, 100, 29914
2026/09/09 15:16:57.236, 0, GPU-35ec6990-2b13-fbe4-44c2-103ee00e46b3, 393.77, 100, 29914
2026/09/09 15:16:57.336, 0, GPU-35ec6990-2b13-fbe4-44c2-103ee00e46b3, 392.37, 99, 29914
2026/09/09 15:16:57.437, 0, GPU-35ec6990-2b13-fbe4-44c2-103ee00e46b3, 385.39, 99, 29914
2026/09/09 15:16:57.537, 0, GPU-35ec6990-2b13-fbe4-44c2-103ee00e46b3, 396.98, 100, 29914
2026/09/09 15:16:57.637, 0, GPU-35ec6990-2b13-fbe4-44c2-103ee00e46b3, 392.37, 100, 29914
2026/09/09 15:16:57.737, 0, GPU-35ec6990-2b13-fbe4-44c2-103ee00e46b3, 384.12, 100, 29914
2026/09/09 15:16:57.837, 0, GPU-35ec6990-2b13-fbe4-44c2-103ee00e46b3, 404.02, 100, 29914
2026/09/09 15:16:57.937, 0, GPU-35ec6990-2b13-fbe4-44c2-103ee00e46b3, 389.89, 100, 29914
2026/09/09 15:16:58.038, 0, GPU-35ec6990-2b13-fbe4-44c2-103ee00e46b3, 402.15, 100, 29914
2026/09/09 15:16:58.138, 0, GPU-35ec6990-2b13-fbe4-44c2-103ee00e46b3, 397.39, 100, 29914
2026/09/09 15:16:58.238, 0, GPU-35ec6990-2b13-fbe4-44c2-103ee00e46b3, 375.93, 100, 29914
2026/09/09 15:16:58.338, 0, GPU-35ec6990-2b13-fbe4-44c2-103ee00e46b3, 391.35, 100, 29914
2026/09/09 15:16:58.438, 0, GPU-35ec6990-2b13-fbe4-44c2-103ee00e46b3, 395.32, 100, 29914
2026/09/09 15:16:58.539, 0, GPU-35ec6990-2b13-fbe4-44c2-103ee00e46b3, 410.63, 100, 29914
2026/09/09 15:16:58.639, 0, GPU-35ec6990-2b13-fbe4-44c2-103ee00e46b3, 410.63, 100, 29914
2026/09/09 15:16:58.739, 0, GPU-35ec6990-2b13-fbe4-44c2-103ee00e46b3, 401.16, 100, 29914
2026/09/09 15:16:58.839, 0, GPU-35ec6990-2b13-fbe4-44c2-103ee00e46b3, 401.16, 100, 29914
2026/09/09 15:16:58.939, 0, GPU-35ec6990-2b13-fbe4-44c2-103ee00e46b3, 398.41, 99, 29914
2026/09/09 15:16:59.039, 0, GPU-35ec6990-2b13-fbe4-44c2-103ee00e46b3, 398.41, 99, 29914
2026/09/09 15:16:59.140, 0, GPU-35ec6990-2b13-fbe4-44c2-103ee00e46b3, 412.51, 100, 29914
2026/09/09 15:16:59.240, 0, GPU-35ec6990-2b13-fbe4-44c2-103ee00e46b3, 412.51, 100, 29914
2026/09/09 15:16:59.340, 0, GPU-35ec6990-2b13-fbe4-44c2-103ee00e46b3, 375.98, 100, 29914
2026/09/09 15:16:59.440, 0, GPU-35ec6990-2b13-fbe4-44c2-103ee00e46b3, 372.02, 100, 29914
2026/09/09 15:16:59.540, 0, GPU-35ec6990-2b13-fbe4-44c2-103ee00e46b3, 372.02, 100, 29914
2026/09/09 15:16:59.641, 0, GPU-35ec6990-2b13-fbe4-44c2-103ee00e46b3, 389.48, 100, 29914
2026/09/09 15:16:59.741, 0, GPU-35ec6990-2b13-fbe4-44c2-103ee00e46b3, 389.20, 100, 29914
2026/09/09 15:16:59.841, 0, GPU-35ec6990-2b13-fbe4-44c2-103ee00e46b3, 374.17, 100, 29914
2026/09/09 15:16:59.941, 0, GPU-35ec6990-2b13-fbe4-44c2-103ee00e46b3, 408.07, 100, 29914
2026/09/09 15:17:00.041, 0, GPU-35ec6990-2b13-fbe4-44c2-103ee00e46b3, 377.20, 100, 29914
2026/09/09 15:17:00.142, 0, GPU-35ec6990-2b13-fbe4-44c2-103ee00e46b3, 400.55, 100, 29914
2026/09/09 15:17:00.242, 0, GPU-35ec6990-2b13-fbe4-44c2-103ee00e46b3, 395.32, 100, 29914
2026/09/09 15:17:00.342, 0, GPU-35ec6990-2b13-fbe4-44c2-103ee00e46b3, 380.61, 99, 29914
2026/09/09 15:17:00.442, 0, GPU-35ec6990-2b13-fbe4-44c2-103ee00e46b3, 400.14, 99, 29914
2026/09/09 15:17:00.542, 0, GPU-35ec6990-2b13-fbe4-44c2-103ee00e46b3, 375.05, 100, 29914
2026/09/09 15:17:00.643, 0, GPU-35ec6990-2b13-fbe4-44c2-103ee00e46b3, 392.56, 100, 29914
2026/09/09 15:17:00.743, 0, GPU-35ec6990-2b13-fbe4-44c2-103ee00e46b3, 383.64, 100, 29914
2026/09/09 15:17:00.843, 0, GPU-35ec6990-2b13-fbe4-44c2-103ee00e46b3, 375.71, 100, 29914
2026/09/09 15:17:00.943, 0, GPU-35ec6990-2b13-fbe4-44c2-103ee00e46b3, 391.83, 100, 29914
2026/09/09 15:17:01.043, 0, GPU-35ec6990-2b13-fbe4-44c2-103ee00e46b3, 400.75, 100, 29914
2026/09/09 15:17:01.144, 0, GPU-35ec6990-2b13-fbe4-44c2-103ee00e46b3, 382.43, 100, 29914
2026/09/09 15:17:01.244, 0, GPU-35ec6990-2b13-fbe4-44c2-103ee00e46b3, 398.87, 100, 29914
2026/09/09 15:17:01.344, 0, GPU-35ec6990-2b13-fbe4-44c2-103ee00e46b3, 390.62, 100, 29914
2026/09/09 15:17:01.444, 0, GPU-35ec6990-2b13-fbe4-44c2-103ee00e46b3, 375.32, 100, 29914
2026/09/09 15:17:01.544, 0, GPU-35ec6990-2b13-fbe4-44c2-103ee00e46b3, 398.27, 100, 29914
2026/09/09 15:17:01.644, 0, GPU-35ec6990-2b13-fbe4-44c2-103ee00e46b3, 383.97, 100, 29914
2026/09/09 15:17:01.745, 0, GPU-35ec6990-2b13-fbe4-44c2-103ee00e46b3, 403.17, 100, 29914
2026/09/09 15:17:01.845, 0, GPU-35ec6990-2b13-fbe4-44c2-103ee00e46b3, 378.46, 100, 29914
2026/09/09 15:17:01.945, 0, GPU-35ec6990-2b13-fbe4-44c2-103ee00e46b3, 383.58, 100, 29914
2026/09/09 15:17:02.045, 0, GPU-35ec6990-2b13-fbe4-44c2-103ee00e46b3, 401.35, 99, 29914
2026/09/09 15:17:02.145, 0, GPU-35ec6990-2b13-fbe4-44c2-103ee00e46b3, 389.41, 100, 29914
2026/09/09 15:17:02.245, 0, GPU-35ec6990-2b13-fbe4-44c2-103ee00e46b3, 401.35, 100, 29914
2026/09/09 15:17:02.346, 0, GPU-35ec6990-2b13-fbe4-44c2-103ee00e46b3, 404.10, 100, 29914
2026/09/09 15:17:02.446, 0, GPU-35ec6990-2b13-fbe4-44c2-103ee00e46b3, 380.50, 100, 29914
2026/09/09 15:17:02.546, 0, GPU-35ec6990-2b13-fbe4-44c2-103ee00e46b3, 380.50, 100, 29914
2026/09/09 15:17:02.646, 0, GPU-35ec6990-2b13-fbe4-44c2-103ee00e46b3, 390.02, 100, 29914
2026/09/09 15:17:02.746, 0, GPU-35ec6990-2b13-fbe4-44c2-103ee00e46b3, 383.25, 100, 29914
2026/09/09 15:17:02.846, 0, GPU-35ec6990-2b13-fbe4-44c2-103ee00e46b3, 393.98, 100, 29914
2026/09/09 15:17:02.947, 0, GPU-35ec6990-2b13-fbe4-44c2-103ee00e46b3, 385.12, 100, 29914
2026/09/09 15:17:03.047, 0, GPU-35ec6990-2b13-fbe4-44c2-103ee00e46b3, 385.12, 100, 29914
2026/09/09 15:17:03.147, 0, GPU-35ec6990-2b13-fbe4-44c2-103ee00e46b3, 402.56, 100, 29914
2026/09/09 15:17:03.247, 0, GPU-35ec6990-2b13-fbe4-44c2-103ee00e46b3, 402.56, 100, 29914
2026/09/09 15:17:03.347, 0, GPU-35ec6990-2b13-fbe4-44c2-103ee00e46b3, 404.43, 100, 29914
2026/09/09 15:17:03.447, 0, GPU-35ec6990-2b13-fbe4-44c2-103ee00e46b3, 404.43, 100, 29914
2026/09/09 15:17:03.548, 0, GPU-35ec6990-2b13-fbe4-44c2-103ee00e46b3, 372.24, 99, 29914
2026/09/09 15:17:03.648, 0, GPU-35ec6990-2b13-fbe4-44c2-103ee00e46b3, 402.29, 99, 29914
2026/09/09 15:17:03.748, 0, GPU-35ec6990-2b13-fbe4-44c2-103ee00e46b3, 388.14, 100, 29914
2026/09/09 15:17:03.848, 0, GPU-35ec6990-2b13-fbe4-44c2-103ee00e46b3, 407.46, 100, 29914
2026/09/09 15:17:03.948, 0, GPU-35ec6990-2b13-fbe4-44c2-103ee00e46b3, 381.10, 100, 29914
2026/09/09 15:17:04.048, 0, GPU-35ec6990-2b13-fbe4-44c2-103ee00e46b3, 379.61, 100, 29914
2026/09/09 15:17:04.149, 0, GPU-35ec6990-2b13-fbe4-44c2-103ee00e46b3, 401.35, 100, 29914
2026/09/09 15:17:04.249, 0, GPU-35ec6990-2b13-fbe4-44c2-103ee00e46b3, 390.62, 100, 29914
2026/09/09 15:17:04.349, 0, GPU-35ec6990-2b13-fbe4-44c2-103ee00e46b3, 391.83, 100, 29914
2026/09/09 15:17:04.449, 0, GPU-35ec6990-2b13-fbe4-44c2-103ee00e46b3, 406.25, 100, 29914
2026/09/09 15:17:04.549, 0, GPU-35ec6990-2b13-fbe4-44c2-103ee00e46b3, 384.79, 100, 29914
2026/09/09 15:17:04.649, 0, GPU-35ec6990-2b13-fbe4-44c2-103ee00e46b3, 392.44, 100, 29914
2026/09/09 15:17:04.750, 0, GPU-35ec6990-2b13-fbe4-44c2-103ee00e46b3, 416.37, 100, 29914
2026/09/09 15:17:04.850, 0, GPU-35ec6990-2b13-fbe4-44c2-103ee00e46b3, 384.19, 100, 29914
2026/09/09 15:17:04.950, 0, GPU-35ec6990-2b13-fbe4-44c2-103ee00e46b3, 410.87, 99, 29914
2026/09/09 15:17:05.050, 0, GPU-35ec6990-2b13-fbe4-44c2-103ee00e46b3, 385.73, 99, 29914
2026/09/09 15:17:05.150, 0, GPU-35ec6990-2b13-fbe4-44c2-103ee00e46b3, 396.73, 100, 29914
2026/09/09 15:17:05.250, 0, GPU-35ec6990-2b13-fbe4-44c2-103ee00e46b3, 413.62, 100, 29914
2026/09/09 15:17:05.351, 0, GPU-35ec6990-2b13-fbe4-44c2-103ee00e46b3, 387.54, 100, 29914
2026/09/09 15:17:05.451, 0, GPU-35ec6990-2b13-fbe4-44c2-103ee00e46b3, 409.33, 100, 29914
2026/09/09 15:17:05.551, 0, GPU-35ec6990-2b13-fbe4-44c2-103ee00e46b3, 378.08, 100, 29914
2026/09/09 15:17:05.651, 0, GPU-35ec6990-2b13-fbe4-44c2-103ee00e46b3, 383.91, 100, 29914
2026/09/09 15:17:05.751, 0, GPU-35ec6990-2b13-fbe4-44c2-103ee00e46b3, 398.00, 100, 29914
2026/09/09 15:17:05.851, 0, GPU-35ec6990-2b13-fbe4-44c2-103ee00e46b3, 380.23, 100, 29914
2026/09/09 15:17:05.952, 0, GPU-35ec6990-2b13-fbe4-44c2-103ee00e46b3, 391.23, 100, 29914
2026/09/09 15:17:06.052, 0, GPU-35ec6990-2b13-fbe4-44c2-103ee00e46b3, 409.33, 100, 29914
2026/09/09 15:17:06.152, 0, GPU-35ec6990-2b13-fbe4-44c2-103ee00e46b3, 388.14, 100, 29914
2026/09/09 15:17:06.252, 0, GPU-35ec6990-2b13-fbe4-44c2-103ee00e46b3, 388.14, 100, 29914
2026/09/09 15:17:06.352, 0, GPU-35ec6990-2b13-fbe4-44c2-103ee00e46b3, 412.68, 100, 29914
2026/09/09 15:17:06.452, 0, GPU-35ec6990-2b13-fbe4-44c2-103ee00e46b3, 412.68, 100, 29914
2026/09/09 15:17:06.553, 0, GPU-35ec6990-2b13-fbe4-44c2-103ee00e46b3, 408.07, 99, 29914
2026/09/09 15:17:06.653, 0, GPU-35ec6990-2b13-fbe4-44c2-103ee00e46b3, 408.07, 99, 29914
2026/09/09 15:17:06.753, 0, GPU-35ec6990-2b13-fbe4-44c2-103ee00e46b3, 381.77, 100, 29914
2026/09/09 15:17:06.853, 0, GPU-35ec6990-2b13-fbe4-44c2-103ee00e46b3, 399.48, 100, 29914
2026/09/09 15:17:06.953, 0, GPU-35ec6990-2b13-fbe4-44c2-103ee00e46b3, 414.51, 100, 29914
2026/09/09 15:17:07.053, 0, GPU-35ec6990-2b13-fbe4-44c2-103ee00e46b3, 377.75, 100, 29914
2026/09/09 15:17:07.154, 0, GPU-35ec6990-2b13-fbe4-44c2-103ee00e46b3, 392.77, 100, 29914
2026/09/09 15:17:07.254, 0, GPU-35ec6990-2b13-fbe4-44c2-103ee00e46b3, 385.12, 100, 29914
2026/09/09 15:17:07.354, 0, GPU-35ec6990-2b13-fbe4-44c2-103ee00e46b3, 371.92, 100, 29914
2026/09/09 15:17:07.454, 0, GPU-35ec6990-2b13-fbe4-44c2-103ee00e46b3, 381.44, 100, 29914
2026/09/09 15:17:07.554, 0, GPU-35ec6990-2b13-fbe4-44c2-103ee00e46b3, 381.44, 100, 29914
2026/09/09 15:17:07.654, 0, GPU-35ec6990-2b13-fbe4-44c2-103ee00e46b3, 379.29, 100, 29914
2026/09/09 15:17:07.755, 0, GPU-35ec6990-2b13-fbe4-44c2-103ee00e46b3, 366.74, 100, 29914
2026/09/09 15:17:07.855, 0, GPU-35ec6990-2b13-fbe4-44c2-103ee00e46b3, 399.81, 100, 29914
2026/09/09 15:17:07.955, 0, GPU-35ec6990-2b13-fbe4-44c2-103ee00e46b3, 372.63, 100, 29914
2026/09/09 15:17:08.055, 0, GPU-35ec6990-2b13-fbe4-44c2-103ee00e46b3, 400.14, 100, 29914
2026/09/09 15:17:08.155, 0, GPU-35ec6990-2b13-fbe4-44c2-103ee00e46b3, 374.39, 99, 29914
2026/09/09 15:17:08.255, 0, GPU-35ec6990-2b13-fbe4-44c2-103ee00e46b3, 371.03, 99, 29914
2026/09/09 15:17:08.356, 0, GPU-35ec6990-2b13-fbe4-44c2-103ee00e46b3, 401.35, 100, 29914
2026/09/09 15:17:08.456, 0, GPU-35ec6990-2b13-fbe4-44c2-103ee00e46b3, 384.79, 100, 29914
2026/09/09 15:17:08.556, 0, GPU-35ec6990-2b13-fbe4-44c2-103ee00e46b3, 397.39, 100, 29914
2026/09/09 15:17:08.656, 0, GPU-35ec6990-2b13-fbe4-44c2-103ee00e46b3, 400.75, 100, 29914
2026/09/09 15:17:08.756, 0, GPU-35ec6990-2b13-fbe4-44c2-103ee00e46b3, 377.47, 100, 29914
2026/09/09 15:17:08.857, 0, GPU-35ec6990-2b13-fbe4-44c2-103ee00e46b3, 399.81, 100, 29914
2026/09/09 15:17:08.957, 0, GPU-35ec6990-2b13-fbe4-44c2-103ee00e46b3, 417.58, 100, 29914
2026/09/09 15:17:09.057, 0, GPU-35ec6990-2b13-fbe4-44c2-103ee00e46b3, 380.50, 100, 29914
2026/09/09 15:17:09.157, 0, GPU-35ec6990-2b13-fbe4-44c2-103ee00e46b3, 401.95, 100, 29914
2026/09/09 15:17:09.257, 0, GPU-35ec6990-2b13-fbe4-44c2-103ee00e46b3, 380.50, 100, 29914
2026/09/09 15:17:09.357, 0, GPU-35ec6990-2b13-fbe4-44c2-103ee00e46b3, 370.43, 100, 29914
2026/09/09 15:17:09.458, 0, GPU-35ec6990-2b13-fbe4-44c2-103ee00e46b3, 370.43, 100, 29914
2026/09/09 15:17:09.558, 0, GPU-35ec6990-2b13-fbe4-44c2-103ee00e46b3, 390.02, 100, 29914
2026/09/09 15:17:09.658, 0, GPU-35ec6990-2b13-fbe4-44c2-103ee00e46b3, 374.39, 100, 29914
2026/09/09 15:17:09.758, 0, GPU-35ec6990-2b13-fbe4-44c2-103ee00e46b3, 411.76, 99, 29914
2026/09/09 15:17:09.858, 0, GPU-35ec6990-2b13-fbe4-44c2-103ee00e46b3, 382.64, 99, 29914
2026/09/09 15:17:09.959, 0, GPU-35ec6990-2b13-fbe4-44c2-103ee00e46b3, 405.64, 100, 29914
2026/09/09 15:17:10.059, 0, GPU-35ec6990-2b13-fbe4-44c2-103ee00e46b3, 405.64, 100, 29914
2026/09/09 15:17:10.159, 0, GPU-35ec6990-2b13-fbe4-44c2-103ee00e46b3, 372.52, 100, 29914
2026/09/09 15:17:10.259, 0, GPU-35ec6990-2b13-fbe4-44c2-103ee00e46b3, 393.37, 100, 29914
2026/09/09 15:17:10.359, 0, GPU-35ec6990-2b13-fbe4-44c2-103ee00e46b3, 380.23, 100, 29914
2026/09/09 15:17:10.459, 0, GPU-35ec6990-2b13-fbe4-44c2-103ee00e46b3, 379.89, 100, 29914
2026/09/09 15:17:10.560, 0, GPU-35ec6990-2b13-fbe4-44c2-103ee00e46b3, 405.64, 100, 29914
2026/09/09 15:17:10.660, 0, GPU-35ec6990-2b13-fbe4-44c2-103ee00e46b3, 382.98, 100, 29914
2026/09/09 15:17:10.760, 0, GPU-35ec6990-2b13-fbe4-44c2-103ee00e46b3, 394.91, 100, 29914
2026/09/09 15:17:10.860, 0, GPU-35ec6990-2b13-fbe4-44c2-103ee00e46b3, 393.37, 100, 29914
2026/09/09 15:17:10.960, 0, GPU-35ec6990-2b13-fbe4-44c2-103ee00e46b3, 377.14, 100, 29914
2026/09/09 15:17:11.060, 0, GPU-35ec6990-2b13-fbe4-44c2-103ee00e46b3, 401.02, 100, 29914
2026/09/09 15:17:11.161, 0, GPU-35ec6990-2b13-fbe4-44c2-103ee00e46b3, 410.54, 99, 29914
2026/09/09 15:17:11.261, 0, GPU-35ec6990-2b13-fbe4-44c2-103ee00e46b3, 398.87, 99, 29914
2026/09/09 15:17:11.361, 0, GPU-35ec6990-2b13-fbe4-44c2-103ee00e46b3, 398.87, 100, 29914
2026/09/09 15:17:11.461, 0, GPU-35ec6990-2b13-fbe4-44c2-103ee00e46b3, 401.62, 100, 29914
2026/09/09 15:17:11.561, 0, GPU-35ec6990-2b13-fbe4-44c2-103ee00e46b3, 401.62, 100, 29914
2026/09/09 15:17:11.662, 0, GPU-35ec6990-2b13-fbe4-44c2-103ee00e46b3, 384.79, 100, 29914
2026/09/09 15:17:11.762, 0, GPU-35ec6990-2b13-fbe4-44c2-103ee00e46b3, 384.79, 100, 29914
2026/09/09 15:17:11.862, 0, GPU-35ec6990-2b13-fbe4-44c2-103ee00e46b3, 383.58, 100, 29914
2026/09/09 15:17:11.962, 0, GPU-35ec6990-2b13-fbe4-44c2-103ee00e46b3, 372.30, 100, 29914
2026/09/09 15:17:12.062, 0, GPU-35ec6990-2b13-fbe4-44c2-103ee00e46b3, 391.83, 100, 29914
2026/09/09 15:17:12.162, 0, GPU-35ec6990-2b13-fbe4-44c2-103ee00e46b3, 379.61, 100, 29914
2026/09/09 15:17:12.263, 0, GPU-35ec6990-2b13-fbe4-44c2-103ee00e46b3, 397.39, 100, 29914
2026/09/09 15:17:12.363, 0, GPU-35ec6990-2b13-fbe4-44c2-103ee00e46b3, 379.61, 100, 29914
2026/09/09 15:17:12.463, 0, GPU-35ec6990-2b13-fbe4-44c2-103ee00e46b3, 371.41, 100, 29914
2026/09/09 15:17:12.563, 0, GPU-35ec6990-2b13-fbe4-44c2-103ee00e46b3, 405.92, 100, 29914
2026/09/09 15:17:12.663, 0, GPU-35ec6990-2b13-fbe4-44c2-103ee00e46b3, 381.77, 100, 29914
2026/09/09 15:17:12.763, 0, GPU-35ec6990-2b13-fbe4-44c2-103ee00e46b3, 381.77, 100, 29914
2026/09/09 15:17:12.864, 0, GPU-35ec6990-2b13-fbe4-44c2-103ee00e46b3, 381.77, 99, 29914
2026/09/09 15:17:12.964, 0, GPU-35ec6990-2b13-fbe4-44c2-103ee00e46b3, 380.83, 99, 29914
2026/09/09 15:17:13.064, 0, GPU-35ec6990-2b13-fbe4-44c2-103ee00e46b3, 407.46, 100, 29914
2026/09/09 15:17:13.164, 0, GPU-35ec6990-2b13-fbe4-44c2-103ee00e46b3, 407.46, 100, 29914
2026/09/09 15:17:13.264, 0, GPU-35ec6990-2b13-fbe4-44c2-103ee00e46b3, 398.27, 100, 29914
2026/09/09 15:17:13.364, 0, GPU-35ec6990-2b13-fbe4-44c2-103ee00e46b3, 398.27, 100, 29914
2026/09/09 15:17:13.465, 0, GPU-35ec6990-2b13-fbe4-44c2-103ee00e46b3, 400.75, 100, 29914
2026/09/09 15:17:13.565, 0, GPU-35ec6990-2b13-fbe4-44c2-103ee00e46b3, 378.08, 100, 29914
2026/09/09 15:17:13.665, 0, GPU-35ec6990-2b13-fbe4-44c2-103ee00e46b3, 388.14, 100, 29914
2026/09/09 15:17:13.765, 0, GPU-35ec6990-2b13-fbe4-44c2-103ee00e46b3, 398.00, 100, 29914
2026/09/09 15:17:13.865, 0, GPU-35ec6990-2b13-fbe4-44c2-103ee00e46b3, 378.35, 100, 29914
2026/09/09 15:17:13.966, 0, GPU-35ec6990-2b13-fbe4-44c2-103ee00e46b3, 395.85, 100, 29914
2026/09/09 15:17:14.066, 0, GPU-35ec6990-2b13-fbe4-44c2-103ee00e46b3, 378.08, 100, 29914
2026/09/09 15:17:14.166, 0, GPU-35ec6990-2b13-fbe4-44c2-103ee00e46b3, 377.75, 100, 29914
2026/09/09 15:17:14.266, 0, GPU-35ec6990-2b13-fbe4-44c2-103ee00e46b3, 402.56, 100, 29914
2026/09/09 15:17:14.366, 0, GPU-35ec6990-2b13-fbe4-44c2-103ee00e46b3, 375.32, 99, 29914
2026/09/09 15:17:14.466, 0, GPU-35ec6990-2b13-fbe4-44c2-103ee00e46b3, 392.77, 99, 29914
2026/09/09 15:17:14.567, 0, GPU-35ec6990-2b13-fbe4-44c2-103ee00e46b3, 376.81, 100, 29914
2026/09/09 15:17:14.667, 0, GPU-35ec6990-2b13-fbe4-44c2-103ee00e46b3, 389.69, 100, 29914
2026/09/09 15:17:14.767, 0, GPU-35ec6990-2b13-fbe4-44c2-103ee00e46b3, 404.43, 100, 29914
2026/09/09 15:17:14.867, 0, GPU-35ec6990-2b13-fbe4-44c2-103ee00e46b3, 383.58, 100, 29914
2026/09/09 15:17:14.967, 0, GPU-35ec6990-2b13-fbe4-44c2-103ee00e46b3, 406.58, 100, 29914
2026/09/09 15:17:15.068, 0, GPU-35ec6990-2b13-fbe4-44c2-103ee00e46b3, 384.79, 100, 29914
2026/09/09 15:17:15.168, 0, GPU-35ec6990-2b13-fbe4-44c2-103ee00e46b3, 380.61, 100, 29914
2026/09/09 15:17:15.268, 0, GPU-35ec6990-2b13-fbe4-44c2-103ee00e46b3, 405.04, 100, 29914
2026/09/09 15:17:15.368, 0, GPU-35ec6990-2b13-fbe4-44c2-103ee00e46b3, 402.56, 100, 29914
2026/09/09 15:17:15.468, 0, GPU-35ec6990-2b13-fbe4-44c2-103ee00e46b3, 402.56, 100, 29914
2026/09/09 15:17:15.569, 0, GPU-35ec6990-2b13-fbe4-44c2-103ee00e46b3, 375.60, 100, 29914
2026/09/09 15:17:15.669, 0, GPU-35ec6990-2b13-fbe4-44c2-103ee00e46b3, 392.44, 100, 29914
2026/09/09 15:17:15.769, 0, GPU-35ec6990-2b13-fbe4-44c2-103ee00e46b3, 397.39, 100, 29914
2026/09/09 15:17:15.869, 0, GPU-35ec6990-2b13-fbe4-44c2-103ee00e46b3, 397.39, 100, 29914
2026/09/09 15:17:15.969, 0, GPU-35ec6990-2b13-fbe4-44c2-103ee00e46b3, 382.37, 99, 29914
2026/09/09 15:17:16.070, 0, GPU-35ec6990-2b13-fbe4-44c2-103ee00e46b3, 382.04, 99, 29914
2026/09/09 15:17:16.170, 0, GPU-35ec6990-2b13-fbe4-44c2-103ee00e46b3, 397.06, 99, 29914
2026/09/09 15:17:16.270, 0, GPU-35ec6990-2b13-fbe4-44c2-103ee00e46b3, 397.06, 100, 29914
2026/09/09 15:17:16.370, 0, GPU-35ec6990-2b13-fbe4-44c2-103ee00e46b3, 377.47, 100, 29914
2026/09/09 15:17:16.470, 0, GPU-35ec6990-2b13-fbe4-44c2-103ee00e46b3, 398.60, 100, 29914
2026/09/09 15:17:16.571, 0, GPU-35ec6990-2b13-fbe4-44c2-103ee00e46b3, 398.60, 100, 29914
2026/09/09 15:17:16.671, 0, GPU-35ec6990-2b13-fbe4-44c2-103ee00e46b3, 390.29, 100, 29914
2026/09/09 15:17:16.771, 0, GPU-35ec6990-2b13-fbe4-44c2-103ee00e46b3, 405.92, 100, 29914
2026/09/09 15:17:16.871, 0, GPU-35ec6990-2b13-fbe4-44c2-103ee00e46b3, 405.92, 100, 29914
2026/09/09 15:17:16.971, 0, GPU-35ec6990-2b13-fbe4-44c2-103ee00e46b3, 376.54, 100, 29914
2026/09/09 15:17:17.072, 0, GPU-35ec6990-2b13-fbe4-44c2-103ee00e46b3, 395.52, 100, 29914
2026/09/09 15:17:17.172, 0, GPU-35ec6990-2b13-fbe4-44c2-103ee00e46b3, 380.23, 100, 29914
2026/09/09 15:17:17.272, 0, GPU-35ec6990-2b13-fbe4-44c2-103ee00e46b3, 381.10, 100, 29914
2026/09/09 15:17:17.372, 0, GPU-35ec6990-2b13-fbe4-44c2-103ee00e46b3, 403.50, 100, 29914
2026/09/09 15:17:17.472, 0, GPU-35ec6990-2b13-fbe4-44c2-103ee00e46b3, 385.73, 99, 29914
2026/09/09 15:17:17.572, 0, GPU-35ec6990-2b13-fbe4-44c2-103ee00e46b3, 412.36, 99, 29914
2026/09/09 15:17:17.673, 0, GPU-35ec6990-2b13-fbe4-44c2-103ee00e46b3, 382.98, 100, 29914
2026/09/09 15:17:17.773, 0, GPU-35ec6990-2b13-fbe4-44c2-103ee00e46b3, 386.00, 100, 29914
2026/09/09 15:17:17.873, 0, GPU-35ec6990-2b13-fbe4-44c2-103ee00e46b3, 397.06, 100, 29914
2026/09/09 15:17:17.973, 0, GPU-35ec6990-2b13-fbe4-44c2-103ee00e46b3, 382.64, 100, 29914
2026/09/09 15:17:18.073, 0, GPU-35ec6990-2b13-fbe4-44c2-103ee00e46b3, 407.79, 100, 29914
2026/09/09 15:17:18.174, 0, GPU-35ec6990-2b13-fbe4-44c2-103ee00e46b3, 386.66, 100, 29914
2026/09/09 15:17:18.274, 0, GPU-35ec6990-2b13-fbe4-44c2-103ee00e46b3, 382.37, 100, 29914
2026/09/09 15:17:18.374, 0, GPU-35ec6990-2b13-fbe4-44c2-103ee00e46b3, 397.06, 100, 29914
2026/09/09 15:17:18.474, 0, GPU-35ec6990-2b13-fbe4-44c2-103ee00e46b3, 392.44, 100, 29914
2026/09/09 15:17:18.574, 0, GPU-35ec6990-2b13-fbe4-44c2-103ee00e46b3, 382.04, 100, 29914
2026/09/09 15:17:18.675, 0, GPU-35ec6990-2b13-fbe4-44c2-103ee00e46b3, 402.29, 100, 29914
2026/09/09 15:17:18.775, 0, GPU-35ec6990-2b13-fbe4-44c2-103ee00e46b3, 369.77, 100, 29914
2026/09/09 15:17:18.875, 0, GPU-35ec6990-2b13-fbe4-44c2-103ee00e46b3, 387.27, 100, 29914
2026/09/09 15:17:18.975, 0, GPU-35ec6990-2b13-fbe4-44c2-103ee00e46b3, 404.10, 99, 29914
2026/09/09 15:17:19.075, 0, GPU-35ec6990-2b13-fbe4-44c2-103ee00e46b3, 401.95, 99, 29914
2026/09/09 15:17:19.176, 0, GPU-35ec6990-2b13-fbe4-44c2-103ee00e46b3, 388.48, 99, 29914
2026/09/09 15:17:19.276, 0, GPU-35ec6990-2b13-fbe4-44c2-103ee00e46b3, 375.60, 100, 29914
2026/09/09 15:17:19.376, 0, GPU-35ec6990-2b13-fbe4-44c2-103ee00e46b3, 385.73, 100, 29914
2026/09/09 15:17:19.476, 0, GPU-35ec6990-2b13-fbe4-44c2-103ee00e46b3, 392.16, 100, 29914
2026/09/09 15:17:19.576, 0, GPU-35ec6990-2b13-fbe4-44c2-103ee00e46b3, 412.68, 100, 29914
2026/09/09 15:17:19.677, 0, GPU-35ec6990-2b13-fbe4-44c2-103ee00e46b3, 412.68, 100, 29914
2026/09/09 15:17:19.777, 0, GPU-35ec6990-2b13-fbe4-44c2-103ee00e46b3, 412.68, 100, 29914
2026/09/09 15:17:19.877, 0, GPU-35ec6990-2b13-fbe4-44c2-103ee00e46b3, 391.83, 100, 29914
2026/09/09 15:17:19.977, 0, GPU-35ec6990-2b13-fbe4-44c2-103ee00e46b3, 391.83, 100, 29914
2026/09/09 15:17:20.077, 0, GPU-35ec6990-2b13-fbe4-44c2-103ee00e46b3, 384.79, 100, 29914
2026/09/09 15:17:20.177, 0, GPU-35ec6990-2b13-fbe4-44c2-103ee00e46b3, 408.39, 100, 29914
2026/09/09 15:17:20.278, 0, GPU-35ec6990-2b13-fbe4-44c2-103ee00e46b3, 408.39, 100, 29914
2026/09/09 15:17:20.378, 0, GPU-35ec6990-2b13-fbe4-44c2-103ee00e46b3, 382.04, 100, 29914
2026/09/09 15:17:20.478, 0, GPU-35ec6990-2b13-fbe4-44c2-103ee00e46b3, 400.75, 100, 29914
2026/09/09 15:17:20.578, 0, GPU-35ec6990-2b13-fbe4-44c2-103ee00e46b3, 378.08, 100, 29914
2026/09/09 15:17:20.678, 0, GPU-35ec6990-2b13-fbe4-44c2-103ee00e46b3, 405.04, 99, 29914
2026/09/09 15:17:20.779, 0, GPU-35ec6990-2b13-fbe4-44c2-103ee00e46b3, 374.67, 99, 29914
2026/09/09 15:17:20.879, 0, GPU-35ec6990-2b13-fbe4-44c2-103ee00e46b3, 383.58, 100, 29914
2026/09/09 15:17:20.979, 0, GPU-35ec6990-2b13-fbe4-44c2-103ee00e46b3, 401.62, 100, 29914
2026/09/09 15:17:21.079, 0, GPU-35ec6990-2b13-fbe4-44c2-103ee00e46b3, 377.75, 100, 29914
2026/09/09 15:17:21.179, 0, GPU-35ec6990-2b13-fbe4-44c2-103ee00e46b3, 388.48, 100, 29914
2026/09/09 15:17:21.280, 0, GPU-35ec6990-2b13-fbe4-44c2-103ee00e46b3, 379.61, 100, 29914
2026/09/09 15:17:21.380, 0, GPU-35ec6990-2b13-fbe4-44c2-103ee00e46b3, 378.08, 100, 29914
2026/09/09 15:17:21.480, 0, GPU-35ec6990-2b13-fbe4-44c2-103ee00e46b3, 391.23, 100, 29914
2026/09/09 15:17:21.580, 0, GPU-35ec6990-2b13-fbe4-44c2-103ee00e46b3, 389.69, 100, 29914
2026/09/09 15:17:21.680, 0, GPU-35ec6990-2b13-fbe4-44c2-103ee00e46b3, 377.47, 100, 29914
2026/09/09 15:17:21.781, 0, GPU-35ec6990-2b13-fbe4-44c2-103ee00e46b3, 416.98, 100, 29914
2026/09/09 15:17:21.881, 0, GPU-35ec6990-2b13-fbe4-44c2-103ee00e46b3, 375.60, 100, 29914
2026/09/09 15:17:21.981, 0, GPU-35ec6990-2b13-fbe4-44c2-103ee00e46b3, 384.52, 100, 29914
2026/09/09 15:17:22.081, 0, GPU-35ec6990-2b13-fbe4-44c2-103ee00e46b3, 393.37, 100, 29914
2026/09/09 15:17:22.181, 0, GPU-35ec6990-2b13-fbe4-44c2-103ee00e46b3, 401.95, 100, 29914
2026/09/09 15:17:22.281, 0, GPU-35ec6990-2b13-fbe4-44c2-103ee00e46b3, 382.64, 99, 29914
2026/09/09 15:17:22.382, 0, GPU-35ec6990-2b13-fbe4-44c2-103ee00e46b3, 379.89, 99, 29914
2026/09/09 15:17:22.482, 0, GPU-35ec6990-2b13-fbe4-44c2-103ee00e46b3, 387.27, 100, 29914
2026/09/09 15:17:22.582, 0, GPU-35ec6990-2b13-fbe4-44c2-103ee00e46b3, 380.50, 100, 29914
2026/09/09 15:17:22.682, 0, GPU-35ec6990-2b13-fbe4-44c2-103ee00e46b3, 377.47, 100, 29914
2026/09/09 15:17:22.782, 0, GPU-35ec6990-2b13-fbe4-44c2-103ee00e46b3, 413.62, 100, 29914
2026/09/09 15:17:22.883, 0, GPU-35ec6990-2b13-fbe4-44c2-103ee00e46b3, 376.54, 100, 29914
2026/09/09 15:17:22.983, 0, GPU-35ec6990-2b13-fbe4-44c2-103ee00e46b3, 386.00, 100, 29914
2026/09/09 15:17:23.083, 0, GPU-35ec6990-2b13-fbe4-44c2-103ee00e46b3, 408.39, 100, 29914
2026/09/09 15:17:23.183, 0, GPU-35ec6990-2b13-fbe4-44c2-103ee00e46b3, 378.96, 100, 29914
2026/09/09 15:17:23.283, 0, GPU-35ec6990-2b13-fbe4-44c2-103ee00e46b3, 378.96, 100, 29914
2026/09/09 15:17:23.384, 0, GPU-35ec6990-2b13-fbe4-44c2-103ee00e46b3, 377.47, 100, 29914
2026/09/09 15:17:23.484, 0, GPU-35ec6990-2b13-fbe4-44c2-103ee00e46b3, 377.47, 100, 29914
2026/09/09 15:17:23.584, 0, GPU-35ec6990-2b13-fbe4-44c2-103ee00e46b3, 374.39, 100, 29914
2026/09/09 15:17:23.684, 0, GPU-35ec6990-2b13-fbe4-44c2-103ee00e46b3, 413.90, 99, 29914
2026/09/09 15:17:23.784, 0, GPU-35ec6990-2b13-fbe4-44c2-103ee00e46b3, 388.81, 99, 29914
2026/09/09 15:17:23.885, 0, GPU-35ec6990-2b13-fbe4-44c2-103ee00e46b3, 399.81, 100, 29914
2026/09/09 15:17:23.985, 0, GPU-35ec6990-2b13-fbe4-44c2-103ee00e46b3, 374.39, 100, 29914
2026/09/09 15:17:24.085, 0, GPU-35ec6990-2b13-fbe4-44c2-103ee00e46b3, 370.70, 100, 29914
2026/09/09 15:17:24.185, 0, GPU-35ec6990-2b13-fbe4-44c2-103ee00e46b3, 416.37, 100, 29914
2026/09/09 15:17:24.285, 0, GPU-35ec6990-2b13-fbe4-44c2-103ee00e46b3, 411.14, 100, 29914
2026/09/09 15:17:24.385, 0, GPU-35ec6990-2b13-fbe4-44c2-103ee00e46b3, 372.52, 100, 29914
2026/09/09 15:17:24.486, 0, GPU-35ec6990-2b13-fbe4-44c2-103ee00e46b3, 384.52, 100, 29914
2026/09/09 15:17:24.586, 0, GPU-35ec6990-2b13-fbe4-44c2-103ee00e46b3, 384.52, 100, 29914
2026/09/09 15:17:24.686, 0, GPU-35ec6990-2b13-fbe4-44c2-103ee00e46b3, 387.87, 100, 29914
2026/09/09 15:17:24.786, 0, GPU-35ec6990-2b13-fbe4-44c2-103ee00e46b3, 378.35, 100, 29914
2026/09/09 15:17:24.886, 0, GPU-35ec6990-2b13-fbe4-44c2-103ee00e46b3, 404.70, 100, 29914
2026/09/09 15:17:24.987, 0, GPU-35ec6990-2b13-fbe4-44c2-103ee00e46b3, 386.66, 100, 29914
2026/09/09 15:17:25.087, 0, GPU-35ec6990-2b13-fbe4-44c2-103ee00e46b3, 400.14, 100, 29914
2026/09/09 15:17:25.187, 0, GPU-35ec6990-2b13-fbe4-44c2-103ee00e46b3, 406.85, 100, 29914
2026/09/09 15:17:25.287, 0, GPU-35ec6990-2b13-fbe4-44c2-103ee00e46b3, 390.02, 99, 29914
2026/09/09 15:17:25.387, 0, GPU-35ec6990-2b13-fbe4-44c2-103ee00e46b3, 410.87, 99, 29914
2026/09/09 15:17:25.488, 0, GPU-35ec6990-2b13-fbe4-44c2-103ee00e46b3, 388.48, 100, 29914
2026/09/09 15:17:25.588, 0, GPU-35ec6990-2b13-fbe4-44c2-103ee00e46b3, 403.50, 100, 29914
2026/09/09 15:17:25.688, 0, GPU-35ec6990-2b13-fbe4-44c2-103ee00e46b3, 416.65, 100, 29914
2026/09/09 15:17:25.788, 0, GPU-35ec6990-2b13-fbe4-44c2-103ee00e46b3, 387.87, 100, 29914
2026/09/09 15:17:25.888, 0, GPU-35ec6990-2b13-fbe4-44c2-103ee00e46b3, 403.50, 100, 29914
2026/09/09 15:17:25.988, 0, GPU-35ec6990-2b13-fbe4-44c2-103ee00e46b3, 391.23, 100, 29914
2026/09/09 15:17:26.089, 0, GPU-35ec6990-2b13-fbe4-44c2-103ee00e46b3, 387.87, 100, 29914
2026/09/09 15:17:26.189, 0, GPU-35ec6990-2b13-fbe4-44c2-103ee00e46b3, 394.58, 100, 29914
2026/09/09 15:17:26.289, 0, GPU-35ec6990-2b13-fbe4-44c2-103ee00e46b3, 383.58, 100, 29914
2026/09/09 15:17:26.389, 0, GPU-35ec6990-2b13-fbe4-44c2-103ee00e46b3, 394.91, 100, 29914
2026/09/09 15:17:26.489, 0, GPU-35ec6990-2b13-fbe4-44c2-103ee00e46b3, 404.43, 100, 29914
2026/09/09 15:17:26.590, 0, GPU-35ec6990-2b13-fbe4-44c2-103ee00e46b3, 378.68, 100, 29914
2026/09/09 15:17:26.690, 0, GPU-35ec6990-2b13-fbe4-44c2-103ee00e46b3, 405.31, 100, 29914
2026/09/09 15:17:26.790, 0, GPU-35ec6990-2b13-fbe4-44c2-103ee00e46b3, 405.31, 100, 29914
2026/09/09 15:17:26.890, 0, GPU-35ec6990-2b13-fbe4-44c2-103ee00e46b3, 379.61, 100, 29914
2026/09/09 15:17:26.990, 0, GPU-35ec6990-2b13-fbe4-44c2-103ee00e46b3, 393.70, 99, 29914
2026/09/09 15:17:27.091, 0, GPU-35ec6990-2b13-fbe4-44c2-103ee00e46b3, 367.02, 100, 29914
2026/09/09 15:17:27.191, 0, GPU-35ec6990-2b13-fbe4-44c2-103ee00e46b3, 367.02, 100, 29914
2026/09/09 15:17:27.291, 0, GPU-35ec6990-2b13-fbe4-44c2-103ee00e46b3, 390.95, 100, 29914
2026/09/09 15:17:27.391, 0, GPU-35ec6990-2b13-fbe4-44c2-103ee00e46b3, 390.95, 100, 29914
2026/09/09 15:17:27.491, 0, GPU-35ec6990-2b13-fbe4-44c2-103ee00e46b3, 376.32, 100, 29914
2026/09/09 15:17:27.591, 0, GPU-35ec6990-2b13-fbe4-44c2-103ee00e46b3, 402.89, 100, 29914
2026/09/09 15:17:27.692, 0, GPU-35ec6990-2b13-fbe4-44c2-103ee00e46b3, 387.27, 100, 29914
2026/09/09 15:17:27.792, 0, GPU-35ec6990-2b13-fbe4-44c2-103ee00e46b3, 378.96, 100, 29914
2026/09/09 15:17:27.892, 0, GPU-35ec6990-2b13-fbe4-44c2-103ee00e46b3, 408.07, 100, 29914
2026/09/09 15:17:27.992, 0, GPU-35ec6990-2b13-fbe4-44c2-103ee00e46b3, 382.04, 100, 29914
2026/09/09 15:17:28.092, 0, GPU-35ec6990-2b13-fbe4-44c2-103ee00e46b3, 407.18, 100, 29914
2026/09/09 15:17:28.193, 0, GPU-35ec6990-2b13-fbe4-44c2-103ee00e46b3, 389.69, 100, 29914
2026/09/09 15:17:28.293, 0, GPU-35ec6990-2b13-fbe4-44c2-103ee00e46b3, 382.64, 100, 29914
2026/09/09 15:17:28.393, 0, GPU-35ec6990-2b13-fbe4-44c2-103ee00e46b3, 347.10, 100, 29914
2026/09/09 15:17:28.493, 0, GPU-35ec6990-2b13-fbe4-44c2-103ee00e46b3, 381.10, 99, 29914
2026/09/09 15:17:28.593, 0, GPU-35ec6990-2b13-fbe4-44c2-103ee00e46b3, 391.83, 99, 29914
2026/09/09 15:17:28.694, 0, GPU-35ec6990-2b13-fbe4-44c2-103ee00e46b3, 391.83, 100, 29914
2026/09/09 15:17:28.794, 0, GPU-35ec6990-2b13-fbe4-44c2-103ee00e46b3, 395.85, 100, 29914
2026/09/09 15:17:28.894, 0, GPU-35ec6990-2b13-fbe4-44c2-103ee00e46b3, 384.79, 100, 29914
2026/09/09 15:17:28.994, 0, GPU-35ec6990-2b13-fbe4-44c2-103ee00e46b3, 384.79, 100, 29914
2026/09/09 15:17:29.094, 0, GPU-35ec6990-2b13-fbe4-44c2-103ee00e46b3, 394.31, 100, 29914
2026/09/09 15:17:29.194, 0, GPU-35ec6990-2b13-fbe4-44c2-103ee00e46b3, 374.06, 100, 29914
2026/09/09 15:17:29.295, 0, GPU-35ec6990-2b13-fbe4-44c2-103ee00e46b3, 385.12, 100, 29914
2026/09/09 15:17:29.395, 0, GPU-35ec6990-2b13-fbe4-44c2-103ee00e46b3, 409.93, 100, 29914
2026/09/09 15:17:29.495, 0, GPU-35ec6990-2b13-fbe4-44c2-103ee00e46b3, 377.47, 100, 29914
2026/09/09 15:17:29.595, 0, GPU-35ec6990-2b13-fbe4-44c2-103ee00e46b3, 392.16, 100, 29914
2026/09/09 15:17:29.695, 0, GPU-35ec6990-2b13-fbe4-44c2-103ee00e46b3, 382.64, 100, 29914
2026/09/09 15:17:29.796, 0, GPU-35ec6990-2b13-fbe4-44c2-103ee00e46b3, 375.93, 100, 29914
2026/09/09 15:17:29.896, 0, GPU-35ec6990-2b13-fbe4-44c2-103ee00e46b3, 387.54, 100, 29914
2026/09/09 15:17:29.996, 0, GPU-35ec6990-2b13-fbe4-44c2-103ee00e46b3, 375.32, 99, 29914
2026/09/09 15:17:30.096, 0, GPU-35ec6990-2b13-fbe4-44c2-103ee00e46b3, 396.45, 100, 29914
2026/09/09 15:17:30.196, 0, GPU-35ec6990-2b13-fbe4-44c2-103ee00e46b3, 379.61, 100, 29914
2026/09/09 15:17:30.296, 0, GPU-35ec6990-2b13-fbe4-44c2-103ee00e46b3, 373.46, 100, 29914
2026/09/09 15:17:30.397, 0, GPU-35ec6990-2b13-fbe4-44c2-103ee00e46b3, 403.77, 100, 29914
2026/09/09 15:17:30.497, 0, GPU-35ec6990-2b13-fbe4-44c2-103ee00e46b3, 379.89, 100, 29914
2026/09/09 15:17:30.597, 0, GPU-35ec6990-2b13-fbe4-44c2-103ee00e46b3, 379.89, 100, 29914
2026/09/09 15:17:30.697, 0, GPU-35ec6990-2b13-fbe4-44c2-103ee00e46b3, 374.39, 100, 29914
2026/09/09 15:17:30.797, 0, GPU-35ec6990-2b13-fbe4-44c2-103ee00e46b3, 383.58, 100, 29914
2026/09/09 15:17:30.898, 0, GPU-35ec6990-2b13-fbe4-44c2-103ee00e46b3, 383.58, 100, 29914
2026/09/09 15:17:30.998, 0, GPU-35ec6990-2b13-fbe4-44c2-103ee00e46b3, 390.62, 100, 29914
2026/09/09 15:17:31.098, 0, GPU-35ec6990-2b13-fbe4-44c2-103ee00e46b3, 390.29, 100, 29914
2026/09/09 15:17:31.198, 0, GPU-35ec6990-2b13-fbe4-44c2-103ee00e46b3, 377.47, 100, 29914
2026/09/09 15:17:31.298, 0, GPU-35ec6990-2b13-fbe4-44c2-103ee00e46b3, 405.64, 100, 29914
2026/09/09 15:17:31.399, 0, GPU-35ec6990-2b13-fbe4-44c2-103ee00e46b3, 386.33, 100, 29914
2026/09/09 15:17:31.499, 0, GPU-35ec6990-2b13-fbe4-44c2-103ee00e46b3, 371.03, 100, 29914
2026/09/09 15:17:31.599, 0, GPU-35ec6990-2b13-fbe4-44c2-103ee00e46b3, 380.83, 99, 29914
2026/09/09 15:17:31.699, 0, GPU-35ec6990-2b13-fbe4-44c2-103ee00e46b3, 390.29, 100, 29914
2026/09/09 15:17:31.799, 0, GPU-35ec6990-2b13-fbe4-44c2-103ee00e46b3, 387.27, 100, 29914
2026/09/09 15:17:31.900, 0, GPU-35ec6990-2b13-fbe4-44c2-103ee00e46b3, 371.64, 100, 29914
2026/09/09 15:17:32.000, 0, GPU-35ec6990-2b13-fbe4-44c2-103ee00e46b3, 388.14, 100, 29914
2026/09/09 15:17:32.100, 0, GPU-35ec6990-2b13-fbe4-44c2-103ee00e46b3, 382.04, 100, 29914
2026/09/09 15:17:32.200, 0, GPU-35ec6990-2b13-fbe4-44c2-103ee00e46b3, 377.14, 100, 29914
2026/09/09 15:17:32.301, 0, GPU-35ec6990-2b13-fbe4-44c2-103ee00e46b3, 398.00, 100, 29914
2026/09/09 15:17:32.401, 0, GPU-35ec6990-2b13-fbe4-44c2-103ee00e46b3, 365.48, 100, 29914
2026/09/09 15:17:32.501, 0, GPU-35ec6990-2b13-fbe4-44c2-103ee00e46b3, 384.79, 100, 29914
2026/09/09 15:17:32.601, 0, GPU-35ec6990-2b13-fbe4-44c2-103ee00e46b3, 405.04, 100, 29914
2026/09/09 15:17:32.701, 0, GPU-35ec6990-2b13-fbe4-44c2-103ee00e46b3, 377.14, 100, 29914
2026/09/09 15:17:32.802, 0, GPU-35ec6990-2b13-fbe4-44c2-103ee00e46b3, 388.48, 100, 29914
2026/09/09 15:17:32.902, 0, GPU-35ec6990-2b13-fbe4-44c2-103ee00e46b3, 388.48, 100, 29914
2026/09/09 15:17:33.002, 0, GPU-35ec6990-2b13-fbe4-44c2-103ee00e46b3, 392.44, 100, 29914
2026/09/09 15:17:33.102, 0, GPU-35ec6990-2b13-fbe4-44c2-103ee00e46b3, 392.44, 99, 29914
2026/09/09 15:17:33.202, 0, GPU-35ec6990-2b13-fbe4-44c2-103ee00e46b3, 406.25, 99, 29914
2026/09/09 15:17:33.303, 0, GPU-35ec6990-2b13-fbe4-44c2-103ee00e46b3, 406.25, 99, 29914
2026/09/09 15:17:33.403, 0, GPU-35ec6990-2b13-fbe4-44c2-103ee00e46b3, 386.00, 100, 29914
2026/09/09 15:17:33.503, 0, GPU-35ec6990-2b13-fbe4-44c2-103ee00e46b3, 394.31, 100, 29914
2026/09/09 15:17:33.603, 0, GPU-35ec6990-2b13-fbe4-44c2-103ee00e46b3, 387.54, 100, 29914
2026/09/09 15:17:33.703, 0, GPU-35ec6990-2b13-fbe4-44c2-103ee00e46b3, 391.56, 100, 29914
2026/09/09 15:17:33.804, 0, GPU-35ec6990-2b13-fbe4-44c2-103ee00e46b3, 384.79, 100, 29914
2026/09/09 15:17:33.904, 0, GPU-35ec6990-2b13-fbe4-44c2-103ee00e46b3, 371.64, 100, 29914
2026/09/09 15:17:34.004, 0, GPU-35ec6990-2b13-fbe4-44c2-103ee00e46b3, 404.10, 100, 29914
2026/09/09 15:17:34.104, 0, GPU-35ec6990-2b13-fbe4-44c2-103ee00e46b3, 404.10, 100, 29914
2026/09/09 15:17:34.204, 0, GPU-35ec6990-2b13-fbe4-44c2-103ee00e46b3, 378.35, 100, 29914
2026/09/09 15:17:34.305, 0, GPU-35ec6990-2b13-fbe4-44c2-103ee00e46b3, 412.96, 100, 29914
2026/09/09 15:17:34.405, 0, GPU-35ec6990-2b13-fbe4-44c2-103ee00e46b3, 383.91, 100, 29914
2026/09/09 15:17:34.505, 0, GPU-35ec6990-2b13-fbe4-44c2-103ee00e46b3, 383.91, 100, 29914
2026/09/09 15:17:34.605, 0, GPU-35ec6990-2b13-fbe4-44c2-103ee00e46b3, 372.85, 100, 29914
2026/09/09 15:17:34.705, 0, GPU-35ec6990-2b13-fbe4-44c2-103ee00e46b3, 390.62, 100, 29914
2026/09/09 15:17:34.806, 0, GPU-35ec6990-2b13-fbe4-44c2-103ee00e46b3, 384.52, 99, 29914
2026/09/09 15:17:34.906, 0, GPU-35ec6990-2b13-fbe4-44c2-103ee00e46b3, 416.37, 99, 29914
2026/09/09 15:17:35.006, 0, GPU-35ec6990-2b13-fbe4-44c2-103ee00e46b3, 387.54, 100, 29914
2026/09/09 15:17:35.106, 0, GPU-35ec6990-2b13-fbe4-44c2-103ee00e46b3, 392.16, 100, 29914
2026/09/09 15:17:35.206, 0, GPU-35ec6990-2b13-fbe4-44c2-103ee00e46b3, 400.14, 100, 29914
2026/09/09 15:17:35.306, 0, GPU-35ec6990-2b13-fbe4-44c2-103ee00e46b3, 381.77, 100, 29914
2026/09/09 15:17:35.407, 0, GPU-35ec6990-2b13-fbe4-44c2-103ee00e46b3, 398.60, 100, 29914
2026/09/09 15:17:35.507, 0, GPU-35ec6990-2b13-fbe4-44c2-103ee00e46b3, 388.48, 100, 29914
2026/09/09 15:17:35.607, 0, GPU-35ec6990-2b13-fbe4-44c2-103ee00e46b3, 368.88, 100, 29914
2026/09/09 15:17:35.707, 0, GPU-35ec6990-2b13-fbe4-44c2-103ee00e46b3, 398.00, 100, 29914
2026/09/09 15:17:35.807, 0, GPU-35ec6990-2b13-fbe4-44c2-103ee00e46b3, 400.14, 100, 29914
2026/09/09 15:17:35.908, 0, GPU-35ec6990-2b13-fbe4-44c2-103ee00e46b3, 381.10, 100, 29914
2026/09/09 15:17:36.008, 0, GPU-35ec6990-2b13-fbe4-44c2-103ee00e46b3, 409.33, 100, 29914
2026/09/09 15:17:36.108, 0, GPU-35ec6990-2b13-fbe4-44c2-103ee00e46b3, 385.39, 99, 29914
2026/09/09 15:17:36.208, 0, GPU-35ec6990-2b13-fbe4-44c2-103ee00e46b3, 394.91, 99, 29914
2026/09/09 15:17:36.308, 0, GPU-35ec6990-2b13-fbe4-44c2-103ee00e46b3, 400.82, 100, 29914
2026/09/09 15:17:36.409, 0, GPU-35ec6990-2b13-fbe4-44c2-103ee00e46b3, 371.92, 100, 29914
2026/09/09 15:17:36.509, 0, GPU-35ec6990-2b13-fbe4-44c2-103ee00e46b3, 406.85, 100, 29914
2026/09/09 15:17:36.609, 0, GPU-35ec6990-2b13-fbe4-44c2-103ee00e46b3, 378.68, 100, 29914
2026/09/09 15:17:36.709, 0, GPU-35ec6990-2b13-fbe4-44c2-103ee00e46b3, 381.44, 100, 29914
2026/09/09 15:17:36.809, 0, GPU-35ec6990-2b13-fbe4-44c2-103ee00e46b3, 386.33, 100, 29914
2026/09/09 15:17:36.909, 0, GPU-35ec6990-2b13-fbe4-44c2-103ee00e46b3, 386.66, 100, 29914
2026/09/09 15:17:37.010, 0, GPU-35ec6990-2b13-fbe4-44c2-103ee00e46b3, 385.12, 100, 29914
2026/09/09 15:17:37.110, 0, GPU-35ec6990-2b13-fbe4-44c2-103ee00e46b3, 371.69, 100, 29914
2026/09/09 15:17:37.210, 0, GPU-35ec6990-2b13-fbe4-44c2-103ee00e46b3, 371.69, 100, 29914
2026/09/09 15:17:37.310, 0, GPU-35ec6990-2b13-fbe4-44c2-103ee00e46b3, 371.69, 100, 29914
2026/09/09 15:17:37.410, 0, GPU-35ec6990-2b13-fbe4-44c2-103ee00e46b3, 398.87, 100, 29914
2026/09/09 15:17:37.511, 0, GPU-35ec6990-2b13-fbe4-44c2-103ee00e46b3, 374.39, 100, 29914
2026/09/09 15:17:37.611, 0, GPU-35ec6990-2b13-fbe4-44c2-103ee00e46b3, 412.36, 100, 29914
2026/09/09 15:17:37.711, 0, GPU-35ec6990-2b13-fbe4-44c2-103ee00e46b3, 354.47, 100, 29914
2026/09/09 15:17:37.811, 0, GPU-35ec6990-2b13-fbe4-44c2-103ee00e46b3, 399.81, 99, 29914
2026/09/09 15:17:37.911, 0, GPU-35ec6990-2b13-fbe4-44c2-103ee00e46b3, 397.66, 99, 29914
2026/09/09 15:17:38.012, 0, GPU-35ec6990-2b13-fbe4-44c2-103ee00e46b3, 373.57, 100, 29914
2026/09/09 15:17:38.112, 0, GPU-35ec6990-2b13-fbe4-44c2-103ee00e46b3, 410.87, 100, 29914
2026/09/09 15:17:38.212, 0, GPU-35ec6990-2b13-fbe4-44c2-103ee00e46b3, 378.08, 100, 29914
2026/09/09 15:17:38.312, 0, GPU-35ec6990-2b13-fbe4-44c2-103ee00e46b3, 381.10, 100, 29914
2026/09/09 15:17:38.412, 0, GPU-35ec6990-2b13-fbe4-44c2-103ee00e46b3, 386.33, 100, 29914
2026/09/09 15:17:38.512, 0, GPU-35ec6990-2b13-fbe4-44c2-103ee00e46b3, 381.10, 100, 29914
2026/09/09 15:17:38.613, 0, GPU-35ec6990-2b13-fbe4-44c2-103ee00e46b3, 395.25, 100, 29914
2026/09/09 15:17:38.713, 0, GPU-35ec6990-2b13-fbe4-44c2-103ee00e46b3, 376.21, 100, 29914
2026/09/09 15:17:38.813, 0, GPU-35ec6990-2b13-fbe4-44c2-103ee00e46b3, 377.47, 100, 29914
2026/09/09 15:17:38.913, 0, GPU-35ec6990-2b13-fbe4-44c2-103ee00e46b3, 404.70, 100, 29914
2026/09/09 15:17:39.013, 0, GPU-35ec6990-2b13-fbe4-44c2-103ee00e46b3, 392.77, 100, 29914
2026/09/09 15:17:39.114, 0, GPU-35ec6990-2b13-fbe4-44c2-103ee00e46b3, 381.10, 100, 29914
2026/09/09 15:17:39.214, 0, GPU-35ec6990-2b13-fbe4-44c2-103ee00e46b3, 412.36, 100, 29914
2026/09/09 15:17:39.314, 0, GPU-35ec6990-2b13-fbe4-44c2-103ee00e46b3, 366.51, 100, 29914
2026/09/09 15:17:39.414, 0, GPU-35ec6990-2b13-fbe4-44c2-103ee00e46b3, 396.12, 99, 29914
2026/09/09 15:17:39.514, 0, GPU-35ec6990-2b13-fbe4-44c2-103ee00e46b3, 401.02, 99, 29914
2026/09/09 15:17:39.614, 0, GPU-35ec6990-2b13-fbe4-44c2-103ee00e46b3, 374.67, 100, 29914
2026/09/09 15:17:39.715, 0, GPU-35ec6990-2b13-fbe4-44c2-103ee00e46b3, 409.00, 100, 29914
2026/09/09 15:17:39.815, 0, GPU-35ec6990-2b13-fbe4-44c2-103ee00e46b3, 379.29, 100, 29914
2026/09/09 15:17:39.915, 0, GPU-35ec6990-2b13-fbe4-44c2-103ee00e46b3, 375.05, 100, 29914
2026/09/09 15:17:40.015, 0, GPU-35ec6990-2b13-fbe4-44c2-103ee00e46b3, 388.81, 100, 29914
2026/09/09 15:17:40.115, 0, GPU-35ec6990-2b13-fbe4-44c2-103ee00e46b3, 384.19, 100, 29914
2026/09/09 15:17:40.216, 0, GPU-35ec6990-2b13-fbe4-44c2-103ee00e46b3, 397.06, 100, 29914
2026/09/09 15:17:40.316, 0, GPU-35ec6990-2b13-fbe4-44c2-103ee00e46b3, 373.79, 100, 29914
2026/09/09 15:17:40.416, 0, GPU-35ec6990-2b13-fbe4-44c2-103ee00e46b3, 375.32, 100, 29914
2026/09/09 15:17:40.516, 0, GPU-35ec6990-2b13-fbe4-44c2-103ee00e46b3, 392.84, 100, 29914
2026/09/09 15:17:40.616, 0, GPU-35ec6990-2b13-fbe4-44c2-103ee00e46b3, 383.91, 100, 29914
2026/09/09 15:17:40.717, 0, GPU-35ec6990-2b13-fbe4-44c2-103ee00e46b3, 384.79, 100, 29914
2026/09/09 15:17:40.817, 0, GPU-35ec6990-2b13-fbe4-44c2-103ee00e46b3, 410.87, 100, 29914
2026/09/09 15:17:40.917, 0, GPU-35ec6990-2b13-fbe4-44c2-103ee00e46b3, 373.79, 100, 29914
2026/09/09 15:17:41.017, 0, GPU-35ec6990-2b13-fbe4-44c2-103ee00e46b3, 373.79, 100, 29914
2026/09/09 15:17:41.117, 0, GPU-35ec6990-2b13-fbe4-44c2-103ee00e46b3, 376.21, 100, 29914
2026/09/09 15:17:41.218, 0, GPU-35ec6990-2b13-fbe4-44c2-103ee00e46b3, 413.29, 100, 29914
2026/09/09 15:17:41.318, 0, GPU-35ec6990-2b13-fbe4-44c2-103ee00e46b3, 318.31, 100, 29914
2026/09/09 15:17:41.418, 0, GPU-35ec6990-2b13-fbe4-44c2-103ee00e46b3, 332.42, 100, 29914
2026/09/09 15:17:41.518, 0, GPU-35ec6990-2b13-fbe4-44c2-103ee00e46b3, 393.70, 100, 29914
2026/09/09 15:17:41.618, 0, GPU-35ec6990-2b13-fbe4-44c2-103ee00e46b3, 393.70, 100, 29914
2026/09/09 15:17:41.719, 0, GPU-35ec6990-2b13-fbe4-44c2-103ee00e46b3, 392.44, 100, 29914
2026/09/09 15:17:41.819, 0, GPU-35ec6990-2b13-fbe4-44c2-103ee00e46b3, 351.11, 100, 29914
2026/09/09 15:17:41.919, 0, GPU-35ec6990-2b13-fbe4-44c2-103ee00e46b3, 345.30, 100, 29914
2026/09/09 15:17:42.019, 0, GPU-35ec6990-2b13-fbe4-44c2-103ee00e46b3, 389.69, 100, 29914
2026/09/09 15:17:42.119, 0, GPU-35ec6990-2b13-fbe4-44c2-103ee00e46b3, 399.81, 100, 29914
2026/09/09 15:17:42.220, 0, GPU-35ec6990-2b13-fbe4-44c2-103ee00e46b3, 367.63, 100, 29914
2026/09/09 15:17:42.320, 0, GPU-35ec6990-2b13-fbe4-44c2-103ee00e46b3, 322.61, 100, 29914
2026/09/09 15:17:42.420, 0, GPU-35ec6990-2b13-fbe4-44c2-103ee00e46b3, 348.06, 100, 29914
2026/09/09 15:17:42.520, 0, GPU-35ec6990-2b13-fbe4-44c2-103ee00e46b3, 383.91, 100, 29914
2026/09/09 15:17:42.620, 0, GPU-35ec6990-2b13-fbe4-44c2-103ee00e46b3, 386.33, 100, 29914
2026/09/09 15:17:42.720, 0, GPU-35ec6990-2b13-fbe4-44c2-103ee00e46b3, 326.30, 100, 29914
2026/09/09 15:17:42.821, 0, GPU-35ec6990-2b13-fbe4-44c2-103ee00e46b3, 379.89, 100, 29914
2026/09/09 15:17:42.921, 0, GPU-35ec6990-2b13-fbe4-44c2-103ee00e46b3, 383.25, 100, 29914
2026/09/09 15:17:43.021, 0, GPU-35ec6990-2b13-fbe4-44c2-103ee00e46b3, 397.39, 100, 29914
2026/09/09 15:17:43.121, 0, GPU-35ec6990-2b13-fbe4-44c2-103ee00e46b3, 376.54, 100, 29914
2026/09/09 15:17:43.221, 0, GPU-35ec6990-2b13-fbe4-44c2-103ee00e46b3, 85.96, 87, 29914
2026/09/09 15:17:43.322, 0, GPU-35ec6990-2b13-fbe4-44c2-103ee00e46b3, 80.72, 87, 29914
2026/09/09 15:17:43.422, 0, GPU-35ec6990-2b13-fbe4-44c2-103ee00e46b3, 80.72, 87, 29914
2026/09/09 15:17:43.522, 0, GPU-35ec6990-2b13-fbe4-44c2-103ee00e46b3, 79.17, 0, 29914
2026/09/09 15:17:43.622, 0, GPU-35ec6990-2b13-fbe4-44c2-103ee00e46b3, 78.90, 0, 29914
2026/09/09 15:17:43.722, 0, GPU-35ec6990-2b13-fbe4-44c2-103ee00e46b3, 401.35, 0, 29914
2026/09/09 15:17:43.823, 0, GPU-35ec6990-2b13-fbe4-44c2-103ee00e46b3, 401.35, 0, 29914
2026/09/09 15:17:43.923, 0, GPU-35ec6990-2b13-fbe4-44c2-103ee00e46b3, 386.33, 49, 29914
2026/09/09 15:17:44.023, 0, GPU-35ec6990-2b13-fbe4-44c2-103ee00e46b3, 370.70, 49, 29914
2026/09/09 15:17:44.123, 0, GPU-35ec6990-2b13-fbe4-44c2-103ee00e46b3, 396.45, 100, 29914
2026/09/09 15:17:44.223, 0, GPU-35ec6990-2b13-fbe4-44c2-103ee00e46b3, 409.61, 100, 29914
2026/09/09 15:17:44.324, 0, GPU-35ec6990-2b13-fbe4-44c2-103ee00e46b3, 375.93, 100, 29914
2026/09/09 15:17:44.424, 0, GPU-35ec6990-2b13-fbe4-44c2-103ee00e46b3, 400.75, 100, 29914
2026/09/09 15:17:44.524, 0, GPU-35ec6990-2b13-fbe4-44c2-103ee00e46b3, 374.77, 100, 29914
2026/09/09 15:17:44.624, 0, GPU-35ec6990-2b13-fbe4-44c2-103ee00e46b3, 374.06, 100, 29914
2026/09/09 15:17:44.724, 0, GPU-35ec6990-2b13-fbe4-44c2-103ee00e46b3, 393.37, 100, 29914
2026/09/09 15:17:44.825, 0, GPU-35ec6990-2b13-fbe4-44c2-103ee00e46b3, 388.14, 100, 29914
2026/09/09 15:17:44.925, 0, GPU-35ec6990-2b13-fbe4-44c2-103ee00e46b3, 380.23, 100, 29914
2026/09/09 15:17:45.025, 0, GPU-35ec6990-2b13-fbe4-44c2-103ee00e46b3, 413.62, 100, 29914
2026/09/09 15:17:45.125, 0, GPU-35ec6990-2b13-fbe4-44c2-103ee00e46b3, 375.71, 100, 29914
2026/09/09 15:17:45.225, 0, GPU-35ec6990-2b13-fbe4-44c2-103ee00e46b3, 389.81, 100, 29914
2026/09/09 15:17:45.325, 0, GPU-35ec6990-2b13-fbe4-44c2-103ee00e46b3, 392.77, 100, 29914
2026/09/09 15:17:45.426, 0, GPU-35ec6990-2b13-fbe4-44c2-103ee00e46b3, 380.50, 99, 29914
2026/09/09 15:17:45.526, 0, GPU-35ec6990-2b13-fbe4-44c2-103ee00e46b3, 372.90, 99, 29914
2026/09/09 15:17:45.626, 0, GPU-35ec6990-2b13-fbe4-44c2-103ee00e46b3, 377.14, 100, 29914
2026/09/09 15:17:45.726, 0, GPU-35ec6990-2b13-fbe4-44c2-103ee00e46b3, 377.14, 100, 29914
2026/09/09 15:17:45.826, 0, GPU-35ec6990-2b13-fbe4-44c2-103ee00e46b3, 370.47, 100, 29914
2026/09/09 15:17:45.927, 0, GPU-35ec6990-2b13-fbe4-44c2-103ee00e46b3, 370.47, 100, 29914
2026/09/09 15:17:46.027, 0, GPU-35ec6990-2b13-fbe4-44c2-103ee00e46b3, 372.52, 100, 29914
2026/09/09 15:17:46.127, 0, GPU-35ec6990-2b13-fbe4-44c2-103ee00e46b3, 375.00, 100, 29914
2026/09/09 15:17:46.227, 0, GPU-35ec6990-2b13-fbe4-44c2-103ee00e46b3, 393.10, 100, 29914
2026/09/09 15:17:46.327, 0, GPU-35ec6990-2b13-fbe4-44c2-103ee00e46b3, 383.91, 100, 29914
2026/09/09 15:17:46.428, 0, GPU-35ec6990-2b13-fbe4-44c2-103ee00e46b3, 379.89, 100, 29914
2026/09/09 15:17:46.528, 0, GPU-35ec6990-2b13-fbe4-44c2-103ee00e46b3, 408.39, 100, 29914
2026/09/09 15:17:46.628, 0, GPU-35ec6990-2b13-fbe4-44c2-103ee00e46b3, 371.64, 100, 29914
2026/09/09 15:17:46.728, 0, GPU-35ec6990-2b13-fbe4-44c2-103ee00e46b3, 388.81, 100, 29914
2026/09/09 15:17:46.828, 0, GPU-35ec6990-2b13-fbe4-44c2-103ee00e46b3, 409.00, 100, 29914
2026/09/09 15:17:46.929, 0, GPU-35ec6990-2b13-fbe4-44c2-103ee00e46b3, 386.33, 100, 29914
2026/09/09 15:17:47.029, 0, GPU-35ec6990-2b13-fbe4-44c2-103ee00e46b3, 405.04, 100, 29914
2026/09/09 15:17:47.129, 0, GPU-35ec6990-2b13-fbe4-44c2-103ee00e46b3, 381.44, 99, 29914
2026/09/09 15:17:47.229, 0, GPU-35ec6990-2b13-fbe4-44c2-103ee00e46b3, 381.44, 99, 29914
2026/09/09 15:17:47.329, 0, GPU-35ec6990-2b13-fbe4-44c2-103ee00e46b3, 393.98, 100, 29914
2026/09/09 15:17:47.430, 0, GPU-35ec6990-2b13-fbe4-44c2-103ee00e46b3, 393.98, 100, 29914
2026/09/09 15:17:47.530, 0, GPU-35ec6990-2b13-fbe4-44c2-103ee00e46b3, 368.28, 100, 29914
2026/09/09 15:17:47.630, 0, GPU-35ec6990-2b13-fbe4-44c2-103ee00e46b3, 396.45, 100, 29914
2026/09/09 15:17:47.730, 0, GPU-35ec6990-2b13-fbe4-44c2-103ee00e46b3, 372.52, 100, 29914
2026/09/09 15:17:47.831, 0, GPU-35ec6990-2b13-fbe4-44c2-103ee00e46b3, 377.47, 100, 29914
2026/09/09 15:17:47.931, 0, GPU-35ec6990-2b13-fbe4-44c2-103ee00e46b3, 400.41, 100, 29914
2026/09/09 15:17:48.031, 0, GPU-35ec6990-2b13-fbe4-44c2-103ee00e46b3, 386.00, 100, 29914
2026/09/09 15:17:48.131, 0, GPU-35ec6990-2b13-fbe4-44c2-103ee00e46b3, 382.98, 100, 29914
2026/09/09 15:17:48.231, 0, GPU-35ec6990-2b13-fbe4-44c2-103ee00e46b3, 409.61, 100, 29914
2026/09/09 15:17:48.331, 0, GPU-35ec6990-2b13-fbe4-44c2-103ee00e46b3, 384.79, 100, 29914
2026/09/09 15:17:48.432, 0, GPU-35ec6990-2b13-fbe4-44c2-103ee00e46b3, 393.98, 99, 29914
2026/09/09 15:17:48.532, 0, GPU-35ec6990-2b13-fbe4-44c2-103ee00e46b3, 386.94, 99, 29914
2026/09/09 15:17:48.632, 0, GPU-35ec6990-2b13-fbe4-44c2-103ee00e46b3, 388.81, 100, 29914
2026/09/09 15:17:48.732, 0, GPU-35ec6990-2b13-fbe4-44c2-103ee00e46b3, 405.04, 100, 29914
2026/09/09 15:17:48.832, 0, GPU-35ec6990-2b13-fbe4-44c2-103ee00e46b3, 375.71, 100, 29914
2026/09/09 15:17:48.933, 0, GPU-35ec6990-2b13-fbe4-44c2-103ee00e46b3, 380.50, 100, 29914
2026/09/09 15:17:49.033, 0, GPU-35ec6990-2b13-fbe4-44c2-103ee00e46b3, 396.45, 100, 29914
2026/09/09 15:17:49.133, 0, GPU-35ec6990-2b13-fbe4-44c2-103ee00e46b3, 368.56, 100, 29914
2026/09/09 15:17:49.233, 0, GPU-35ec6990-2b13-fbe4-44c2-103ee00e46b3, 389.69, 100, 29914
2026/09/09 15:17:49.333, 0, GPU-35ec6990-2b13-fbe4-44c2-103ee00e46b3, 377.47, 100, 29914
2026/09/09 15:17:49.434, 0, GPU-35ec6990-2b13-fbe4-44c2-103ee00e46b3, 397.66, 100, 29914
2026/09/09 15:17:49.534, 0, GPU-35ec6990-2b13-fbe4-44c2-103ee00e46b3, 384.19, 100, 29914
2026/09/09 15:17:49.634, 0, GPU-35ec6990-2b13-fbe4-44c2-103ee00e46b3, 380.83, 100, 29914
2026/09/09 15:17:49.734, 0, GPU-35ec6990-2b13-fbe4-44c2-103ee00e46b3, 401.95, 100, 29914
2026/09/09 15:17:49.834, 0, GPU-35ec6990-2b13-fbe4-44c2-103ee00e46b3, 368.28, 100, 29914
2026/09/09 15:17:49.935, 0, GPU-35ec6990-2b13-fbe4-44c2-103ee00e46b3, 353.53, 100, 29914
2026/09/09 15:17:50.035, 0, GPU-35ec6990-2b13-fbe4-44c2-103ee00e46b3, 385.73, 100, 29914
2026/09/09 15:17:50.135, 0, GPU-35ec6990-2b13-fbe4-44c2-103ee00e46b3, 385.73, 99, 29914
2026/09/09 15:17:50.235, 0, GPU-35ec6990-2b13-fbe4-44c2-103ee00e46b3, 386.33, 99, 29914
2026/09/09 15:17:50.335, 0, GPU-35ec6990-2b13-fbe4-44c2-103ee00e46b3, 370.10, 100, 29914
2026/09/09 15:17:50.436, 0, GPU-35ec6990-2b13-fbe4-44c2-103ee00e46b3, 397.39, 100, 29914
2026/09/09 15:17:50.536, 0, GPU-35ec6990-2b13-fbe4-44c2-103ee00e46b3, 401.35, 100, 29914
2026/09/09 15:17:50.636, 0, GPU-35ec6990-2b13-fbe4-44c2-103ee00e46b3, 375.93, 100, 29914
2026/09/09 15:17:50.736, 0, GPU-35ec6990-2b13-fbe4-44c2-103ee00e46b3, 375.93, 100, 29914
2026/09/09 15:17:50.837, 0, GPU-35ec6990-2b13-fbe4-44c2-103ee00e46b3, 390.29, 100, 29914
2026/09/09 15:17:50.937, 0, GPU-35ec6990-2b13-fbe4-44c2-103ee00e46b3, 382.98, 100, 29914
2026/09/09 15:17:51.037, 0, GPU-35ec6990-2b13-fbe4-44c2-103ee00e46b3, 376.21, 100, 29914
2026/09/09 15:17:51.137, 0, GPU-35ec6990-2b13-fbe4-44c2-103ee00e46b3, 389.08, 100, 29914
2026/09/09 15:17:51.238, 0, GPU-35ec6990-2b13-fbe4-44c2-103ee00e46b3, 383.25, 100, 29914
2026/09/09 15:17:51.338, 0, GPU-35ec6990-2b13-fbe4-44c2-103ee00e46b3, 390.62, 99, 29914
2026/09/09 15:17:51.438, 0, GPU-35ec6990-2b13-fbe4-44c2-103ee00e46b3, 392.77, 99, 29914
2026/09/09 15:17:51.538, 0, GPU-35ec6990-2b13-fbe4-44c2-103ee00e46b3, 356.95, 100, 29914
2026/09/09 15:17:51.639, 0, GPU-35ec6990-2b13-fbe4-44c2-103ee00e46b3, 394.71, 100, 29914
2026/09/09 15:17:51.739, 0, GPU-35ec6990-2b13-fbe4-44c2-103ee00e46b3, 390.69, 99, 29914
2026/09/09 15:17:51.839, 0, GPU-35ec6990-2b13-fbe4-44c2-103ee00e46b3, 387.05, 100, 29914
2026/09/09 15:17:51.939, 0, GPU-35ec6990-2b13-fbe4-44c2-103ee00e46b3, 394.99, 100, 29914
2026/09/09 15:17:52.039, 0, GPU-35ec6990-2b13-fbe4-44c2-103ee00e46b3, 365.24, 100, 29914
2026/09/09 15:17:52.140, 0, GPU-35ec6990-2b13-fbe4-44c2-103ee00e46b3, 391.02, 100, 29914
2026/09/09 15:17:52.240, 0, GPU-35ec6990-2b13-fbe4-44c2-103ee00e46b3, 397.80, 100, 29914
2026/09/09 15:17:52.340, 0, GPU-35ec6990-2b13-fbe4-44c2-103ee00e46b3, 374.77, 100, 29914
2026/09/09 15:17:52.440, 0, GPU-35ec6990-2b13-fbe4-44c2-103ee00e46b3, 390.42, 100, 29914
2026/09/09 15:17:52.540, 0, GPU-35ec6990-2b13-fbe4-44c2-103ee00e46b3, 383.37, 100, 29914
2026/09/09 15:17:52.641, 0, GPU-35ec6990-2b13-fbe4-44c2-103ee00e46b3, 379.67, 100, 29914
2026/09/09 15:17:52.741, 0, GPU-35ec6990-2b13-fbe4-44c2-103ee00e46b3, 387.66, 100, 29914
2026/09/09 15:17:52.841, 0, GPU-35ec6990-2b13-fbe4-44c2-103ee00e46b3, 390.69, 100, 29914
2026/09/09 15:17:52.941, 0, GPU-35ec6990-2b13-fbe4-44c2-103ee00e46b3, 385.79, 100, 29914
2026/09/09 15:17:53.041, 0, GPU-35ec6990-2b13-fbe4-44c2-103ee00e46b3, 395.93, 100, 29914
2026/09/09 15:17:53.141, 0, GPU-35ec6990-2b13-fbe4-44c2-103ee00e46b3, 354.83, 100, 29914
2026/09/09 15:17:53.242, 0, GPU-35ec6990-2b13-fbe4-44c2-103ee00e46b3, 400.82, 100, 29914
2026/09/09 15:17:53.342, 0, GPU-35ec6990-2b13-fbe4-44c2-103ee00e46b3, 373.84, 99, 29914
2026/09/09 15:17:53.442, 0, GPU-35ec6990-2b13-fbe4-44c2-103ee00e46b3, 389.20, 99, 29914
2026/09/09 15:17:53.542, 0, GPU-35ec6990-2b13-fbe4-44c2-103ee00e46b3, 394.38, 100, 29914
2026/09/09 15:17:53.642, 0, GPU-35ec6990-2b13-fbe4-44c2-103ee00e46b3, 367.39, 100, 29914
2026/09/09 15:17:53.743, 0, GPU-35ec6990-2b13-fbe4-44c2-103ee00e46b3, 394.99, 100, 29914
2026/09/09 15:17:53.843, 0, GPU-35ec6990-2b13-fbe4-44c2-103ee00e46b3, 391.35, 100, 29914
2026/09/09 15:17:53.943, 0, GPU-35ec6990-2b13-fbe4-44c2-103ee00e46b3, 391.35, 100, 29914
2026/09/09 15:17:54.043, 0, GPU-35ec6990-2b13-fbe4-44c2-103ee00e46b3, 394.99, 100, 29914
2026/09/09 15:17:54.143, 0, GPU-35ec6990-2b13-fbe4-44c2-103ee00e46b3, 394.99, 100, 29914
2026/09/09 15:17:54.243, 0, GPU-35ec6990-2b13-fbe4-44c2-103ee00e46b3, 381.22, 100, 29914
2026/09/09 15:17:54.344, 0, GPU-35ec6990-2b13-fbe4-44c2-103ee00e46b3, 391.63, 100, 29914
2026/09/09 15:17:54.444, 0, GPU-35ec6990-2b13-fbe4-44c2-103ee00e46b3, 384.91, 100, 29914
2026/09/09 15:17:54.544, 0, GPU-35ec6990-2b13-fbe4-44c2-103ee00e46b3, 387.94, 100, 29914
2026/09/09 15:17:54.644, 0, GPU-35ec6990-2b13-fbe4-44c2-103ee00e46b3, 392.56, 100, 29914
2026/09/09 15:17:54.744, 0, GPU-35ec6990-2b13-fbe4-44c2-103ee00e46b3, 369.54, 99, 29914
2026/09/09 15:17:54.845, 0, GPU-35ec6990-2b13-fbe4-44c2-103ee00e46b3, 401.43, 99, 29914
2026/09/09 15:17:54.945, 0, GPU-35ec6990-2b13-fbe4-44c2-103ee00e46b3, 380.61, 100, 29914
2026/09/09 15:17:55.045, 0, GPU-35ec6990-2b13-fbe4-44c2-103ee00e46b3, 382.15, 100, 29914
2026/09/09 15:17:55.145, 0, GPU-35ec6990-2b13-fbe4-44c2-103ee00e46b3, 385.79, 100, 29914
2026/09/09 15:17:55.245, 0, GPU-35ec6990-2b13-fbe4-44c2-103ee00e46b3, 372.02, 100, 29914
2026/09/09 15:17:55.346, 0, GPU-35ec6990-2b13-fbe4-44c2-103ee00e46b3, 399.61, 100, 29914
2026/09/09 15:17:55.446, 0, GPU-35ec6990-2b13-fbe4-44c2-103ee00e46b3, 387.66, 100, 29914
2026/09/09 15:17:55.546, 0, GPU-35ec6990-2b13-fbe4-44c2-103ee00e46b3, 377.86, 100, 29914
2026/09/09 15:17:55.646, 0, GPU-35ec6990-2b13-fbe4-44c2-103ee00e46b3, 399.61, 100, 29914
2026/09/09 15:17:55.746, 0, GPU-35ec6990-2b13-fbe4-44c2-103ee00e46b3, 375.98, 100, 29914
2026/09/09 15:17:55.847, 0, GPU-35ec6990-2b13-fbe4-44c2-103ee00e46b3, 376.92, 100, 29914
2026/09/09 15:17:55.947, 0, GPU-35ec6990-2b13-fbe4-44c2-103ee00e46b3, 387.05, 100, 29914
2026/09/09 15:17:56.047, 0, GPU-35ec6990-2b13-fbe4-44c2-103ee00e46b3, 385.18, 100, 29914
2026/09/09 15:17:56.147, 0, GPU-35ec6990-2b13-fbe4-44c2-103ee00e46b3, 392.84, 100, 29914
2026/09/09 15:17:56.247, 0, GPU-35ec6990-2b13-fbe4-44c2-103ee00e46b3, 381.49, 100, 29914
2026/09/09 15:17:56.347, 0, GPU-35ec6990-2b13-fbe4-44c2-103ee00e46b3, 372.63, 99, 29914
2026/09/09 15:17:56.448, 0, GPU-35ec6990-2b13-fbe4-44c2-103ee00e46b3, 394.31, 99, 29914
2026/09/09 15:17:56.548, 0, GPU-35ec6990-2b13-fbe4-44c2-103ee00e46b3, 378.13, 99, 29914
2026/09/09 15:17:56.648, 0, GPU-35ec6990-2b13-fbe4-44c2-103ee00e46b3, 390.42, 100, 29914
2026/09/09 15:17:56.748, 0, GPU-35ec6990-2b13-fbe4-44c2-103ee00e46b3, 396.53, 100, 29914
2026/09/09 15:17:56.848, 0, GPU-35ec6990-2b13-fbe4-44c2-103ee00e46b3, 369.54, 100, 29914
2026/09/09 15:17:56.949, 0, GPU-35ec6990-2b13-fbe4-44c2-103ee00e46b3, 385.79, 100, 29914
2026/09/09 15:17:57.049, 0, GPU-35ec6990-2b13-fbe4-44c2-103ee00e46b3, 384.30, 100, 29914
2026/09/09 15:17:57.149, 0, GPU-35ec6990-2b13-fbe4-44c2-103ee00e46b3, 375.71, 100, 29914
2026/09/09 15:17:57.249, 0, GPU-35ec6990-2b13-fbe4-44c2-103ee00e46b3, 400.22, 100, 29914
2026/09/09 15:17:57.349, 0, GPU-35ec6990-2b13-fbe4-44c2-103ee00e46b3, 400.22, 100, 29914
2026/09/09 15:17:57.449, 0, GPU-35ec6990-2b13-fbe4-44c2-103ee00e46b3, 380.00, 100, 29914
2026/09/09 15:17:57.550, 0, GPU-35ec6990-2b13-fbe4-44c2-103ee00e46b3, 380.00, 100, 29914
2026/09/09 15:17:57.650, 0, GPU-35ec6990-2b13-fbe4-44c2-103ee00e46b3, 375.38, 100, 29914
2026/09/09 15:17:57.750, 0, GPU-35ec6990-2b13-fbe4-44c2-103ee00e46b3, 393.17, 100, 29914
2026/09/09 15:17:57.850, 0, GPU-35ec6990-2b13-fbe4-44c2-103ee00e46b3, 393.17, 100, 29914
2026/09/09 15:17:57.950, 0, GPU-35ec6990-2b13-fbe4-44c2-103ee00e46b3, 383.91, 99, 29914
2026/09/09 15:17:58.051, 0, GPU-35ec6990-2b13-fbe4-44c2-103ee00e46b3, 382.04, 99, 29914
2026/09/09 15:17:58.151, 0, GPU-35ec6990-2b13-fbe4-44c2-103ee00e46b3, 394.58, 100, 29914
2026/09/09 15:17:58.251, 0, GPU-35ec6990-2b13-fbe4-44c2-103ee00e46b3, 389.41, 100, 29914
2026/09/09 15:17:58.351, 0, GPU-35ec6990-2b13-fbe4-44c2-103ee00e46b3, 394.58, 100, 29914
2026/09/09 15:17:58.451, 0, GPU-35ec6990-2b13-fbe4-44c2-103ee00e46b3, 366.51, 100, 29914
2026/09/09 15:17:58.552, 0, GPU-35ec6990-2b13-fbe4-44c2-103ee00e46b3, 395.52, 100, 29914
2026/09/09 15:17:58.652, 0, GPU-35ec6990-2b13-fbe4-44c2-103ee00e46b3, 388.48, 100, 29914
2026/09/09 15:17:58.752, 0, GPU-35ec6990-2b13-fbe4-44c2-103ee00e46b3, 379.29, 100, 29914
2026/09/09 15:17:58.852, 0, GPU-35ec6990-2b13-fbe4-44c2-103ee00e46b3, 401.35, 100, 29914
2026/09/09 15:17:58.952, 0, GPU-35ec6990-2b13-fbe4-44c2-103ee00e46b3, 372.52, 100, 29914
2026/09/09 15:17:59.053, 0, GPU-35ec6990-2b13-fbe4-44c2-103ee00e46b3, 381.10, 100, 29914
2026/09/09 15:17:59.153, 0, GPU-35ec6990-2b13-fbe4-44c2-103ee00e46b3, 402.29, 100, 29914
2026/09/09 15:17:59.253, 0, GPU-35ec6990-2b13-fbe4-44c2-103ee00e46b3, 382.04, 100, 29914
2026/09/09 15:17:59.353, 0, GPU-35ec6990-2b13-fbe4-44c2-103ee00e46b3, 402.56, 99, 29914
2026/09/09 15:17:59.453, 0, GPU-35ec6990-2b13-fbe4-44c2-103ee00e46b3, 383.25, 99, 29914
2026/09/09 15:17:59.553, 0, GPU-35ec6990-2b13-fbe4-44c2-103ee00e46b3, 386.94, 100, 29914
2026/09/09 15:17:59.654, 0, GPU-35ec6990-2b13-fbe4-44c2-103ee00e46b3, 395.85, 100, 29914
2026/09/09 15:17:59.754, 0, GPU-35ec6990-2b13-fbe4-44c2-103ee00e46b3, 384.19, 100, 29914
2026/09/09 15:17:59.854, 0, GPU-35ec6990-2b13-fbe4-44c2-103ee00e46b3, 397.06, 100, 29914
2026/09/09 15:17:59.954, 0, GPU-35ec6990-2b13-fbe4-44c2-103ee00e46b3, 382.98, 100, 29914
2026/09/09 15:18:00.054, 0, GPU-35ec6990-2b13-fbe4-44c2-103ee00e46b3, 368.88, 100, 29914
2026/09/09 15:18:00.155, 0, GPU-35ec6990-2b13-fbe4-44c2-103ee00e46b3, 396.12, 100, 29914
2026/09/09 15:18:00.255, 0, GPU-35ec6990-2b13-fbe4-44c2-103ee00e46b3, 379.29, 100, 29914
2026/09/09 15:18:00.355, 0, GPU-35ec6990-2b13-fbe4-44c2-103ee00e46b3, 383.64, 100, 29914
2026/09/09 15:18:00.455, 0, GPU-35ec6990-2b13-fbe4-44c2-103ee00e46b3, 404.70, 100, 29914
2026/09/09 15:18:00.555, 0, GPU-35ec6990-2b13-fbe4-44c2-103ee00e46b3, 376.81, 100, 29914
2026/09/09 15:18:00.656, 0, GPU-35ec6990-2b13-fbe4-44c2-103ee00e46b3, 376.81, 100, 29914
2026/09/09 15:18:00.756, 0, GPU-35ec6990-2b13-fbe4-44c2-103ee00e46b3, 391.35, 100, 29914
2026/09/09 15:18:00.856, 0, GPU-35ec6990-2b13-fbe4-44c2-103ee00e46b3, 378.96, 100, 29914
2026/09/09 15:18:00.956, 0, GPU-35ec6990-2b13-fbe4-44c2-103ee00e46b3, 413.62, 99, 29914
2026/09/09 15:18:01.056, 0, GPU-35ec6990-2b13-fbe4-44c2-103ee00e46b3, 413.62, 99, 29914
2026/09/09 15:18:01.156, 0, GPU-35ec6990-2b13-fbe4-44c2-103ee00e46b3, 384.79, 100, 29914
2026/09/09 15:18:01.257, 0, GPU-35ec6990-2b13-fbe4-44c2-103ee00e46b3, 384.79, 100, 29914
2026/09/09 15:18:01.357, 0, GPU-35ec6990-2b13-fbe4-44c2-103ee00e46b3, 402.29, 100, 29914
2026/09/09 15:18:01.457, 0, GPU-35ec6990-2b13-fbe4-44c2-103ee00e46b3, 375.60, 100, 29914
2026/09/09 15:18:01.557, 0, GPU-35ec6990-2b13-fbe4-44c2-103ee00e46b3, 391.56, 100, 29914
2026/09/09 15:18:01.657, 0, GPU-35ec6990-2b13-fbe4-44c2-103ee00e46b3, 386.00, 100, 29914
2026/09/09 15:18:01.758, 0, GPU-35ec6990-2b13-fbe4-44c2-103ee00e46b3, 372.02, 100, 29914
2026/09/09 15:18:01.858, 0, GPU-35ec6990-2b13-fbe4-44c2-103ee00e46b3, 403.77, 100, 29914
2026/09/09 15:18:01.958, 0, GPU-35ec6990-2b13-fbe4-44c2-103ee00e46b3, 374.67, 100, 29914
2026/09/09 15:18:02.058, 0, GPU-35ec6990-2b13-fbe4-44c2-103ee00e46b3, 380.50, 100, 29914
2026/09/09 15:18:02.158, 0, GPU-35ec6990-2b13-fbe4-44c2-103ee00e46b3, 405.64, 100, 29914
2026/09/09 15:18:02.258, 0, GPU-35ec6990-2b13-fbe4-44c2-103ee00e46b3, 371.03, 100, 29914
2026/09/09 15:18:02.359, 0, GPU-35ec6990-2b13-fbe4-44c2-103ee00e46b3, 387.87, 100, 29914
2026/09/09 15:18:02.459, 0, GPU-35ec6990-2b13-fbe4-44c2-103ee00e46b3, 399.20, 100, 29914
2026/09/09 15:18:02.559, 0, GPU-35ec6990-2b13-fbe4-44c2-103ee00e46b3, 383.91, 99, 29914
2026/09/09 15:18:02.659, 0, GPU-35ec6990-2b13-fbe4-44c2-103ee00e46b3, 404.10, 99, 29914
2026/09/09 15:18:02.759, 0, GPU-35ec6990-2b13-fbe4-44c2-103ee00e46b3, 372.85, 100, 29914
2026/09/09 15:18:02.860, 0, GPU-35ec6990-2b13-fbe4-44c2-103ee00e46b3, 402.89, 100, 29914
2026/09/09 15:18:02.960, 0, GPU-35ec6990-2b13-fbe4-44c2-103ee00e46b3, 382.04, 100, 29914
2026/09/09 15:18:03.060, 0, GPU-35ec6990-2b13-fbe4-44c2-103ee00e46b3, 399.81, 100, 29914
2026/09/09 15:18:03.160, 0, GPU-35ec6990-2b13-fbe4-44c2-103ee00e46b3, 387.27, 100, 29914
2026/09/09 15:18:03.260, 0, GPU-35ec6990-2b13-fbe4-44c2-103ee00e46b3, 371.31, 100, 29914
2026/09/09 15:18:03.361, 0, GPU-35ec6990-2b13-fbe4-44c2-103ee00e46b3, 402.29, 100, 29914
2026/09/09 15:18:03.461, 0, GPU-35ec6990-2b13-fbe4-44c2-103ee00e46b3, 375.00, 100, 29914
2026/09/09 15:18:03.561, 0, GPU-35ec6990-2b13-fbe4-44c2-103ee00e46b3, 378.46, 100, 29914
2026/09/09 15:18:03.661, 0, GPU-35ec6990-2b13-fbe4-44c2-103ee00e46b3, 398.00, 100, 29914
2026/09/09 15:18:03.761, 0, GPU-35ec6990-2b13-fbe4-44c2-103ee00e46b3, 386.73, 100, 29914
2026/09/09 15:18:03.862, 0, GPU-35ec6990-2b13-fbe4-44c2-103ee00e46b3, 397.06, 100, 29914
2026/09/09 15:18:03.962, 0, GPU-35ec6990-2b13-fbe4-44c2-103ee00e46b3, 402.56, 100, 29914
2026/09/09 15:18:04.062, 0, GPU-35ec6990-2b13-fbe4-44c2-103ee00e46b3, 388.81, 100, 29914
2026/09/09 15:18:04.162, 0, GPU-35ec6990-2b13-fbe4-44c2-103ee00e46b3, 407.46, 100, 29914
2026/09/09 15:18:04.262, 0, GPU-35ec6990-2b13-fbe4-44c2-103ee00e46b3, 377.14, 99, 29914
2026/09/09 15:18:04.362, 0, GPU-35ec6990-2b13-fbe4-44c2-103ee00e46b3, 392.77, 99, 29914
2026/09/09 15:18:04.463, 0, GPU-35ec6990-2b13-fbe4-44c2-103ee00e46b3, 392.77, 100, 29914
2026/09/09 15:18:04.563, 0, GPU-35ec6990-2b13-fbe4-44c2-103ee00e46b3, 402.29, 100, 29914
2026/09/09 15:18:04.663, 0, GPU-35ec6990-2b13-fbe4-44c2-103ee00e46b3, 392.44, 100, 29914
2026/09/09 15:18:04.763, 0, GPU-35ec6990-2b13-fbe4-44c2-103ee00e46b3, 392.44, 100, 29914
2026/09/09 15:18:04.863, 0, GPU-35ec6990-2b13-fbe4-44c2-103ee00e46b3, 389.69, 100, 29914
2026/09/09 15:18:04.964, 0, GPU-35ec6990-2b13-fbe4-44c2-103ee00e46b3, 372.63, 100, 29914
2026/09/09 15:18:05.064, 0, GPU-35ec6990-2b13-fbe4-44c2-103ee00e46b3, 408.07, 100, 29914
2026/09/09 15:18:05.164, 0, GPU-35ec6990-2b13-fbe4-44c2-103ee00e46b3, 372.24, 100, 29914
2026/09/09 15:18:05.264, 0, GPU-35ec6990-2b13-fbe4-44c2-103ee00e46b3, 388.81, 100, 29914
2026/09/09 15:18:05.365, 0, GPU-35ec6990-2b13-fbe4-44c2-103ee00e46b3, 393.10, 100, 29914
2026/09/09 15:18:05.466, 0, GPU-35ec6990-2b13-fbe4-44c2-103ee00e46b3, 370.47, 100, 29914
2026/09/09 15:18:05.566, 0, GPU-35ec6990-2b13-fbe4-44c2-103ee00e46b3, 393.37, 99, 29914
2026/09/09 15:18:05.666, 0, GPU-35ec6990-2b13-fbe4-44c2-103ee00e46b3, 379.29, 99, 29914
2026/09/09 15:18:05.766, 0, GPU-35ec6990-2b13-fbe4-44c2-103ee00e46b3, 396.45, 100, 29914
2026/09/09 15:18:05.866, 0, GPU-35ec6990-2b13-fbe4-44c2-103ee00e46b3, 396.12, 100, 29914
2026/09/09 15:18:05.967, 0, GPU-35ec6990-2b13-fbe4-44c2-103ee00e46b3, 365.80, 100, 29914
2026/09/09 15:18:06.067, 0, GPU-35ec6990-2b13-fbe4-44c2-103ee00e46b3, 391.56, 100, 29914
2026/09/09 15:18:06.167, 0, GPU-35ec6990-2b13-fbe4-44c2-103ee00e46b3, 401.62, 100, 29914
2026/09/09 15:18:06.267, 0, GPU-35ec6990-2b13-fbe4-44c2-103ee00e46b3, 377.47, 100, 29914
2026/09/09 15:18:06.367, 0, GPU-35ec6990-2b13-fbe4-44c2-103ee00e46b3, 386.33, 100, 29914
2026/09/09 15:18:06.467, 0, GPU-35ec6990-2b13-fbe4-44c2-103ee00e46b3, 378.96, 100, 29914
2026/09/09 15:18:06.568, 0, GPU-35ec6990-2b13-fbe4-44c2-103ee00e46b3, 370.70, 100, 29914
2026/09/09 15:18:06.668, 0, GPU-35ec6990-2b13-fbe4-44c2-103ee00e46b3, 401.95, 100, 29914
2026/09/09 15:18:06.768, 0, GPU-35ec6990-2b13-fbe4-44c2-103ee00e46b3, 382.98, 100, 29914
2026/09/09 15:18:06.868, 0, GPU-35ec6990-2b13-fbe4-44c2-103ee00e46b3, 393.10, 100, 29914
2026/09/09 15:18:06.968, 0, GPU-35ec6990-2b13-fbe4-44c2-103ee00e46b3, 361.18, 100, 29914
2026/09/09 15:18:07.069, 0, GPU-35ec6990-2b13-fbe4-44c2-103ee00e46b3, 361.18, 100, 29914
2026/09/09 15:18:07.169, 0, GPU-35ec6990-2b13-fbe4-44c2-103ee00e46b3, 375.60, 99, 29914
2026/09/09 15:18:07.269, 0, GPU-35ec6990-2b13-fbe4-44c2-103ee00e46b3, 375.60, 99, 29914
2026/09/09 15:18:07.369, 0, GPU-35ec6990-2b13-fbe4-44c2-103ee00e46b3, 389.69, 100, 29914
2026/09/09 15:18:07.470, 0, GPU-35ec6990-2b13-fbe4-44c2-103ee00e46b3, 389.69, 100, 29914
2026/09/09 15:18:07.570, 0, GPU-35ec6990-2b13-fbe4-44c2-103ee00e46b3, 393.10, 100, 29914
2026/09/09 15:18:07.670, 0, GPU-35ec6990-2b13-fbe4-44c2-103ee00e46b3, 403.77, 100, 29914
2026/09/09 15:18:07.770, 0, GPU-35ec6990-2b13-fbe4-44c2-103ee00e46b3, 388.48, 100, 29914
2026/09/09 15:18:07.870, 0, GPU-35ec6990-2b13-fbe4-44c2-103ee00e46b3, 395.85, 100, 29914
2026/09/09 15:18:07.971, 0, GPU-35ec6990-2b13-fbe4-44c2-103ee00e46b3, 390.62, 100, 29914
2026/09/09 15:18:08.071, 0, GPU-35ec6990-2b13-fbe4-44c2-103ee00e46b3, 390.62, 100, 29914
2026/09/09 15:18:08.171, 0, GPU-35ec6990-2b13-fbe4-44c2-103ee00e46b3, 395.85, 100, 29914
2026/09/09 15:18:08.271, 0, GPU-35ec6990-2b13-fbe4-44c2-103ee00e46b3, 378.46, 100, 29914
2026/09/09 15:18:08.371, 0, GPU-35ec6990-2b13-fbe4-44c2-103ee00e46b3, 378.46, 100, 29914
2026/09/09 15:18:08.472, 0, GPU-35ec6990-2b13-fbe4-44c2-103ee00e46b3, 389.69, 100, 29914
2026/09/09 15:18:08.572, 0, GPU-35ec6990-2b13-fbe4-44c2-103ee00e46b3, 389.69, 100, 29914
2026/09/09 15:18:08.672, 0, GPU-35ec6990-2b13-fbe4-44c2-103ee00e46b3, 361.51, 100, 29914
2026/09/09 15:18:08.772, 0, GPU-35ec6990-2b13-fbe4-44c2-103ee00e46b3, 405.64, 100, 29914
2026/09/09 15:18:08.872, 0, GPU-35ec6990-2b13-fbe4-44c2-103ee00e46b3, 377.75, 99, 29914
2026/09/09 15:18:08.973, 0, GPU-35ec6990-2b13-fbe4-44c2-103ee00e46b3, 385.73, 100, 29914
2026/09/09 15:18:09.073, 0, GPU-35ec6990-2b13-fbe4-44c2-103ee00e46b3, 392.16, 100, 29914
2026/09/09 15:18:09.173, 0, GPU-35ec6990-2b13-fbe4-44c2-103ee00e46b3, 367.02, 100, 29914
2026/09/09 15:18:09.273, 0, GPU-35ec6990-2b13-fbe4-44c2-103ee00e46b3, 388.48, 100, 29914
2026/09/09 15:18:09.373, 0, GPU-35ec6990-2b13-fbe4-44c2-103ee00e46b3, 389.41, 100, 29914
2026/09/09 15:18:09.473, 0, GPU-35ec6990-2b13-fbe4-44c2-103ee00e46b3, 384.19, 100, 29914
2026/09/09 15:18:09.574, 0, GPU-35ec6990-2b13-fbe4-44c2-103ee00e46b3, 391.23, 100, 29914
2026/09/09 15:18:09.674, 0, GPU-35ec6990-2b13-fbe4-44c2-103ee00e46b3, 390.29, 100, 29914
2026/09/09 15:18:09.774, 0, GPU-35ec6990-2b13-fbe4-44c2-103ee00e46b3, 369.77, 100, 29914
2026/09/09 15:18:09.874, 0, GPU-35ec6990-2b13-fbe4-44c2-103ee00e46b3, 396.45, 100, 29914
2026/09/09 15:18:09.974, 0, GPU-35ec6990-2b13-fbe4-44c2-103ee00e46b3, 377.47, 100, 29914
2026/09/09 15:18:10.075, 0, GPU-35ec6990-2b13-fbe4-44c2-103ee00e46b3, 390.29, 100, 29914
2026/09/09 15:18:10.175, 0, GPU-35ec6990-2b13-fbe4-44c2-103ee00e46b3, 386.94, 100, 29914
2026/09/09 15:18:10.275, 0, GPU-35ec6990-2b13-fbe4-44c2-103ee00e46b3, 359.04, 100, 29914
2026/09/09 15:18:10.375, 0, GPU-35ec6990-2b13-fbe4-44c2-103ee00e46b3, 398.87, 99, 29914
2026/09/09 15:18:10.475, 0, GPU-35ec6990-2b13-fbe4-44c2-103ee00e46b3, 375.93, 99, 29914
2026/09/09 15:18:10.576, 0, GPU-35ec6990-2b13-fbe4-44c2-103ee00e46b3, 392.44, 100, 29914
2026/09/09 15:18:10.676, 0, GPU-35ec6990-2b13-fbe4-44c2-103ee00e46b3, 390.69, 100, 29914
2026/09/09 15:18:10.776, 0, GPU-35ec6990-2b13-fbe4-44c2-103ee00e46b3, 362.11, 100, 29914
2026/09/09 15:18:10.876, 0, GPU-35ec6990-2b13-fbe4-44c2-103ee00e46b3, 398.00, 100, 29914
2026/09/09 15:18:10.976, 0, GPU-35ec6990-2b13-fbe4-44c2-103ee00e46b3, 386.00, 100, 29914
2026/09/09 15:18:11.077, 0, GPU-35ec6990-2b13-fbe4-44c2-103ee00e46b3, 383.91, 100, 29914
2026/09/09 15:18:11.177, 0, GPU-35ec6990-2b13-fbe4-44c2-103ee00e46b3, 398.00, 100, 29914
2026/09/09 15:18:11.277, 0, GPU-35ec6990-2b13-fbe4-44c2-103ee00e46b3, 384.79, 100, 29914
2026/09/09 15:18:11.377, 0, GPU-35ec6990-2b13-fbe4-44c2-103ee00e46b3, 369.17, 100, 29914
2026/09/09 15:18:11.477, 0, GPU-35ec6990-2b13-fbe4-44c2-103ee00e46b3, 395.85, 100, 29914
2026/09/09 15:18:11.578, 0, GPU-35ec6990-2b13-fbe4-44c2-103ee00e46b3, 380.83, 100, 29914
2026/09/09 15:18:11.678, 0, GPU-35ec6990-2b13-fbe4-44c2-103ee00e46b3, 380.83, 100, 29914
2026/09/09 15:18:11.778, 0, GPU-35ec6990-2b13-fbe4-44c2-103ee00e46b3, 384.19, 100, 29914
2026/09/09 15:18:11.878, 0, GPU-35ec6990-2b13-fbe4-44c2-103ee00e46b3, 381.44, 99, 29914
2026/09/09 15:18:11.978, 0, GPU-35ec6990-2b13-fbe4-44c2-103ee00e46b3, 395.85, 99, 29914
2026/09/09 15:18:12.078, 0, GPU-35ec6990-2b13-fbe4-44c2-103ee00e46b3, 395.85, 100, 29914
2026/09/09 15:18:12.179, 0, GPU-35ec6990-2b13-fbe4-44c2-103ee00e46b3, 389.08, 100, 29914
2026/09/09 15:18:12.279, 0, GPU-35ec6990-2b13-fbe4-44c2-103ee00e46b3, 382.64, 100, 29914
2026/09/09 15:18:12.379, 0, GPU-35ec6990-2b13-fbe4-44c2-103ee00e46b3, 369.54, 100, 29914
2026/09/09 15:18:12.479, 0, GPU-35ec6990-2b13-fbe4-44c2-103ee00e46b3, 395.85, 100, 29914
2026/09/09 15:18:12.579, 0, GPU-35ec6990-2b13-fbe4-44c2-103ee00e46b3, 387.54, 100, 29914
2026/09/09 15:18:12.680, 0, GPU-35ec6990-2b13-fbe4-44c2-103ee00e46b3, 369.49, 100, 29914
2026/09/09 15:18:12.780, 0, GPU-35ec6990-2b13-fbe4-44c2-103ee00e46b3, 399.48, 100, 29914
2026/09/09 15:18:12.880, 0, GPU-35ec6990-2b13-fbe4-44c2-103ee00e46b3, 386.00, 100, 29914
2026/09/09 15:18:12.980, 0, GPU-35ec6990-2b13-fbe4-44c2-103ee00e46b3, 381.49, 100, 29914
2026/09/09 15:18:13.080, 0, GPU-35ec6990-2b13-fbe4-44c2-103ee00e46b3, 405.45, 100, 29914
2026/09/09 15:18:13.181, 0, GPU-35ec6990-2b13-fbe4-44c2-103ee00e46b3, 379.29, 100, 29914
2026/09/09 15:18:13.281, 0, GPU-35ec6990-2b13-fbe4-44c2-103ee00e46b3, 399.20, 100, 29914
2026/09/09 15:18:13.381, 0, GPU-35ec6990-2b13-fbe4-44c2-103ee00e46b3, 364.87, 100, 29914
2026/09/09 15:18:13.481, 0, GPU-35ec6990-2b13-fbe4-44c2-103ee00e46b3, 368.88, 99, 29914
2026/09/09 15:18:13.581, 0, GPU-35ec6990-2b13-fbe4-44c2-103ee00e46b3, 397.39, 99, 29914
2026/09/09 15:18:13.682, 0, GPU-35ec6990-2b13-fbe4-44c2-103ee00e46b3, 383.58, 100, 29914
2026/09/09 15:18:13.782, 0, GPU-35ec6990-2b13-fbe4-44c2-103ee00e46b3, 398.00, 100, 29914
2026/09/09 15:18:13.882, 0, GPU-35ec6990-2b13-fbe4-44c2-103ee00e46b3, 376.81, 100, 29914
2026/09/09 15:18:13.982, 0, GPU-35ec6990-2b13-fbe4-44c2-103ee00e46b3, 367.39, 100, 29914
2026/09/09 15:18:14.082, 0, GPU-35ec6990-2b13-fbe4-44c2-103ee00e46b3, 401.95, 100, 29914
2026/09/09 15:18:14.183, 0, GPU-35ec6990-2b13-fbe4-44c2-103ee00e46b3, 384.79, 100, 29914
2026/09/09 15:18:14.283, 0, GPU-35ec6990-2b13-fbe4-44c2-103ee00e46b3, 389.41, 100, 29914
2026/09/09 15:18:14.383, 0, GPU-35ec6990-2b13-fbe4-44c2-103ee00e46b3, 405.64, 100, 29914
2026/09/09 15:18:14.483, 0, GPU-35ec6990-2b13-fbe4-44c2-103ee00e46b3, 382.76, 100, 29914
2026/09/09 15:18:14.583, 0, GPU-35ec6990-2b13-fbe4-44c2-103ee00e46b3, 371.31, 100, 29914
2026/09/09 15:18:14.683, 0, GPU-35ec6990-2b13-fbe4-44c2-103ee00e46b3, 403.77, 100, 29914
2026/09/09 15:18:14.784, 0, GPU-35ec6990-2b13-fbe4-44c2-103ee00e46b3, 375.32, 100, 29914
2026/09/09 15:18:14.884, 0, GPU-35ec6990-2b13-fbe4-44c2-103ee00e46b3, 401.62, 100, 29914
2026/09/09 15:18:14.984, 0, GPU-35ec6990-2b13-fbe4-44c2-103ee00e46b3, 387.27, 100, 29914
2026/09/09 15:18:15.084, 0, GPU-35ec6990-2b13-fbe4-44c2-103ee00e46b3, 378.08, 99, 29914
2026/09/09 15:18:15.184, 0, GPU-35ec6990-2b13-fbe4-44c2-103ee00e46b3, 401.95, 99, 29914
2026/09/09 15:18:15.285, 0, GPU-35ec6990-2b13-fbe4-44c2-103ee00e46b3, 380.50, 100, 29914
2026/09/09 15:18:15.385, 0, GPU-35ec6990-2b13-fbe4-44c2-103ee00e46b3, 380.50, 100, 29914
2026/09/09 15:18:15.485, 0, GPU-35ec6990-2b13-fbe4-44c2-103ee00e46b3, 398.27, 100, 29914
2026/09/09 15:18:15.585, 0, GPU-35ec6990-2b13-fbe4-44c2-103ee00e46b3, 369.87, 100, 29914
2026/09/09 15:18:15.685, 0, GPU-35ec6990-2b13-fbe4-44c2-103ee00e46b3, 369.87, 100, 29914
2026/09/09 15:18:15.786, 0, GPU-35ec6990-2b13-fbe4-44c2-103ee00e46b3, 401.95, 100, 29914
2026/09/09 15:18:15.886, 0, GPU-35ec6990-2b13-fbe4-44c2-103ee00e46b3, 388.14, 100, 29914
2026/09/09 15:18:15.986, 0, GPU-35ec6990-2b13-fbe4-44c2-103ee00e46b3, 406.58, 100, 29914
2026/09/09 15:18:16.086, 0, GPU-35ec6990-2b13-fbe4-44c2-103ee00e46b3, 384.52, 100, 29914
2026/09/09 15:18:16.186, 0, GPU-35ec6990-2b13-fbe4-44c2-103ee00e46b3, 376.81, 100, 29914
2026/09/09 15:18:16.287, 0, GPU-35ec6990-2b13-fbe4-44c2-103ee00e46b3, 404.10, 100, 29914
2026/09/09 15:18:16.387, 0, GPU-35ec6990-2b13-fbe4-44c2-103ee00e46b3, 377.14, 100, 29914
2026/09/09 15:18:16.487, 0, GPU-35ec6990-2b13-fbe4-44c2-103ee00e46b3, 399.81, 99, 29914
2026/09/09 15:18:16.587, 0, GPU-35ec6990-2b13-fbe4-44c2-103ee00e46b3, 382.04, 99, 29914
2026/09/09 15:18:16.687, 0, GPU-35ec6990-2b13-fbe4-44c2-103ee00e46b3, 380.23, 100, 29914
2026/09/09 15:18:16.787, 0, GPU-35ec6990-2b13-fbe4-44c2-103ee00e46b3, 410.21, 100, 29914
2026/09/09 15:18:16.888, 0, GPU-35ec6990-2b13-fbe4-44c2-103ee00e46b3, 374.39, 100, 29914
2026/09/09 15:18:16.988, 0, GPU-35ec6990-2b13-fbe4-44c2-103ee00e46b3, 397.06, 100, 29914
2026/09/09 15:18:17.088, 0, GPU-35ec6990-2b13-fbe4-44c2-103ee00e46b3, 378.96, 100, 29914
2026/09/09 15:18:17.188, 0, GPU-35ec6990-2b13-fbe4-44c2-103ee00e46b3, 371.92, 100, 29914
2026/09/09 15:18:17.288, 0, GPU-35ec6990-2b13-fbe4-44c2-103ee00e46b3, 397.39, 100, 29914
2026/09/09 15:18:17.389, 0, GPU-35ec6990-2b13-fbe4-44c2-103ee00e46b3, 383.91, 100, 29914
2026/09/09 15:18:17.489, 0, GPU-35ec6990-2b13-fbe4-44c2-103ee00e46b3, 391.23, 100, 29914
2026/09/09 15:18:17.589, 0, GPU-35ec6990-2b13-fbe4-44c2-103ee00e46b3, 402.56, 100, 29914
2026/09/09 15:18:17.689, 0, GPU-35ec6990-2b13-fbe4-44c2-103ee00e46b3, 373.46, 100, 29914
2026/09/09 15:18:17.789, 0, GPU-35ec6990-2b13-fbe4-44c2-103ee00e46b3, 382.37, 100, 29914
2026/09/09 15:18:17.889, 0, GPU-35ec6990-2b13-fbe4-44c2-103ee00e46b3, 410.54, 100, 29914
2026/09/09 15:18:17.990, 0, GPU-35ec6990-2b13-fbe4-44c2-103ee00e46b3, 375.60, 100, 29914
2026/09/09 15:18:18.090, 0, GPU-35ec6990-2b13-fbe4-44c2-103ee00e46b3, 415.11, 99, 29914
2026/09/09 15:18:18.190, 0, GPU-35ec6990-2b13-fbe4-44c2-103ee00e46b3, 386.00, 99, 29914
2026/09/09 15:18:18.290, 0, GPU-35ec6990-2b13-fbe4-44c2-103ee00e46b3, 380.89, 100, 29914
2026/09/09 15:18:18.390, 0, GPU-35ec6990-2b13-fbe4-44c2-103ee00e46b3, 394.91, 100, 29914
2026/09/09 15:18:18.491, 0, GPU-35ec6990-2b13-fbe4-44c2-103ee00e46b3, 373.46, 100, 29914
2026/09/09 15:18:18.591, 0, GPU-35ec6990-2b13-fbe4-44c2-103ee00e46b3, 397.39, 100, 29914
2026/09/09 15:18:18.691, 0, GPU-35ec6990-2b13-fbe4-44c2-103ee00e46b3, 397.39, 100, 29914
2026/09/09 15:18:18.791, 0, GPU-35ec6990-2b13-fbe4-44c2-103ee00e46b3, 372.30, 100, 29914
2026/09/09 15:18:18.891, 0, GPU-35ec6990-2b13-fbe4-44c2-103ee00e46b3, 372.30, 100, 29914
2026/09/09 15:18:18.992, 0, GPU-35ec6990-2b13-fbe4-44c2-103ee00e46b3, 396.25, 100, 29914
2026/09/09 15:18:19.092, 0, GPU-35ec6990-2b13-fbe4-44c2-103ee00e46b3, 375.00, 100, 29914
2026/09/09 15:18:19.192, 0, GPU-35ec6990-2b13-fbe4-44c2-103ee00e46b3, 387.87, 100, 29914
2026/09/09 15:18:19.292, 0, GPU-35ec6990-2b13-fbe4-44c2-103ee00e46b3, 389.08, 99, 29914
2026/09/09 15:18:19.392, 0, GPU-35ec6990-2b13-fbe4-44c2-103ee00e46b3, 382.37, 99, 29914
2026/09/09 15:18:19.492, 0, GPU-35ec6990-2b13-fbe4-44c2-103ee00e46b3, 390.02, 100, 29914
2026/09/09 15:18:19.593, 0, GPU-35ec6990-2b13-fbe4-44c2-103ee00e46b3, 416.65, 100, 29914
2026/09/09 15:18:19.693, 0, GPU-35ec6990-2b13-fbe4-44c2-103ee00e46b3, 377.47, 99, 29914
2026/09/09 15:18:19.793, 0, GPU-35ec6990-2b13-fbe4-44c2-103ee00e46b3, 395.52, 99, 29914
2026/09/09 15:18:19.893, 0, GPU-35ec6990-2b13-fbe4-44c2-103ee00e46b3, 378.35, 100, 29914
2026/09/09 15:18:19.993, 0, GPU-35ec6990-2b13-fbe4-44c2-103ee00e46b3, 390.62, 100, 29914
2026/09/09 15:18:20.094, 0, GPU-35ec6990-2b13-fbe4-44c2-103ee00e46b3, 413.62, 100, 29914
2026/09/09 15:18:20.194, 0, GPU-35ec6990-2b13-fbe4-44c2-103ee00e46b3, 380.23, 100, 29914
2026/09/09 15:18:20.294, 0, GPU-35ec6990-2b13-fbe4-44c2-103ee00e46b3, 378.68, 100, 29914
2026/09/09 15:18:20.394, 0, GPU-35ec6990-2b13-fbe4-44c2-103ee00e46b3, 378.68, 100, 29914
2026/09/09 15:18:20.494, 0, GPU-35ec6990-2b13-fbe4-44c2-103ee00e46b3, 407.46, 100, 29914
2026/09/09 15:18:20.595, 0, GPU-35ec6990-2b13-fbe4-44c2-103ee00e46b3, 381.44, 100, 29914
2026/09/09 15:18:20.695, 0, GPU-35ec6990-2b13-fbe4-44c2-103ee00e46b3, 398.60, 100, 29914
2026/09/09 15:18:20.795, 0, GPU-35ec6990-2b13-fbe4-44c2-103ee00e46b3, 394.31, 100, 29914
2026/09/09 15:18:20.895, 0, GPU-35ec6990-2b13-fbe4-44c2-103ee00e46b3, 378.68, 100, 29914
2026/09/09 15:18:20.995, 0, GPU-35ec6990-2b13-fbe4-44c2-103ee00e46b3, 393.70, 100, 29914
2026/09/09 15:18:21.095, 0, GPU-35ec6990-2b13-fbe4-44c2-103ee00e46b3, 416.05, 100, 29914
2026/09/09 15:18:21.196, 0, GPU-35ec6990-2b13-fbe4-44c2-103ee00e46b3, 392.84, 100, 29914
2026/09/09 15:18:21.296, 0, GPU-35ec6990-2b13-fbe4-44c2-103ee00e46b3, 392.44, 99, 29914
2026/09/09 15:18:21.396, 0, GPU-35ec6990-2b13-fbe4-44c2-103ee00e46b3, 382.15, 99, 29914
2026/09/09 15:18:21.496, 0, GPU-35ec6990-2b13-fbe4-44c2-103ee00e46b3, 389.41, 99, 29914
2026/09/09 15:18:21.596, 0, GPU-35ec6990-2b13-fbe4-44c2-103ee00e46b3, 416.65, 100, 29914
2026/09/09 15:18:21.697, 0, GPU-35ec6990-2b13-fbe4-44c2-103ee00e46b3, 372.52, 100, 29914
2026/09/09 15:18:21.797, 0, GPU-35ec6990-2b13-fbe4-44c2-103ee00e46b3, 398.27, 100, 29914
2026/09/09 15:18:21.897, 0, GPU-35ec6990-2b13-fbe4-44c2-103ee00e46b3, 382.98, 100, 29914
2026/09/09 15:18:21.997, 0, GPU-35ec6990-2b13-fbe4-44c2-103ee00e46b3, 373.79, 100, 29914
2026/09/09 15:18:22.097, 0, GPU-35ec6990-2b13-fbe4-44c2-103ee00e46b3, 402.89, 100, 29914
2026/09/09 15:18:22.198, 0, GPU-35ec6990-2b13-fbe4-44c2-103ee00e46b3, 370.81, 100, 29914
2026/09/09 15:18:22.298, 0, GPU-35ec6990-2b13-fbe4-44c2-103ee00e46b3, 389.41, 100, 29914
2026/09/09 15:18:22.398, 0, GPU-35ec6990-2b13-fbe4-44c2-103ee00e46b3, 389.41, 100, 29914
2026/09/09 15:18:22.498, 0, GPU-35ec6990-2b13-fbe4-44c2-103ee00e46b3, 382.04, 100, 29914
2026/09/09 15:18:22.598, 0, GPU-35ec6990-2b13-fbe4-44c2-103ee00e46b3, 382.04, 100, 29914
2026/09/09 15:18:22.698, 0, GPU-35ec6990-2b13-fbe4-44c2-103ee00e46b3, 386.12, 100, 29914
2026/09/09 15:18:22.799, 0, GPU-35ec6990-2b13-fbe4-44c2-103ee00e46b3, 386.33, 99, 29914
2026/09/09 15:18:22.899, 0, GPU-35ec6990-2b13-fbe4-44c2-103ee00e46b3, 386.33, 100, 29914
2026/09/09 15:18:22.999, 0, GPU-35ec6990-2b13-fbe4-44c2-103ee00e46b3, 411.14, 100, 29914
2026/09/09 15:18:23.099, 0, GPU-35ec6990-2b13-fbe4-44c2-103ee00e46b3, 373.46, 100, 29914
2026/09/09 15:18:23.199, 0, GPU-35ec6990-2b13-fbe4-44c2-103ee00e46b3, 391.23, 100, 29914
2026/09/09 15:18:23.300, 0, GPU-35ec6990-2b13-fbe4-44c2-103ee00e46b3, 416.05, 100, 29914
2026/09/09 15:18:23.400, 0, GPU-35ec6990-2b13-fbe4-44c2-103ee00e46b3, 373.18, 100, 29914
2026/09/09 15:18:23.500, 0, GPU-35ec6990-2b13-fbe4-44c2-103ee00e46b3, 390.02, 100, 29914
2026/09/09 15:18:23.600, 0, GPU-35ec6990-2b13-fbe4-44c2-103ee00e46b3, 377.14, 100, 29914
2026/09/09 15:18:23.700, 0, GPU-35ec6990-2b13-fbe4-44c2-103ee00e46b3, 371.64, 100, 29914
2026/09/09 15:18:23.801, 0, GPU-35ec6990-2b13-fbe4-44c2-103ee00e46b3, 409.93, 100, 29914
2026/09/09 15:18:23.901, 0, GPU-35ec6990-2b13-fbe4-44c2-103ee00e46b3, 376.21, 100, 29914
2026/09/09 15:18:24.001, 0, GPU-35ec6990-2b13-fbe4-44c2-103ee00e46b3, 384.19, 100, 29914
2026/09/09 15:18:24.101, 0, GPU-35ec6990-2b13-fbe4-44c2-103ee00e46b3, 389.08, 100, 29914
2026/09/09 15:18:24.201, 0, GPU-35ec6990-2b13-fbe4-44c2-103ee00e46b3, 377.14, 100, 29914
2026/09/09 15:18:24.302, 0, GPU-35ec6990-2b13-fbe4-44c2-103ee00e46b3, 348.72, 99, 29914
2026/09/09 15:18:24.402, 0, GPU-35ec6990-2b13-fbe4-44c2-103ee00e46b3, 382.98, 99, 29914
2026/09/09 15:18:24.502, 0, GPU-35ec6990-2b13-fbe4-44c2-103ee00e46b3, 389.41, 100, 29914
2026/09/09 15:18:24.602, 0, GPU-35ec6990-2b13-fbe4-44c2-103ee00e46b3, 412.08, 100, 29914
2026/09/09 15:18:24.702, 0, GPU-35ec6990-2b13-fbe4-44c2-103ee00e46b3, 387.54, 100, 29914
2026/09/09 15:18:24.802, 0, GPU-35ec6990-2b13-fbe4-44c2-103ee00e46b3, 387.54, 100, 29914
2026/09/09 15:18:24.903, 0, GPU-35ec6990-2b13-fbe4-44c2-103ee00e46b3, 372.52, 100, 29914
2026/09/09 15:18:25.003, 0, GPU-35ec6990-2b13-fbe4-44c2-103ee00e46b3, 372.52, 100, 29914
2026/09/09 15:18:25.103, 0, GPU-35ec6990-2b13-fbe4-44c2-103ee00e46b3, 386.00, 100, 29914
2026/09/09 15:18:25.203, 0, GPU-35ec6990-2b13-fbe4-44c2-103ee00e46b3, 373.18, 100, 29914
2026/09/09 15:18:25.303, 0, GPU-35ec6990-2b13-fbe4-44c2-103ee00e46b3, 409.33, 100, 29914
2026/09/09 15:18:25.404, 0, GPU-35ec6990-2b13-fbe4-44c2-103ee00e46b3, 383.25, 100, 29914
2026/09/09 15:18:25.504, 0, GPU-35ec6990-2b13-fbe4-44c2-103ee00e46b3, 399.48, 100, 29914
2026/09/09 15:18:25.604, 0, GPU-35ec6990-2b13-fbe4-44c2-103ee00e46b3, 385.12, 100, 29914
2026/09/09 15:18:25.704, 0, GPU-35ec6990-2b13-fbe4-44c2-103ee00e46b3, 375.93, 100, 29914
2026/09/09 15:18:25.804, 0, GPU-35ec6990-2b13-fbe4-44c2-103ee00e46b3, 395.52, 100, 29914
2026/09/09 15:18:25.904, 0, GPU-35ec6990-2b13-fbe4-44c2-103ee00e46b3, 382.98, 100, 29914
2026/09/09 15:18:26.005, 0, GPU-35ec6990-2b13-fbe4-44c2-103ee00e46b3, 385.12, 99, 29914
2026/09/09 15:18:26.105, 0, GPU-35ec6990-2b13-fbe4-44c2-103ee00e46b3, 385.12, 99, 29914
2026/09/09 15:18:26.205, 0, GPU-35ec6990-2b13-fbe4-44c2-103ee00e46b3, 368.28, 100, 29914
2026/09/09 15:18:26.305, 0, GPU-35ec6990-2b13-fbe4-44c2-103ee00e46b3, 368.28, 100, 29914
2026/09/09 15:18:26.405, 0, GPU-35ec6990-2b13-fbe4-44c2-103ee00e46b3, 386.73, 99, 29914
2026/09/09 15:18:26.506, 0, GPU-35ec6990-2b13-fbe4-44c2-103ee00e46b3, 404.70, 99, 29914
2026/09/09 15:18:26.606, 0, GPU-35ec6990-2b13-fbe4-44c2-103ee00e46b3, 372.52, 99, 29914
2026/09/09 15:18:26.706, 0, GPU-35ec6990-2b13-fbe4-44c2-103ee00e46b3, 398.27, 99, 29914
2026/09/09 15:18:26.806, 0, GPU-35ec6990-2b13-fbe4-44c2-103ee00e46b3, 380.83, 99, 29914
2026/09/09 15:18:26.907, 0, GPU-35ec6990-2b13-fbe4-44c2-103ee00e46b3, 370.70, 99, 29914
2026/09/09 15:18:27.007, 0, GPU-35ec6990-2b13-fbe4-44c2-103ee00e46b3, 405.64, 100, 29914
2026/09/09 15:18:27.107, 0, GPU-35ec6990-2b13-fbe4-44c2-103ee00e46b3, 383.58, 100, 29914
2026/09/09 15:18:27.207, 0, GPU-35ec6990-2b13-fbe4-44c2-103ee00e46b3, 398.00, 100, 29914
2026/09/09 15:18:27.307, 0, GPU-35ec6990-2b13-fbe4-44c2-103ee00e46b3, 388.48, 100, 29914
2026/09/09 15:18:27.408, 0, GPU-35ec6990-2b13-fbe4-44c2-103ee00e46b3, 363.99, 100, 29914
2026/09/09 15:18:27.508, 0, GPU-35ec6990-2b13-fbe4-44c2-103ee00e46b3, 410.21, 99, 29914
2026/09/09 15:18:27.608, 0, GPU-35ec6990-2b13-fbe4-44c2-103ee00e46b3, 378.35, 99, 29914
2026/09/09 15:18:27.708, 0, GPU-35ec6990-2b13-fbe4-44c2-103ee00e46b3, 401.02, 100, 29914
2026/09/09 15:18:27.808, 0, GPU-35ec6990-2b13-fbe4-44c2-103ee00e46b3, 389.69, 100, 29914
2026/09/09 15:18:27.909, 0, GPU-35ec6990-2b13-fbe4-44c2-103ee00e46b3, 373.46, 100, 29914
2026/09/09 15:18:28.009, 0, GPU-35ec6990-2b13-fbe4-44c2-103ee00e46b3, 386.94, 100, 29914
2026/09/09 15:18:28.109, 0, GPU-35ec6990-2b13-fbe4-44c2-103ee00e46b3, 398.60, 100, 29914
2026/09/09 15:18:28.209, 0, GPU-35ec6990-2b13-fbe4-44c2-103ee00e46b3, 375.05, 100, 29914
2026/09/09 15:18:28.309, 0, GPU-35ec6990-2b13-fbe4-44c2-103ee00e46b3, 397.39, 100, 29914
2026/09/09 15:18:28.410, 0, GPU-35ec6990-2b13-fbe4-44c2-103ee00e46b3, 376.81, 100, 29914
2026/09/09 15:18:28.510, 0, GPU-35ec6990-2b13-fbe4-44c2-103ee00e46b3, 378.68, 100, 29914
2026/09/09 15:18:28.610, 0, GPU-35ec6990-2b13-fbe4-44c2-103ee00e46b3, 401.35, 100, 29914
2026/09/09 15:18:28.710, 0, GPU-35ec6990-2b13-fbe4-44c2-103ee00e46b3, 378.68, 100, 29914
2026/09/09 15:18:28.810, 0, GPU-35ec6990-2b13-fbe4-44c2-103ee00e46b3, 403.50, 100, 29914
2026/09/09 15:18:28.910, 0, GPU-35ec6990-2b13-fbe4-44c2-103ee00e46b3, 382.04, 100, 29914
2026/09/09 15:18:29.011, 0, GPU-35ec6990-2b13-fbe4-44c2-103ee00e46b3, 381.77, 99, 29914
2026/09/09 15:18:29.111, 0, GPU-35ec6990-2b13-fbe4-44c2-103ee00e46b3, 403.77, 99, 29914
2026/09/09 15:18:29.211, 0, GPU-35ec6990-2b13-fbe4-44c2-103ee00e46b3, 387.87, 100, 29914
2026/09/09 15:18:29.311, 0, GPU-35ec6990-2b13-fbe4-44c2-103ee00e46b3, 387.87, 100, 29914
2026/09/09 15:18:29.411, 0, GPU-35ec6990-2b13-fbe4-44c2-103ee00e46b3, 387.87, 100, 29914
2026/09/09 15:18:29.512, 0, GPU-35ec6990-2b13-fbe4-44c2-103ee00e46b3, 374.67, 100, 29914
2026/09/09 15:18:29.612, 0, GPU-35ec6990-2b13-fbe4-44c2-103ee00e46b3, 385.12, 100, 29914
2026/09/09 15:18:29.712, 0, GPU-35ec6990-2b13-fbe4-44c2-103ee00e46b3, 392.77, 100, 29914
2026/09/09 15:18:29.812, 0, GPU-35ec6990-2b13-fbe4-44c2-103ee00e46b3, 371.03, 100, 29914
2026/09/09 15:18:29.913, 0, GPU-35ec6990-2b13-fbe4-44c2-103ee00e46b3, 371.03, 100, 29914
2026/09/09 15:18:30.013, 0, GPU-35ec6990-2b13-fbe4-44c2-103ee00e46b3, 385.12, 100, 29914
2026/09/09 15:18:30.113, 0, GPU-35ec6990-2b13-fbe4-44c2-103ee00e46b3, 374.06, 100, 29914
2026/09/09 15:18:30.213, 0, GPU-35ec6990-2b13-fbe4-44c2-103ee00e46b3, 400.14, 100, 29914
2026/09/09 15:18:30.313, 0, GPU-35ec6990-2b13-fbe4-44c2-103ee00e46b3, 377.47, 100, 29914
2026/09/09 15:18:30.413, 0, GPU-35ec6990-2b13-fbe4-44c2-103ee00e46b3, 397.66, 100, 29914
2026/09/09 15:18:30.514, 0, GPU-35ec6990-2b13-fbe4-44c2-103ee00e46b3, 407.18, 100, 29914
2026/09/09 15:18:30.614, 0, GPU-35ec6990-2b13-fbe4-44c2-103ee00e46b3, 364.87, 100, 29914
2026/09/09 15:18:30.715, 0, GPU-35ec6990-2b13-fbe4-44c2-103ee00e46b3, 397.39, 100, 29914
2026/09/09 15:18:30.816, 0, GPU-35ec6990-2b13-fbe4-44c2-103ee00e46b3, 390.62, 100, 29914
2026/09/09 15:18:30.916, 0, GPU-35ec6990-2b13-fbe4-44c2-103ee00e46b3, 401.62, 100, 29914
2026/09/09 15:18:31.016, 0, GPU-35ec6990-2b13-fbe4-44c2-103ee00e46b3, 322.94, 100, 29914
2026/09/09 15:18:31.116, 0, GPU-35ec6990-2b13-fbe4-44c2-103ee00e46b3, 337.37, 100, 29914
2026/09/09 15:18:31.216, 0, GPU-35ec6990-2b13-fbe4-44c2-103ee00e46b3, 366.74, 100, 29914
2026/09/09 15:18:31.317, 0, GPU-35ec6990-2b13-fbe4-44c2-103ee00e46b3, 424.03, 100, 29914
2026/09/09 15:18:31.417, 0, GPU-35ec6990-2b13-fbe4-44c2-103ee00e46b3, 327.84, 100, 29914
2026/09/09 15:18:31.517, 0, GPU-35ec6990-2b13-fbe4-44c2-103ee00e46b3, 351.72, 100, 29914
2026/09/09 15:18:31.617, 0, GPU-35ec6990-2b13-fbe4-44c2-103ee00e46b3, 397.39, 100, 29914
2026/09/09 15:18:31.717, 0, GPU-35ec6990-2b13-fbe4-44c2-103ee00e46b3, 403.50, 100, 29914
2026/09/09 15:18:31.818, 0, GPU-35ec6990-2b13-fbe4-44c2-103ee00e46b3, 368.28, 100, 29914
2026/09/09 15:18:31.918, 0, GPU-35ec6990-2b13-fbe4-44c2-103ee00e46b3, 339.80, 100, 29914
2026/09/09 15:18:32.018, 0, GPU-35ec6990-2b13-fbe4-44c2-103ee00e46b3, 355.68, 100, 29914
2026/09/09 15:18:32.118, 0, GPU-35ec6990-2b13-fbe4-44c2-103ee00e46b3, 393.10, 100, 29914
2026/09/09 15:18:32.218, 0, GPU-35ec6990-2b13-fbe4-44c2-103ee00e46b3, 381.44, 100, 29914
2026/09/09 15:18:32.319, 0, GPU-35ec6990-2b13-fbe4-44c2-103ee00e46b3, 322.00, 100, 29914
2026/09/09 15:18:32.419, 0, GPU-35ec6990-2b13-fbe4-44c2-103ee00e46b3, 362.45, 100, 29914
2026/09/09 15:18:32.519, 0, GPU-35ec6990-2b13-fbe4-44c2-103ee00e46b3, 389.41, 100, 29914
2026/09/09 15:18:32.619, 0, GPU-35ec6990-2b13-fbe4-44c2-103ee00e46b3, 390.02, 100, 29914
2026/09/09 15:18:32.719, 0, GPU-35ec6990-2b13-fbe4-44c2-103ee00e46b3, 331.21, 100, 29914
2026/09/09 15:18:32.820, 0, GPU-35ec6990-2b13-fbe4-44c2-103ee00e46b3, 381.10, 100, 29914
2026/09/09 15:18:32.920, 0, GPU-35ec6990-2b13-fbe4-44c2-103ee00e46b3, 381.10, 100, 29914
2026/09/09 15:18:33.020, 0, GPU-35ec6990-2b13-fbe4-44c2-103ee00e46b3, 88.38, 43, 29914
2026/09/09 15:18:33.121, 0, GPU-35ec6990-2b13-fbe4-44c2-103ee00e46b3, 81.93, 43, 29914
2026/09/09 15:18:33.221, 0, GPU-35ec6990-2b13-fbe4-44c2-103ee00e46b3, 80.11, 0, 29914
2026/09/09 15:18:33.321, 0, GPU-35ec6990-2b13-fbe4-44c2-103ee00e46b3, 79.51, 0, 29914
2026/09/09 15:18:33.421, 0, GPU-35ec6990-2b13-fbe4-44c2-103ee00e46b3, 79.51, 0, 29914
2026/09/09 15:18:33.522, 0, GPU-35ec6990-2b13-fbe4-44c2-103ee00e46b3, 353.26, 0, 29914
2026/09/09 15:18:33.622, 0, GPU-35ec6990-2b13-fbe4-44c2-103ee00e46b3, 371.92, 51, 29914
2026/09/09 15:18:33.722, 0, GPU-35ec6990-2b13-fbe4-44c2-103ee00e46b3, 405.64, 51, 29914
2026/09/09 15:18:33.822, 0, GPU-35ec6990-2b13-fbe4-44c2-103ee00e46b3, 398.27, 100, 29914
2026/09/09 15:18:33.922, 0, GPU-35ec6990-2b13-fbe4-44c2-103ee00e46b3, 383.37, 100, 29914
2026/09/09 15:18:34.022, 0, GPU-35ec6990-2b13-fbe4-44c2-103ee00e46b3, 383.37, 100, 29914
2026/09/09 15:18:34.123, 0, GPU-35ec6990-2b13-fbe4-44c2-103ee00e46b3, 395.85, 100, 29914
2026/09/09 15:18:34.223, 0, GPU-35ec6990-2b13-fbe4-44c2-103ee00e46b3, 396.12, 100, 29914
2026/09/09 15:18:34.323, 0, GPU-35ec6990-2b13-fbe4-44c2-103ee00e46b3, 396.12, 100, 29914
2026/09/09 15:18:34.423, 0, GPU-35ec6990-2b13-fbe4-44c2-103ee00e46b3, 379.89, 100, 29914
2026/09/09 15:18:34.523, 0, GPU-35ec6990-2b13-fbe4-44c2-103ee00e46b3, 379.89, 100, 29914
2026/09/09 15:18:34.624, 0, GPU-35ec6990-2b13-fbe4-44c2-103ee00e46b3, 392.16, 100, 29914
2026/09/09 15:18:34.724, 0, GPU-35ec6990-2b13-fbe4-44c2-103ee00e46b3, 401.35, 100, 29914
2026/09/09 15:18:34.824, 0, GPU-35ec6990-2b13-fbe4-44c2-103ee00e46b3, 384.52, 100, 29914
2026/09/09 15:18:34.924, 0, GPU-35ec6990-2b13-fbe4-44c2-103ee00e46b3, 409.33, 100, 29914
2026/09/09 15:18:35.024, 0, GPU-35ec6990-2b13-fbe4-44c2-103ee00e46b3, 379.29, 100, 29914
2026/09/09 15:18:35.125, 0, GPU-35ec6990-2b13-fbe4-44c2-103ee00e46b3, 378.08, 100, 29914
2026/09/09 15:18:35.225, 0, GPU-35ec6990-2b13-fbe4-44c2-103ee00e46b3, 387.54, 99, 29914
2026/09/09 15:18:35.325, 0, GPU-35ec6990-2b13-fbe4-44c2-103ee00e46b3, 378.46, 99, 29914
2026/09/09 15:18:35.425, 0, GPU-35ec6990-2b13-fbe4-44c2-103ee00e46b3, 378.35, 100, 29914
2026/09/09 15:18:35.525, 0, GPU-35ec6990-2b13-fbe4-44c2-103ee00e46b3, 378.35, 100, 29914
2026/09/09 15:18:35.625, 0, GPU-35ec6990-2b13-fbe4-44c2-103ee00e46b3, 383.91, 100, 29914
2026/09/09 15:18:35.726, 0, GPU-35ec6990-2b13-fbe4-44c2-103ee00e46b3, 389.69, 100, 29914
2026/09/09 15:18:35.826, 0, GPU-35ec6990-2b13-fbe4-44c2-103ee00e46b3, 373.18, 100, 29914
2026/09/09 15:18:35.926, 0, GPU-35ec6990-2b13-fbe4-44c2-103ee00e46b3, 373.18, 100, 29914
2026/09/09 15:18:36.026, 0, GPU-35ec6990-2b13-fbe4-44c2-103ee00e46b3, 379.61, 100, 29914
2026/09/09 15:18:36.126, 0, GPU-35ec6990-2b13-fbe4-44c2-103ee00e46b3, 371.31, 100, 29914
2026/09/09 15:18:36.227, 0, GPU-35ec6990-2b13-fbe4-44c2-103ee00e46b3, 405.92, 100, 29914
2026/09/09 15:18:36.327, 0, GPU-35ec6990-2b13-fbe4-44c2-103ee00e46b3, 382.64, 100, 29914
2026/09/09 15:18:36.427, 0, GPU-35ec6990-2b13-fbe4-44c2-103ee00e46b3, 406.25, 100, 29914
2026/09/09 15:18:36.527, 0, GPU-35ec6990-2b13-fbe4-44c2-103ee00e46b3, 388.48, 100, 29914
2026/09/09 15:18:36.627, 0, GPU-35ec6990-2b13-fbe4-44c2-103ee00e46b3, 359.73, 100, 29914
2026/09/09 15:18:36.728, 0, GPU-35ec6990-2b13-fbe4-44c2-103ee00e46b3, 403.77, 100, 29914
2026/09/09 15:18:36.828, 0, GPU-35ec6990-2b13-fbe4-44c2-103ee00e46b3, 373.79, 99, 29914
2026/09/09 15:18:36.928, 0, GPU-35ec6990-2b13-fbe4-44c2-103ee00e46b3, 388.14, 99, 29914
2026/09/09 15:18:37.028, 0, GPU-35ec6990-2b13-fbe4-44c2-103ee00e46b3, 394.58, 99, 29914
2026/09/09 15:18:37.128, 0, GPU-35ec6990-2b13-fbe4-44c2-103ee00e46b3, 375.93, 100, 29914
2026/09/09 15:18:37.229, 0, GPU-35ec6990-2b13-fbe4-44c2-103ee00e46b3, 386.33, 100, 29914
2026/09/09 15:18:37.329, 0, GPU-35ec6990-2b13-fbe4-44c2-103ee00e46b3, 392.44, 100, 29914
2026/09/09 15:18:37.429, 0, GPU-35ec6990-2b13-fbe4-44c2-103ee00e46b3, 369.49, 100, 29914
2026/09/09 15:18:37.529, 0, GPU-35ec6990-2b13-fbe4-44c2-103ee00e46b3, 393.98, 100, 29914
2026/09/09 15:18:37.629, 0, GPU-35ec6990-2b13-fbe4-44c2-103ee00e46b3, 393.98, 100, 29914
2026/09/09 15:18:37.730, 0, GPU-35ec6990-2b13-fbe4-44c2-103ee00e46b3, 384.19, 100, 29914
2026/09/09 15:18:37.830, 0, GPU-35ec6990-2b13-fbe4-44c2-103ee00e46b3, 405.04, 100, 29914
2026/09/09 15:18:37.930, 0, GPU-35ec6990-2b13-fbe4-44c2-103ee00e46b3, 382.98, 100, 29914
2026/09/09 15:18:38.030, 0, GPU-35ec6990-2b13-fbe4-44c2-103ee00e46b3, 395.52, 100, 29914
2026/09/09 15:18:38.130, 0, GPU-35ec6990-2b13-fbe4-44c2-103ee00e46b3, 395.52, 100, 29914
2026/09/09 15:18:38.231, 0, GPU-35ec6990-2b13-fbe4-44c2-103ee00e46b3, 397.39, 99, 29914
2026/09/09 15:18:38.331, 0, GPU-35ec6990-2b13-fbe4-44c2-103ee00e46b3, 381.10, 99, 29914
2026/09/09 15:18:38.431, 0, GPU-35ec6990-2b13-fbe4-44c2-103ee00e46b3, 393.98, 100, 29914
2026/09/09 15:18:38.531, 0, GPU-35ec6990-2b13-fbe4-44c2-103ee00e46b3, 390.62, 100, 29914
2026/09/09 15:18:38.631, 0, GPU-35ec6990-2b13-fbe4-44c2-103ee00e46b3, 382.37, 100, 29914
2026/09/09 15:18:38.731, 0, GPU-35ec6990-2b13-fbe4-44c2-103ee00e46b3, 391.23, 100, 29914
2026/09/09 15:18:38.832, 0, GPU-35ec6990-2b13-fbe4-44c2-103ee00e46b3, 380.50, 100, 29914
2026/09/09 15:18:38.932, 0, GPU-35ec6990-2b13-fbe4-44c2-103ee00e46b3, 390.29, 100, 29914
2026/09/09 15:18:39.032, 0, GPU-35ec6990-2b13-fbe4-44c2-103ee00e46b3, 389.69, 100, 29914
2026/09/09 15:18:39.132, 0, GPU-35ec6990-2b13-fbe4-44c2-103ee00e46b3, 372.63, 100, 29914
2026/09/09 15:18:39.232, 0, GPU-35ec6990-2b13-fbe4-44c2-103ee00e46b3, 405.64, 100, 29914
2026/09/09 15:18:39.333, 0, GPU-35ec6990-2b13-fbe4-44c2-103ee00e46b3, 383.91, 100, 29914
2026/09/09 15:18:39.433, 0, GPU-35ec6990-2b13-fbe4-44c2-103ee00e46b3, 386.73, 100, 29914
2026/09/09 15:18:39.533, 0, GPU-35ec6990-2b13-fbe4-44c2-103ee00e46b3, 405.04, 100, 29914
2026/09/09 15:18:39.633, 0, GPU-35ec6990-2b13-fbe4-44c2-103ee00e46b3, 388.81, 100, 29914
2026/09/09 15:18:39.733, 0, GPU-35ec6990-2b13-fbe4-44c2-103ee00e46b3, 388.48, 100, 29914
2026/09/09 15:18:39.833, 0, GPU-35ec6990-2b13-fbe4-44c2-103ee00e46b3, 368.88, 99, 29914
2026/09/09 15:18:39.934, 0, GPU-35ec6990-2b13-fbe4-44c2-103ee00e46b3, 378.96, 99, 29914
2026/09/09 15:18:40.034, 0, GPU-35ec6990-2b13-fbe4-44c2-103ee00e46b3, 400.41, 100, 29914
2026/09/09 15:18:40.134, 0, GPU-35ec6990-2b13-fbe4-44c2-103ee00e46b3, 383.58, 100, 29914
2026/09/09 15:18:40.234, 0, GPU-35ec6990-2b13-fbe4-44c2-103ee00e46b3, 391.56, 100, 29914
2026/09/09 15:18:40.334, 0, GPU-35ec6990-2b13-fbe4-44c2-103ee00e46b3, 391.56, 100, 29914
2026/09/09 15:18:40.435, 0, GPU-35ec6990-2b13-fbe4-44c2-103ee00e46b3, 389.41, 100, 29914
2026/09/09 15:18:40.535, 0, GPU-35ec6990-2b13-fbe4-44c2-103ee00e46b3, 409.33, 100, 29914
2026/09/09 15:18:40.635, 0, GPU-35ec6990-2b13-fbe4-44c2-103ee00e46b3, 376.21, 100, 29914
2026/09/09 15:18:40.735, 0, GPU-35ec6990-2b13-fbe4-44c2-103ee00e46b3, 387.27, 100, 29914
2026/09/09 15:18:40.835, 0, GPU-35ec6990-2b13-fbe4-44c2-103ee00e46b3, 381.22, 100, 29914
2026/09/09 15:18:40.935, 0, GPU-35ec6990-2b13-fbe4-44c2-103ee00e46b3, 381.10, 100, 29914
2026/09/09 15:18:41.036, 0, GPU-35ec6990-2b13-fbe4-44c2-103ee00e46b3, 400.41, 100, 29914
2026/09/09 15:18:41.136, 0, GPU-35ec6990-2b13-fbe4-44c2-103ee00e46b3, 381.77, 100, 29914
2026/09/09 15:18:41.236, 0, GPU-35ec6990-2b13-fbe4-44c2-103ee00e46b3, 390.95, 100, 29914
2026/09/09 15:18:41.336, 0, GPU-35ec6990-2b13-fbe4-44c2-103ee00e46b3, 390.95, 100, 29914
2026/09/09 15:18:41.437, 0, GPU-35ec6990-2b13-fbe4-44c2-103ee00e46b3, 369.77, 100, 29914
2026/09/09 15:18:41.537, 0, GPU-35ec6990-2b13-fbe4-44c2-103ee00e46b3, 404.10, 99, 29914
2026/09/09 15:18:41.637, 0, GPU-35ec6990-2b13-fbe4-44c2-103ee00e46b3, 404.10, 99, 29914
2026/09/09 15:18:41.737, 0, GPU-35ec6990-2b13-fbe4-44c2-103ee00e46b3, 398.60, 100, 29914
2026/09/09 15:18:41.837, 0, GPU-35ec6990-2b13-fbe4-44c2-103ee00e46b3, 378.96, 100, 29914
2026/09/09 15:18:41.937, 0, GPU-35ec6990-2b13-fbe4-44c2-103ee00e46b3, 409.61, 100, 29914
2026/09/09 15:18:42.038, 0, GPU-35ec6990-2b13-fbe4-44c2-103ee00e46b3, 378.35, 100, 29914
2026/09/09 15:18:42.138, 0, GPU-35ec6990-2b13-fbe4-44c2-103ee00e46b3, 382.37, 100, 29914
2026/09/09 15:18:42.238, 0, GPU-35ec6990-2b13-fbe4-44c2-103ee00e46b3, 391.23, 100, 29914
2026/09/09 15:18:42.338, 0, GPU-35ec6990-2b13-fbe4-44c2-103ee00e46b3, 380.50, 100, 29914
2026/09/09 15:18:42.438, 0, GPU-35ec6990-2b13-fbe4-44c2-103ee00e46b3, 385.73, 100, 29914
2026/09/09 15:18:42.539, 0, GPU-35ec6990-2b13-fbe4-44c2-103ee00e46b3, 391.23, 100, 29914
2026/09/09 15:18:42.639, 0, GPU-35ec6990-2b13-fbe4-44c2-103ee00e46b3, 367.34, 100, 29914
2026/09/09 15:18:42.739, 0, GPU-35ec6990-2b13-fbe4-44c2-103ee00e46b3, 389.08, 100, 29914
2026/09/09 15:18:42.839, 0, GPU-35ec6990-2b13-fbe4-44c2-103ee00e46b3, 406.25, 99, 29914
2026/09/09 15:18:42.939, 0, GPU-35ec6990-2b13-fbe4-44c2-103ee00e46b3, 381.44, 99, 29914
2026/09/09 15:18:43.040, 0, GPU-35ec6990-2b13-fbe4-44c2-103ee00e46b3, 407.79, 100, 29914
2026/09/09 15:18:43.140, 0, GPU-35ec6990-2b13-fbe4-44c2-103ee00e46b3, 374.44, 100, 29914
2026/09/09 15:18:43.240, 0, GPU-35ec6990-2b13-fbe4-44c2-103ee00e46b3, 391.83, 100, 29914
2026/09/09 15:18:43.340, 0, GPU-35ec6990-2b13-fbe4-44c2-103ee00e46b3, 400.75, 100, 29914
2026/09/09 15:18:43.440, 0, GPU-35ec6990-2b13-fbe4-44c2-103ee00e46b3, 386.66, 100, 29914
2026/09/09 15:18:43.540, 0, GPU-35ec6990-2b13-fbe4-44c2-103ee00e46b3, 405.64, 100, 29914
2026/09/09 15:18:43.641, 0, GPU-35ec6990-2b13-fbe4-44c2-103ee00e46b3, 391.83, 100, 29914
2026/09/09 15:18:43.741, 0, GPU-35ec6990-2b13-fbe4-44c2-103ee00e46b3, 378.68, 100, 29914
2026/09/09 15:18:43.841, 0, GPU-35ec6990-2b13-fbe4-44c2-103ee00e46b3, 378.68, 100, 29914
2026/09/09 15:18:43.941, 0, GPU-35ec6990-2b13-fbe4-44c2-103ee00e46b3, 412.08, 100, 29914
2026/09/09 15:18:44.041, 0, GPU-35ec6990-2b13-fbe4-44c2-103ee00e46b3, 387.54, 100, 29914
2026/09/09 15:18:44.142, 0, GPU-35ec6990-2b13-fbe4-44c2-103ee00e46b3, 388.48, 100, 29914
2026/09/09 15:18:44.242, 0, GPU-35ec6990-2b13-fbe4-44c2-103ee00e46b3, 385.12, 100, 29914
2026/09/09 15:18:44.342, 0, GPU-35ec6990-2b13-fbe4-44c2-103ee00e46b3, 379.89, 100, 29914
2026/09/09 15:18:44.443, 0, GPU-35ec6990-2b13-fbe4-44c2-103ee00e46b3, 356.05, 99, 29914
2026/09/09 15:18:44.544, 0, GPU-35ec6990-2b13-fbe4-44c2-103ee00e46b3, 385.73, 99, 29914
2026/09/09 15:18:44.644, 0, GPU-35ec6990-2b13-fbe4-44c2-103ee00e46b3, 405.92, 99, 29914
2026/09/09 15:18:44.744, 0, GPU-35ec6990-2b13-fbe4-44c2-103ee00e46b3, 388.48, 100, 29914
2026/09/09 15:18:44.844, 0, GPU-35ec6990-2b13-fbe4-44c2-103ee00e46b3, 373.18, 100, 29914
2026/09/09 15:18:44.944, 0, GPU-35ec6990-2b13-fbe4-44c2-103ee00e46b3, 389.08, 100, 29914
2026/09/09 15:18:45.044, 0, GPU-35ec6990-2b13-fbe4-44c2-103ee00e46b3, 405.31, 100, 29914
2026/09/09 15:18:45.145, 0, GPU-35ec6990-2b13-fbe4-44c2-103ee00e46b3, 371.31, 100, 29914
2026/09/09 15:18:45.245, 0, GPU-35ec6990-2b13-fbe4-44c2-103ee00e46b3, 395.25, 100, 29914
2026/09/09 15:18:45.345, 0, GPU-35ec6990-2b13-fbe4-44c2-103ee00e46b3, 372.24, 100, 29914
2026/09/09 15:18:45.445, 0, GPU-35ec6990-2b13-fbe4-44c2-103ee00e46b3, 379.61, 100, 29914
2026/09/09 15:18:45.545, 0, GPU-35ec6990-2b13-fbe4-44c2-103ee00e46b3, 391.83, 100, 29914
2026/09/09 15:18:45.646, 0, GPU-35ec6990-2b13-fbe4-44c2-103ee00e46b3, 379.29, 100, 29914
2026/09/09 15:18:45.746, 0, GPU-35ec6990-2b13-fbe4-44c2-103ee00e46b3, 387.54, 100, 29914
2026/09/09 15:18:45.846, 0, GPU-35ec6990-2b13-fbe4-44c2-103ee00e46b3, 379.89, 100, 29914
2026/09/09 15:18:45.946, 0, GPU-35ec6990-2b13-fbe4-44c2-103ee00e46b3, 363.70, 100, 29914
2026/09/09 15:18:46.046, 0, GPU-35ec6990-2b13-fbe4-44c2-103ee00e46b3, 393.37, 100, 29914
2026/09/09 15:18:46.147, 0, GPU-35ec6990-2b13-fbe4-44c2-103ee00e46b3, 389.69, 99, 29914
2026/09/09 15:18:46.247, 0, GPU-35ec6990-2b13-fbe4-44c2-103ee00e46b3, 389.69, 99, 29914
2026/09/09 15:18:46.347, 0, GPU-35ec6990-2b13-fbe4-44c2-103ee00e46b3, 381.10, 100, 29914
2026/09/09 15:18:46.447, 0, GPU-35ec6990-2b13-fbe4-44c2-103ee00e46b3, 381.10, 100, 29914
2026/09/09 15:18:46.547, 0, GPU-35ec6990-2b13-fbe4-44c2-103ee00e46b3, 385.39, 100, 29914
2026/09/09 15:18:46.647, 0, GPU-35ec6990-2b13-fbe4-44c2-103ee00e46b3, 385.39, 100, 29914
2026/09/09 15:18:46.748, 0, GPU-35ec6990-2b13-fbe4-44c2-103ee00e46b3, 371.31, 100, 29914
2026/09/09 15:18:46.848, 0, GPU-35ec6990-2b13-fbe4-44c2-103ee00e46b3, 371.31, 100, 29914
2026/09/09 15:18:46.948, 0, GPU-35ec6990-2b13-fbe4-44c2-103ee00e46b3, 378.68, 100, 29914
2026/09/09 15:18:47.048, 0, GPU-35ec6990-2b13-fbe4-44c2-103ee00e46b3, 373.46, 100, 29914
2026/09/09 15:18:47.148, 0, GPU-35ec6990-2b13-fbe4-44c2-103ee00e46b3, 373.46, 100, 29914
2026/09/09 15:18:47.249, 0, GPU-35ec6990-2b13-fbe4-44c2-103ee00e46b3, 383.58, 100, 29914
2026/09/09 15:18:47.349, 0, GPU-35ec6990-2b13-fbe4-44c2-103ee00e46b3, 390.29, 100, 29914
2026/09/09 15:18:47.449, 0, GPU-35ec6990-2b13-fbe4-44c2-103ee00e46b3, 390.29, 100, 29914
2026/09/09 15:18:47.549, 0, GPU-35ec6990-2b13-fbe4-44c2-103ee00e46b3, 363.33, 100, 29914
2026/09/09 15:18:47.649, 0, GPU-35ec6990-2b13-fbe4-44c2-103ee00e46b3, 395.25, 100, 29914
2026/09/09 15:18:47.750, 0, GPU-35ec6990-2b13-fbe4-44c2-103ee00e46b3, 379.89, 99, 29914
2026/09/09 15:18:47.850, 0, GPU-35ec6990-2b13-fbe4-44c2-103ee00e46b3, 386.94, 99, 29914
2026/09/09 15:18:47.950, 0, GPU-35ec6990-2b13-fbe4-44c2-103ee00e46b3, 405.04, 100, 29914
2026/09/09 15:18:48.050, 0, GPU-35ec6990-2b13-fbe4-44c2-103ee00e46b3, 369.17, 100, 29914
2026/09/09 15:18:48.150, 0, GPU-35ec6990-2b13-fbe4-44c2-103ee00e46b3, 404.70, 100, 29914
2026/09/09 15:18:48.250, 0, GPU-35ec6990-2b13-fbe4-44c2-103ee00e46b3, 405.64, 100, 29914
2026/09/09 15:18:48.351, 0, GPU-35ec6990-2b13-fbe4-44c2-103ee00e46b3, 382.64, 100, 29914
2026/09/09 15:18:48.451, 0, GPU-35ec6990-2b13-fbe4-44c2-103ee00e46b3, 403.50, 100, 29914
2026/09/09 15:18:48.551, 0, GPU-35ec6990-2b13-fbe4-44c2-103ee00e46b3, 385.73, 100, 29914
2026/09/09 15:18:48.651, 0, GPU-35ec6990-2b13-fbe4-44c2-103ee00e46b3, 378.68, 100, 29914
2026/09/09 15:18:48.751, 0, GPU-35ec6990-2b13-fbe4-44c2-103ee00e46b3, 394.58, 100, 29914
2026/09/09 15:18:48.852, 0, GPU-35ec6990-2b13-fbe4-44c2-103ee00e46b3, 382.98, 100, 29914
2026/09/09 15:18:48.952, 0, GPU-35ec6990-2b13-fbe4-44c2-103ee00e46b3, 386.66, 100, 29914
2026/09/09 15:18:49.052, 0, GPU-35ec6990-2b13-fbe4-44c2-103ee00e46b3, 413.62, 100, 29914
2026/09/09 15:18:49.152, 0, GPU-35ec6990-2b13-fbe4-44c2-103ee00e46b3, 369.17, 100, 29914
2026/09/09 15:18:49.252, 0, GPU-35ec6990-2b13-fbe4-44c2-103ee00e46b3, 391.56, 99, 29914
2026/09/09 15:18:49.353, 0, GPU-35ec6990-2b13-fbe4-44c2-103ee00e46b3, 381.44, 99, 29914
2026/09/09 15:18:49.453, 0, GPU-35ec6990-2b13-fbe4-44c2-103ee00e46b3, 374.06, 100, 29914
2026/09/09 15:18:49.553, 0, GPU-35ec6990-2b13-fbe4-44c2-103ee00e46b3, 416.05, 100, 29914
2026/09/09 15:18:49.653, 0, GPU-35ec6990-2b13-fbe4-44c2-103ee00e46b3, 377.14, 100, 29914
2026/09/09 15:18:49.753, 0, GPU-35ec6990-2b13-fbe4-44c2-103ee00e46b3, 384.19, 100, 29914
2026/09/09 15:18:49.853, 0, GPU-35ec6990-2b13-fbe4-44c2-103ee00e46b3, 388.81, 100, 29914
2026/09/09 15:18:49.954, 0, GPU-35ec6990-2b13-fbe4-44c2-103ee00e46b3, 383.58, 100, 29914
2026/09/09 15:18:50.054, 0, GPU-35ec6990-2b13-fbe4-44c2-103ee00e46b3, 390.95, 100, 29914
2026/09/09 15:18:50.154, 0, GPU-35ec6990-2b13-fbe4-44c2-103ee00e46b3, 390.95, 100, 29914
2026/09/09 15:18:50.254, 0, GPU-35ec6990-2b13-fbe4-44c2-103ee00e46b3, 367.63, 100, 29914
2026/09/09 15:18:50.354, 0, GPU-35ec6990-2b13-fbe4-44c2-103ee00e46b3, 385.39, 100, 29914
2026/09/09 15:18:50.455, 0, GPU-35ec6990-2b13-fbe4-44c2-103ee00e46b3, 410.21, 100, 29914
2026/09/09 15:18:50.555, 0, GPU-35ec6990-2b13-fbe4-44c2-103ee00e46b3, 410.21, 100, 29914
2026/09/09 15:18:50.655, 0, GPU-35ec6990-2b13-fbe4-44c2-103ee00e46b3, 386.33, 100, 29914
2026/09/09 15:18:50.755, 0, GPU-35ec6990-2b13-fbe4-44c2-103ee00e46b3, 400.75, 99, 29914
2026/09/09 15:18:50.855, 0, GPU-35ec6990-2b13-fbe4-44c2-103ee00e46b3, 386.33, 99, 29914
2026/09/09 15:18:50.956, 0, GPU-35ec6990-2b13-fbe4-44c2-103ee00e46b3, 396.45, 100, 29914
2026/09/09 15:18:51.056, 0, GPU-35ec6990-2b13-fbe4-44c2-103ee00e46b3, 399.20, 100, 29914
2026/09/09 15:18:51.156, 0, GPU-35ec6990-2b13-fbe4-44c2-103ee00e46b3, 376.54, 100, 29914
2026/09/09 15:18:51.256, 0, GPU-35ec6990-2b13-fbe4-44c2-103ee00e46b3, 393.98, 100, 29914
2026/09/09 15:18:51.356, 0, GPU-35ec6990-2b13-fbe4-44c2-103ee00e46b3, 380.83, 100, 29914
2026/09/09 15:18:51.457, 0, GPU-35ec6990-2b13-fbe4-44c2-103ee00e46b3, 379.89, 100, 29914
2026/09/09 15:18:51.557, 0, GPU-35ec6990-2b13-fbe4-44c2-103ee00e46b3, 395.85, 100, 29914
2026/09/09 15:18:51.657, 0, GPU-35ec6990-2b13-fbe4-44c2-103ee00e46b3, 385.39, 100, 29914
2026/09/09 15:18:51.757, 0, GPU-35ec6990-2b13-fbe4-44c2-103ee00e46b3, 410.87, 100, 29914
2026/09/09 15:18:51.857, 0, GPU-35ec6990-2b13-fbe4-44c2-103ee00e46b3, 376.21, 100, 29914
2026/09/09 15:18:51.957, 0, GPU-35ec6990-2b13-fbe4-44c2-103ee00e46b3, 396.12, 100, 29914
2026/09/09 15:18:52.058, 0, GPU-35ec6990-2b13-fbe4-44c2-103ee00e46b3, 395.85, 100, 29914
2026/09/09 15:18:52.158, 0, GPU-35ec6990-2b13-fbe4-44c2-103ee00e46b3, 377.14, 100, 29914
2026/09/09 15:18:52.258, 0, GPU-35ec6990-2b13-fbe4-44c2-103ee00e46b3, 414.23, 100, 29914
2026/09/09 15:18:52.358, 0, GPU-35ec6990-2b13-fbe4-44c2-103ee00e46b3, 377.75, 99, 29914
2026/09/09 15:18:52.458, 0, GPU-35ec6990-2b13-fbe4-44c2-103ee00e46b3, 385.12, 99, 29914
2026/09/09 15:18:52.559, 0, GPU-35ec6990-2b13-fbe4-44c2-103ee00e46b3, 394.58, 100, 29914
2026/09/09 15:18:52.659, 0, GPU-35ec6990-2b13-fbe4-44c2-103ee00e46b3, 374.06, 100, 29914
2026/09/09 15:18:52.759, 0, GPU-35ec6990-2b13-fbe4-44c2-103ee00e46b3, 395.52, 100, 29914
2026/09/09 15:18:52.859, 0, GPU-35ec6990-2b13-fbe4-44c2-103ee00e46b3, 375.71, 100, 29914
2026/09/09 15:18:52.959, 0, GPU-35ec6990-2b13-fbe4-44c2-103ee00e46b3, 373.46, 100, 29914
2026/09/09 15:18:53.060, 0, GPU-35ec6990-2b13-fbe4-44c2-103ee00e46b3, 392.44, 100, 29914
2026/09/09 15:18:53.160, 0, GPU-35ec6990-2b13-fbe4-44c2-103ee00e46b3, 379.61, 100, 29914
2026/09/09 15:18:53.260, 0, GPU-35ec6990-2b13-fbe4-44c2-103ee00e46b3, 378.08, 100, 29914
2026/09/09 15:18:53.360, 0, GPU-35ec6990-2b13-fbe4-44c2-103ee00e46b3, 412.68, 100, 29914
2026/09/09 15:18:53.460, 0, GPU-35ec6990-2b13-fbe4-44c2-103ee00e46b3, 376.81, 100, 29914
2026/09/09 15:18:53.560, 0, GPU-35ec6990-2b13-fbe4-44c2-103ee00e46b3, 376.81, 100, 29914
2026/09/09 15:18:53.661, 0, GPU-35ec6990-2b13-fbe4-44c2-103ee00e46b3, 392.44, 100, 29914
2026/09/09 15:18:53.761, 0, GPU-35ec6990-2b13-fbe4-44c2-103ee00e46b3, 393.98, 100, 29914
2026/09/09 15:18:53.861, 0, GPU-35ec6990-2b13-fbe4-44c2-103ee00e46b3, 380.61, 99, 29914
2026/09/09 15:18:53.961, 0, GPU-35ec6990-2b13-fbe4-44c2-103ee00e46b3, 368.28, 99, 29914
2026/09/09 15:18:54.061, 0, GPU-35ec6990-2b13-fbe4-44c2-103ee00e46b3, 368.28, 100, 29914
2026/09/09 15:18:54.161, 0, GPU-35ec6990-2b13-fbe4-44c2-103ee00e46b3, 382.04, 100, 29914
2026/09/09 15:18:54.262, 0, GPU-35ec6990-2b13-fbe4-44c2-103ee00e46b3, 402.29, 100, 29914
2026/09/09 15:18:54.362, 0, GPU-35ec6990-2b13-fbe4-44c2-103ee00e46b3, 375.60, 100, 29914
2026/09/09 15:18:54.462, 0, GPU-35ec6990-2b13-fbe4-44c2-103ee00e46b3, 390.95, 100, 29914
2026/09/09 15:18:54.562, 0, GPU-35ec6990-2b13-fbe4-44c2-103ee00e46b3, 380.50, 100, 29914
2026/09/09 15:18:54.662, 0, GPU-35ec6990-2b13-fbe4-44c2-103ee00e46b3, 379.29, 100, 29914
2026/09/09 15:18:54.763, 0, GPU-35ec6990-2b13-fbe4-44c2-103ee00e46b3, 397.06, 100, 29914
2026/09/09 15:18:54.863, 0, GPU-35ec6990-2b13-fbe4-44c2-103ee00e46b3, 382.04, 100, 29914
2026/09/09 15:18:54.963, 0, GPU-35ec6990-2b13-fbe4-44c2-103ee00e46b3, 379.89, 100, 29914
2026/09/09 15:18:55.063, 0, GPU-35ec6990-2b13-fbe4-44c2-103ee00e46b3, 412.36, 100, 29914
2026/09/09 15:18:55.163, 0, GPU-35ec6990-2b13-fbe4-44c2-103ee00e46b3, 375.71, 100, 29914
2026/09/09 15:18:55.263, 0, GPU-35ec6990-2b13-fbe4-44c2-103ee00e46b3, 394.58, 100, 29914
2026/09/09 15:18:55.364, 0, GPU-35ec6990-2b13-fbe4-44c2-103ee00e46b3, 402.89, 99, 29914
2026/09/09 15:18:55.464, 0, GPU-35ec6990-2b13-fbe4-44c2-103ee00e46b3, 389.08, 99, 29914
2026/09/09 15:18:55.564, 0, GPU-35ec6990-2b13-fbe4-44c2-103ee00e46b3, 401.62, 100, 29914
2026/09/09 15:18:55.664, 0, GPU-35ec6990-2b13-fbe4-44c2-103ee00e46b3, 375.32, 100, 29914
2026/09/09 15:18:55.764, 0, GPU-35ec6990-2b13-fbe4-44c2-103ee00e46b3, 398.27, 100, 29914
2026/09/09 15:18:55.864, 0, GPU-35ec6990-2b13-fbe4-44c2-103ee00e46b3, 398.27, 100, 29914
2026/09/09 15:18:55.965, 0, GPU-35ec6990-2b13-fbe4-44c2-103ee00e46b3, 386.94, 100, 29914
2026/09/09 15:18:56.065, 0, GPU-35ec6990-2b13-fbe4-44c2-103ee00e46b3, 378.96, 100, 29914
2026/09/09 15:18:56.165, 0, GPU-35ec6990-2b13-fbe4-44c2-103ee00e46b3, 382.37, 100, 29914
2026/09/09 15:18:56.265, 0, GPU-35ec6990-2b13-fbe4-44c2-103ee00e46b3, 399.81, 100, 29914
2026/09/09 15:18:56.365, 0, GPU-35ec6990-2b13-fbe4-44c2-103ee00e46b3, 382.43, 100, 29914
2026/09/09 15:18:56.465, 0, GPU-35ec6990-2b13-fbe4-44c2-103ee00e46b3, 385.73, 100, 29914
2026/09/09 15:18:56.566, 0, GPU-35ec6990-2b13-fbe4-44c2-103ee00e46b3, 404.43, 100, 29914
2026/09/09 15:18:56.666, 0, GPU-35ec6990-2b13-fbe4-44c2-103ee00e46b3, 373.18, 100, 29914
2026/09/09 15:18:56.766, 0, GPU-35ec6990-2b13-fbe4-44c2-103ee00e46b3, 400.41, 100, 29914
2026/09/09 15:18:56.866, 0, GPU-35ec6990-2b13-fbe4-44c2-103ee00e46b3, 368.56, 100, 29914
2026/09/09 15:18:56.966, 0, GPU-35ec6990-2b13-fbe4-44c2-103ee00e46b3, 368.56, 100, 29914
2026/09/09 15:18:57.066, 0, GPU-35ec6990-2b13-fbe4-44c2-103ee00e46b3, 408.72, 99, 29914
2026/09/09 15:18:57.167, 0, GPU-35ec6990-2b13-fbe4-44c2-103ee00e46b3, 373.84, 99, 29914
2026/09/09 15:18:57.267, 0, GPU-35ec6990-2b13-fbe4-44c2-103ee00e46b3, 387.54, 100, 29914
2026/09/09 15:18:57.367, 0, GPU-35ec6990-2b13-fbe4-44c2-103ee00e46b3, 387.54, 100, 29914
2026/09/09 15:18:57.467, 0, GPU-35ec6990-2b13-fbe4-44c2-103ee00e46b3, 381.44, 100, 29914
2026/09/09 15:18:57.567, 0, GPU-35ec6990-2b13-fbe4-44c2-103ee00e46b3, 381.44, 100, 29914
2026/09/09 15:18:57.667, 0, GPU-35ec6990-2b13-fbe4-44c2-103ee00e46b3, 390.95, 100, 29914
2026/09/09 15:18:57.768, 0, GPU-35ec6990-2b13-fbe4-44c2-103ee00e46b3, 384.19, 100, 29914
2026/09/09 15:18:57.868, 0, GPU-35ec6990-2b13-fbe4-44c2-103ee00e46b3, 376.81, 100, 29914
2026/09/09 15:18:57.968, 0, GPU-35ec6990-2b13-fbe4-44c2-103ee00e46b3, 393.10, 100, 29914
2026/09/09 15:18:58.068, 0, GPU-35ec6990-2b13-fbe4-44c2-103ee00e46b3, 392.44, 100, 29914
2026/09/09 15:18:58.168, 0, GPU-35ec6990-2b13-fbe4-44c2-103ee00e46b3, 389.08, 100, 29914
2026/09/09 15:18:58.269, 0, GPU-35ec6990-2b13-fbe4-44c2-103ee00e46b3, 401.95, 100, 29914
2026/09/09 15:18:58.369, 0, GPU-35ec6990-2b13-fbe4-44c2-103ee00e46b3, 371.64, 100, 29914
2026/09/09 15:18:58.469, 0, GPU-35ec6990-2b13-fbe4-44c2-103ee00e46b3, 372.85, 100, 29914
2026/09/09 15:18:58.569, 0, GPU-35ec6990-2b13-fbe4-44c2-103ee00e46b3, 382.64, 99, 29914
2026/09/09 15:18:58.669, 0, GPU-35ec6990-2b13-fbe4-44c2-103ee00e46b3, 383.58, 99, 29914
2026/09/09 15:18:58.769, 0, GPU-35ec6990-2b13-fbe4-44c2-103ee00e46b3, 399.48, 100, 29914
2026/09/09 15:18:58.870, 0, GPU-35ec6990-2b13-fbe4-44c2-103ee00e46b3, 371.92, 100, 29914
2026/09/09 15:18:58.970, 0, GPU-35ec6990-2b13-fbe4-44c2-103ee00e46b3, 397.39, 100, 29914
2026/09/09 15:18:59.070, 0, GPU-35ec6990-2b13-fbe4-44c2-103ee00e46b3, 398.00, 100, 29914
2026/09/09 15:18:59.170, 0, GPU-35ec6990-2b13-fbe4-44c2-103ee00e46b3, 377.47, 100, 29914
2026/09/09 15:18:59.270, 0, GPU-35ec6990-2b13-fbe4-44c2-103ee00e46b3, 389.41, 100, 29914
2026/09/09 15:18:59.371, 0, GPU-35ec6990-2b13-fbe4-44c2-103ee00e46b3, 382.64, 100, 29914
2026/09/09 15:18:59.471, 0, GPU-35ec6990-2b13-fbe4-44c2-103ee00e46b3, 374.44, 100, 29914
2026/09/09 15:18:59.571, 0, GPU-35ec6990-2b13-fbe4-44c2-103ee00e46b3, 394.31, 100, 29914
2026/09/09 15:18:59.671, 0, GPU-35ec6990-2b13-fbe4-44c2-103ee00e46b3, 384.79, 100, 29914
2026/09/09 15:18:59.771, 0, GPU-35ec6990-2b13-fbe4-44c2-103ee00e46b3, 391.56, 100, 29914
2026/09/09 15:18:59.871, 0, GPU-35ec6990-2b13-fbe4-44c2-103ee00e46b3, 393.37, 100, 29914
2026/09/09 15:18:59.972, 0, GPU-35ec6990-2b13-fbe4-44c2-103ee00e46b3, 365.80, 100, 29914
2026/09/09 15:19:00.072, 0, GPU-35ec6990-2b13-fbe4-44c2-103ee00e46b3, 399.48, 99, 29914
2026/09/09 15:19:00.172, 0, GPU-35ec6990-2b13-fbe4-44c2-103ee00e46b3, 388.48, 99, 29914
2026/09/09 15:19:00.272, 0, GPU-35ec6990-2b13-fbe4-44c2-103ee00e46b3, 386.33, 100, 29914
2026/09/09 15:19:00.372, 0, GPU-35ec6990-2b13-fbe4-44c2-103ee00e46b3, 368.28, 100, 29914
2026/09/09 15:19:00.472, 0, GPU-35ec6990-2b13-fbe4-44c2-103ee00e46b3, 394.58, 100, 29914
2026/09/09 15:19:00.573, 0, GPU-35ec6990-2b13-fbe4-44c2-103ee00e46b3, 394.58, 100, 29914
2026/09/09 15:19:00.673, 0, GPU-35ec6990-2b13-fbe4-44c2-103ee00e46b3, 394.91, 100, 29914
2026/09/09 15:19:00.773, 0, GPU-35ec6990-2b13-fbe4-44c2-103ee00e46b3, 373.46, 100, 29914
2026/09/09 15:19:00.873, 0, GPU-35ec6990-2b13-fbe4-44c2-103ee00e46b3, 376.81, 100, 29914
2026/09/09 15:19:00.973, 0, GPU-35ec6990-2b13-fbe4-44c2-103ee00e46b3, 376.81, 100, 29914
2026/09/09 15:19:01.074, 0, GPU-35ec6990-2b13-fbe4-44c2-103ee00e46b3, 378.35, 100, 29914
2026/09/09 15:19:01.174, 0, GPU-35ec6990-2b13-fbe4-44c2-103ee00e46b3, 390.95, 100, 29914
2026/09/09 15:19:01.274, 0, GPU-35ec6990-2b13-fbe4-44c2-103ee00e46b3, 391.23, 100, 29914
2026/09/09 15:19:01.374, 0, GPU-35ec6990-2b13-fbe4-44c2-103ee00e46b3, 389.69, 100, 29914
2026/09/09 15:19:01.474, 0, GPU-35ec6990-2b13-fbe4-44c2-103ee00e46b3, 389.41, 100, 29914
2026/09/09 15:19:01.575, 0, GPU-35ec6990-2b13-fbe4-44c2-103ee00e46b3, 348.64, 100, 29914
2026/09/09 15:19:01.675, 0, GPU-35ec6990-2b13-fbe4-44c2-103ee00e46b3, 399.20, 99, 29914
2026/09/09 15:19:01.775, 0, GPU-35ec6990-2b13-fbe4-44c2-103ee00e46b3, 388.14, 100, 29914
2026/09/09 15:19:01.875, 0, GPU-35ec6990-2b13-fbe4-44c2-103ee00e46b3, 385.39, 100, 29914
2026/09/09 15:19:01.975, 0, GPU-35ec6990-2b13-fbe4-44c2-103ee00e46b3, 400.14, 100, 29914
2026/09/09 15:19:02.075, 0, GPU-35ec6990-2b13-fbe4-44c2-103ee00e46b3, 362.11, 100, 29914
2026/09/09 15:19:02.176, 0, GPU-35ec6990-2b13-fbe4-44c2-103ee00e46b3, 386.33, 100, 29914
2026/09/09 15:19:02.276, 0, GPU-35ec6990-2b13-fbe4-44c2-103ee00e46b3, 388.48, 100, 29914
2026/09/09 15:19:02.376, 0, GPU-35ec6990-2b13-fbe4-44c2-103ee00e46b3, 371.03, 100, 29914
2026/09/09 15:19:02.476, 0, GPU-35ec6990-2b13-fbe4-44c2-103ee00e46b3, 397.39, 100, 29914
2026/09/09 15:19:02.576, 0, GPU-35ec6990-2b13-fbe4-44c2-103ee00e46b3, 374.06, 100, 29914
2026/09/09 15:19:02.677, 0, GPU-35ec6990-2b13-fbe4-44c2-103ee00e46b3, 384.19, 100, 29914
2026/09/09 15:19:02.777, 0, GPU-35ec6990-2b13-fbe4-44c2-103ee00e46b3, 403.50, 100, 29914
2026/09/09 15:19:02.877, 0, GPU-35ec6990-2b13-fbe4-44c2-103ee00e46b3, 389.08, 100, 29914
2026/09/09 15:19:02.977, 0, GPU-35ec6990-2b13-fbe4-44c2-103ee00e46b3, 394.31, 100, 29914
2026/09/09 15:19:03.077, 0, GPU-35ec6990-2b13-fbe4-44c2-103ee00e46b3, 389.08, 100, 29914
2026/09/09 15:19:03.178, 0, GPU-35ec6990-2b13-fbe4-44c2-103ee00e46b3, 371.92, 99, 29914
2026/09/09 15:19:03.278, 0, GPU-35ec6990-2b13-fbe4-44c2-103ee00e46b3, 389.08, 99, 29914
2026/09/09 15:19:03.378, 0, GPU-35ec6990-2b13-fbe4-44c2-103ee00e46b3, 387.87, 100, 29914
2026/09/09 15:19:03.478, 0, GPU-35ec6990-2b13-fbe4-44c2-103ee00e46b3, 393.70, 100, 29914
2026/09/09 15:19:03.578, 0, GPU-35ec6990-2b13-fbe4-44c2-103ee00e46b3, 383.58, 100, 29914
2026/09/09 15:19:03.678, 0, GPU-35ec6990-2b13-fbe4-44c2-103ee00e46b3, 369.77, 100, 29914
2026/09/09 15:19:03.779, 0, GPU-35ec6990-2b13-fbe4-44c2-103ee00e46b3, 394.91, 100, 29914
2026/09/09 15:19:03.879, 0, GPU-35ec6990-2b13-fbe4-44c2-103ee00e46b3, 382.98, 100, 29914
2026/09/09 15:19:03.979, 0, GPU-35ec6990-2b13-fbe4-44c2-103ee00e46b3, 375.93, 100, 29914
2026/09/09 15:19:04.079, 0, GPU-35ec6990-2b13-fbe4-44c2-103ee00e46b3, 375.93, 100, 29914
2026/09/09 15:19:04.179, 0, GPU-35ec6990-2b13-fbe4-44c2-103ee00e46b3, 373.84, 100, 29914
2026/09/09 15:19:04.280, 0, GPU-35ec6990-2b13-fbe4-44c2-103ee00e46b3, 380.83, 100, 29914
2026/09/09 15:19:04.380, 0, GPU-35ec6990-2b13-fbe4-44c2-103ee00e46b3, 399.20, 100, 29914
2026/09/09 15:19:04.480, 0, GPU-35ec6990-2b13-fbe4-44c2-103ee00e46b3, 392.44, 100, 29914
2026/09/09 15:19:04.580, 0, GPU-35ec6990-2b13-fbe4-44c2-103ee00e46b3, 390.95, 100, 29914
2026/09/09 15:19:04.680, 0, GPU-35ec6990-2b13-fbe4-44c2-103ee00e46b3, 390.95, 100, 29914
2026/09/09 15:19:04.781, 0, GPU-35ec6990-2b13-fbe4-44c2-103ee00e46b3, 375.32, 100, 29914
2026/09/09 15:19:04.881, 0, GPU-35ec6990-2b13-fbe4-44c2-103ee00e46b3, 390.02, 99, 29914
2026/09/09 15:19:04.981, 0, GPU-35ec6990-2b13-fbe4-44c2-103ee00e46b3, 390.02, 99, 29914
2026/09/09 15:19:05.081, 0, GPU-35ec6990-2b13-fbe4-44c2-103ee00e46b3, 398.87, 100, 29914
2026/09/09 15:19:05.181, 0, GPU-35ec6990-2b13-fbe4-44c2-103ee00e46b3, 390.02, 100, 29914
2026/09/09 15:19:05.281, 0, GPU-35ec6990-2b13-fbe4-44c2-103ee00e46b3, 374.44, 100, 29914
2026/09/09 15:19:05.382, 0, GPU-35ec6990-2b13-fbe4-44c2-103ee00e46b3, 399.81, 100, 29914
2026/09/09 15:19:05.482, 0, GPU-35ec6990-2b13-fbe4-44c2-103ee00e46b3, 378.35, 100, 29914
2026/09/09 15:19:05.582, 0, GPU-35ec6990-2b13-fbe4-44c2-103ee00e46b3, 379.89, 100, 29914
2026/09/09 15:19:05.682, 0, GPU-35ec6990-2b13-fbe4-44c2-103ee00e46b3, 401.62, 100, 29914
2026/09/09 15:19:05.782, 0, GPU-35ec6990-2b13-fbe4-44c2-103ee00e46b3, 375.00, 100, 29914
2026/09/09 15:19:05.883, 0, GPU-35ec6990-2b13-fbe4-44c2-103ee00e46b3, 377.14, 100, 29914
2026/09/09 15:19:05.983, 0, GPU-35ec6990-2b13-fbe4-44c2-103ee00e46b3, 394.91, 100, 29914
2026/09/09 15:19:06.083, 0, GPU-35ec6990-2b13-fbe4-44c2-103ee00e46b3, 388.48, 100, 29914
2026/09/09 15:19:06.183, 0, GPU-35ec6990-2b13-fbe4-44c2-103ee00e46b3, 397.06, 100, 29914
2026/09/09 15:19:06.283, 0, GPU-35ec6990-2b13-fbe4-44c2-103ee00e46b3, 385.39, 99, 29914
2026/09/09 15:19:06.384, 0, GPU-35ec6990-2b13-fbe4-44c2-103ee00e46b3, 386.00, 100, 29914
2026/09/09 15:19:06.484, 0, GPU-35ec6990-2b13-fbe4-44c2-103ee00e46b3, 395.52, 100, 29914
2026/09/09 15:19:06.584, 0, GPU-35ec6990-2b13-fbe4-44c2-103ee00e46b3, 372.24, 100, 29914
2026/09/09 15:19:06.684, 0, GPU-35ec6990-2b13-fbe4-44c2-103ee00e46b3, 395.52, 100, 29914
2026/09/09 15:19:06.784, 0, GPU-35ec6990-2b13-fbe4-44c2-103ee00e46b3, 386.94, 100, 29914
2026/09/09 15:19:06.885, 0, GPU-35ec6990-2b13-fbe4-44c2-103ee00e46b3, 370.43, 100, 29914
2026/09/09 15:19:06.985, 0, GPU-35ec6990-2b13-fbe4-44c2-103ee00e46b3, 403.77, 100, 29914
2026/09/09 15:19:07.085, 0, GPU-35ec6990-2b13-fbe4-44c2-103ee00e46b3, 377.14, 100, 29914
2026/09/09 15:19:07.185, 0, GPU-35ec6990-2b13-fbe4-44c2-103ee00e46b3, 381.77, 100, 29914
2026/09/09 15:19:07.285, 0, GPU-35ec6990-2b13-fbe4-44c2-103ee00e46b3, 405.92, 100, 29914
2026/09/09 15:19:07.385, 0, GPU-35ec6990-2b13-fbe4-44c2-103ee00e46b3, 379.29, 100, 29914
2026/09/09 15:19:07.486, 0, GPU-35ec6990-2b13-fbe4-44c2-103ee00e46b3, 390.62, 100, 29914
2026/09/09 15:19:07.586, 0, GPU-35ec6990-2b13-fbe4-44c2-103ee00e46b3, 399.20, 100, 29914
2026/09/09 15:19:07.686, 0, GPU-35ec6990-2b13-fbe4-44c2-103ee00e46b3, 383.58, 100, 29914
2026/09/09 15:19:07.786, 0, GPU-35ec6990-2b13-fbe4-44c2-103ee00e46b3, 399.81, 100, 29914
2026/09/09 15:19:07.886, 0, GPU-35ec6990-2b13-fbe4-44c2-103ee00e46b3, 399.81, 99, 29914
2026/09/09 15:19:07.987, 0, GPU-35ec6990-2b13-fbe4-44c2-103ee00e46b3, 374.67, 99, 29914
2026/09/09 15:19:08.087, 0, GPU-35ec6990-2b13-fbe4-44c2-103ee00e46b3, 404.43, 100, 29914
2026/09/09 15:19:08.187, 0, GPU-35ec6990-2b13-fbe4-44c2-103ee00e46b3, 382.64, 100, 29914
2026/09/09 15:19:08.287, 0, GPU-35ec6990-2b13-fbe4-44c2-103ee00e46b3, 394.91, 100, 29914
2026/09/09 15:19:08.387, 0, GPU-35ec6990-2b13-fbe4-44c2-103ee00e46b3, 394.91, 100, 29914
2026/09/09 15:19:08.488, 0, GPU-35ec6990-2b13-fbe4-44c2-103ee00e46b3, 378.35, 100, 29914
2026/09/09 15:19:08.588, 0, GPU-35ec6990-2b13-fbe4-44c2-103ee00e46b3, 370.70, 100, 29914
2026/09/09 15:19:08.688, 0, GPU-35ec6990-2b13-fbe4-44c2-103ee00e46b3, 391.56, 100, 29914
2026/09/09 15:19:08.788, 0, GPU-35ec6990-2b13-fbe4-44c2-103ee00e46b3, 380.50, 100, 29914
2026/09/09 15:19:08.888, 0, GPU-35ec6990-2b13-fbe4-44c2-103ee00e46b3, 382.04, 100, 29914
2026/09/09 15:19:08.988, 0, GPU-35ec6990-2b13-fbe4-44c2-103ee00e46b3, 403.77, 100, 29914
2026/09/09 15:19:09.089, 0, GPU-35ec6990-2b13-fbe4-44c2-103ee00e46b3, 375.32, 100, 29914
2026/09/09 15:19:09.189, 0, GPU-35ec6990-2b13-fbe4-44c2-103ee00e46b3, 380.83, 100, 29914
2026/09/09 15:19:09.289, 0, GPU-35ec6990-2b13-fbe4-44c2-103ee00e46b3, 380.83, 100, 29914
2026/09/09 15:19:09.389, 0, GPU-35ec6990-2b13-fbe4-44c2-103ee00e46b3, 401.95, 100, 29914
2026/09/09 15:19:09.489, 0, GPU-35ec6990-2b13-fbe4-44c2-103ee00e46b3, 369.49, 99, 29914
2026/09/09 15:19:09.590, 0, GPU-35ec6990-2b13-fbe4-44c2-103ee00e46b3, 389.08, 99, 29914
2026/09/09 15:19:09.690, 0, GPU-35ec6990-2b13-fbe4-44c2-103ee00e46b3, 401.02, 100, 29914
2026/09/09 15:19:09.790, 0, GPU-35ec6990-2b13-fbe4-44c2-103ee00e46b3, 381.44, 100, 29914
2026/09/09 15:19:09.890, 0, GPU-35ec6990-2b13-fbe4-44c2-103ee00e46b3, 394.31, 100, 29914
2026/09/09 15:19:09.990, 0, GPU-35ec6990-2b13-fbe4-44c2-103ee00e46b3, 386.94, 100, 29914
2026/09/09 15:19:10.091, 0, GPU-35ec6990-2b13-fbe4-44c2-103ee00e46b3, 371.64, 100, 29914
2026/09/09 15:19:10.191, 0, GPU-35ec6990-2b13-fbe4-44c2-103ee00e46b3, 408.07, 100, 29914
2026/09/09 15:19:10.291, 0, GPU-35ec6990-2b13-fbe4-44c2-103ee00e46b3, 376.81, 100, 29914
2026/09/09 15:19:10.391, 0, GPU-35ec6990-2b13-fbe4-44c2-103ee00e46b3, 377.47, 100, 29914
2026/09/09 15:19:10.491, 0, GPU-35ec6990-2b13-fbe4-44c2-103ee00e46b3, 406.25, 100, 29914
2026/09/09 15:19:10.592, 0, GPU-35ec6990-2b13-fbe4-44c2-103ee00e46b3, 377.47, 100, 29914
2026/09/09 15:19:10.692, 0, GPU-35ec6990-2b13-fbe4-44c2-103ee00e46b3, 394.91, 100, 29914
2026/09/09 15:19:10.792, 0, GPU-35ec6990-2b13-fbe4-44c2-103ee00e46b3, 406.58, 100, 29914
2026/09/09 15:19:10.892, 0, GPU-35ec6990-2b13-fbe4-44c2-103ee00e46b3, 383.25, 99, 29914
2026/09/09 15:19:10.992, 0, GPU-35ec6990-2b13-fbe4-44c2-103ee00e46b3, 399.48, 99, 29914
2026/09/09 15:19:11.092, 0, GPU-35ec6990-2b13-fbe4-44c2-103ee00e46b3, 370.70, 100, 29914
2026/09/09 15:19:11.193, 0, GPU-35ec6990-2b13-fbe4-44c2-103ee00e46b3, 386.33, 100, 29914
2026/09/09 15:19:11.293, 0, GPU-35ec6990-2b13-fbe4-44c2-103ee00e46b3, 402.56, 100, 29914
2026/09/09 15:19:11.393, 0, GPU-35ec6990-2b13-fbe4-44c2-103ee00e46b3, 386.00, 100, 29914
2026/09/09 15:19:11.493, 0, GPU-35ec6990-2b13-fbe4-44c2-103ee00e46b3, 386.00, 100, 29914
2026/09/09 15:19:11.593, 0, GPU-35ec6990-2b13-fbe4-44c2-103ee00e46b3, 392.77, 100, 29914
2026/09/09 15:19:11.694, 0, GPU-35ec6990-2b13-fbe4-44c2-103ee00e46b3, 387.27, 100, 29914
2026/09/09 15:19:11.794, 0, GPU-35ec6990-2b13-fbe4-44c2-103ee00e46b3, 398.00, 100, 29914
2026/09/09 15:19:11.894, 0, GPU-35ec6990-2b13-fbe4-44c2-103ee00e46b3, 398.00, 100, 29914
2026/09/09 15:19:11.994, 0, GPU-35ec6990-2b13-fbe4-44c2-103ee00e46b3, 375.60, 100, 29914
2026/09/09 15:19:12.094, 0, GPU-35ec6990-2b13-fbe4-44c2-103ee00e46b3, 386.00, 100, 29914
2026/09/09 15:19:12.195, 0, GPU-35ec6990-2b13-fbe4-44c2-103ee00e46b3, 395.85, 100, 29914
2026/09/09 15:19:12.295, 0, GPU-35ec6990-2b13-fbe4-44c2-103ee00e46b3, 371.03, 100, 29914
2026/09/09 15:19:12.395, 0, GPU-35ec6990-2b13-fbe4-44c2-103ee00e46b3, 394.91, 100, 29914
2026/09/09 15:19:12.496, 0, GPU-35ec6990-2b13-fbe4-44c2-103ee00e46b3, 407.18, 99, 29914
2026/09/09 15:19:12.596, 0, GPU-35ec6990-2b13-fbe4-44c2-103ee00e46b3, 385.12, 99, 29914
2026/09/09 15:19:12.696, 0, GPU-35ec6990-2b13-fbe4-44c2-103ee00e46b3, 399.81, 100, 29914
2026/09/09 15:19:12.796, 0, GPU-35ec6990-2b13-fbe4-44c2-103ee00e46b3, 376.21, 100, 29914
2026/09/09 15:19:12.896, 0, GPU-35ec6990-2b13-fbe4-44c2-103ee00e46b3, 398.00, 100, 29914
2026/09/09 15:19:12.997, 0, GPU-35ec6990-2b13-fbe4-44c2-103ee00e46b3, 404.70, 100, 29914
2026/09/09 15:19:13.097, 0, GPU-35ec6990-2b13-fbe4-44c2-103ee00e46b3, 373.79, 100, 29914
2026/09/09 15:19:13.197, 0, GPU-35ec6990-2b13-fbe4-44c2-103ee00e46b3, 386.00, 100, 29914
2026/09/09 15:19:13.297, 0, GPU-35ec6990-2b13-fbe4-44c2-103ee00e46b3, 390.02, 100, 29914
2026/09/09 15:19:13.397, 0, GPU-35ec6990-2b13-fbe4-44c2-103ee00e46b3, 375.00, 100, 29914
2026/09/09 15:19:13.498, 0, GPU-35ec6990-2b13-fbe4-44c2-103ee00e46b3, 404.70, 100, 29914
2026/09/09 15:19:13.598, 0, GPU-35ec6990-2b13-fbe4-44c2-103ee00e46b3, 382.64, 100, 29914
2026/09/09 15:19:13.698, 0, GPU-35ec6990-2b13-fbe4-44c2-103ee00e46b3, 382.64, 100, 29914
2026/09/09 15:19:13.798, 0, GPU-35ec6990-2b13-fbe4-44c2-103ee00e46b3, 369.49, 100, 29914
2026/09/09 15:19:13.898, 0, GPU-35ec6990-2b13-fbe4-44c2-103ee00e46b3, 369.49, 100, 29914
2026/09/09 15:19:13.998, 0, GPU-35ec6990-2b13-fbe4-44c2-103ee00e46b3, 378.96, 100, 29914
2026/09/09 15:19:14.099, 0, GPU-35ec6990-2b13-fbe4-44c2-103ee00e46b3, 378.96, 99, 29914
2026/09/09 15:19:14.199, 0, GPU-35ec6990-2b13-fbe4-44c2-103ee00e46b3, 399.20, 99, 29914
2026/09/09 15:19:14.299, 0, GPU-35ec6990-2b13-fbe4-44c2-103ee00e46b3, 369.77, 100, 29914
2026/09/09 15:19:14.399, 0, GPU-35ec6990-2b13-fbe4-44c2-103ee00e46b3, 389.69, 100, 29914
2026/09/09 15:19:14.499, 0, GPU-35ec6990-2b13-fbe4-44c2-103ee00e46b3, 403.77, 100, 29914
2026/09/09 15:19:14.600, 0, GPU-35ec6990-2b13-fbe4-44c2-103ee00e46b3, 375.32, 100, 29914
2026/09/09 15:19:14.700, 0, GPU-35ec6990-2b13-fbe4-44c2-103ee00e46b3, 388.54, 100, 29914
2026/09/09 15:19:14.800, 0, GPU-35ec6990-2b13-fbe4-44c2-103ee00e46b3, 386.73, 100, 29914
2026/09/09 15:19:14.900, 0, GPU-35ec6990-2b13-fbe4-44c2-103ee00e46b3, 369.87, 100, 29914
2026/09/09 15:19:15.000, 0, GPU-35ec6990-2b13-fbe4-44c2-103ee00e46b3, 400.41, 100, 29914
2026/09/09 15:19:15.101, 0, GPU-35ec6990-2b13-fbe4-44c2-103ee00e46b3, 379.61, 100, 29914
2026/09/09 15:19:15.201, 0, GPU-35ec6990-2b13-fbe4-44c2-103ee00e46b3, 386.66, 100, 29914
2026/09/09 15:19:15.301, 0, GPU-35ec6990-2b13-fbe4-44c2-103ee00e46b3, 386.66, 100, 29914
2026/09/09 15:19:15.401, 0, GPU-35ec6990-2b13-fbe4-44c2-103ee00e46b3, 363.33, 100, 29914
2026/09/09 15:19:15.501, 0, GPU-35ec6990-2b13-fbe4-44c2-103ee00e46b3, 355.44, 100, 29914
2026/09/09 15:19:15.601, 0, GPU-35ec6990-2b13-fbe4-44c2-103ee00e46b3, 355.44, 100, 29914
2026/09/09 15:19:15.702, 0, GPU-35ec6990-2b13-fbe4-44c2-103ee00e46b3, 377.75, 100, 29914
2026/09/09 15:19:15.802, 0, GPU-35ec6990-2b13-fbe4-44c2-103ee00e46b3, 388.14, 99, 29914
2026/09/09 15:19:15.902, 0, GPU-35ec6990-2b13-fbe4-44c2-103ee00e46b3, 390.95, 99, 29914
2026/09/09 15:19:16.002, 0, GPU-35ec6990-2b13-fbe4-44c2-103ee00e46b3, 366.51, 100, 29914
2026/09/09 15:19:16.102, 0, GPU-35ec6990-2b13-fbe4-44c2-103ee00e46b3, 392.44, 100, 29914
2026/09/09 15:19:16.203, 0, GPU-35ec6990-2b13-fbe4-44c2-103ee00e46b3, 398.87, 100, 29914
2026/09/09 15:19:16.303, 0, GPU-35ec6990-2b13-fbe4-44c2-103ee00e46b3, 378.35, 100, 29914
2026/09/09 15:19:16.403, 0, GPU-35ec6990-2b13-fbe4-44c2-103ee00e46b3, 391.83, 100, 29914
2026/09/09 15:19:16.503, 0, GPU-35ec6990-2b13-fbe4-44c2-103ee00e46b3, 390.62, 100, 29914
2026/09/09 15:19:16.603, 0, GPU-35ec6990-2b13-fbe4-44c2-103ee00e46b3, 374.06, 100, 29914
2026/09/09 15:19:16.704, 0, GPU-35ec6990-2b13-fbe4-44c2-103ee00e46b3, 400.14, 100, 29914
2026/09/09 15:19:16.804, 0, GPU-35ec6990-2b13-fbe4-44c2-103ee00e46b3, 377.75, 100, 29914
2026/09/09 15:19:16.904, 0, GPU-35ec6990-2b13-fbe4-44c2-103ee00e46b3, 389.69, 100, 29914
2026/09/09 15:19:17.004, 0, GPU-35ec6990-2b13-fbe4-44c2-103ee00e46b3, 390.62, 100, 29914
2026/09/09 15:19:17.104, 0, GPU-35ec6990-2b13-fbe4-44c2-103ee00e46b3, 363.99, 99, 29914
2026/09/09 15:19:17.205, 0, GPU-35ec6990-2b13-fbe4-44c2-103ee00e46b3, 398.27, 99, 29914
2026/09/09 15:19:17.305, 0, GPU-35ec6990-2b13-fbe4-44c2-103ee00e46b3, 385.12, 100, 29914
2026/09/09 15:19:17.405, 0, GPU-35ec6990-2b13-fbe4-44c2-103ee00e46b3, 387.27, 100, 29914
2026/09/09 15:19:17.505, 0, GPU-35ec6990-2b13-fbe4-44c2-103ee00e46b3, 385.79, 100, 29914
2026/09/09 15:19:17.605, 0, GPU-35ec6990-2b13-fbe4-44c2-103ee00e46b3, 369.26, 100, 29914
2026/09/09 15:19:17.705, 0, GPU-35ec6990-2b13-fbe4-44c2-103ee00e46b3, 395.25, 100, 29914
2026/09/09 15:19:17.806, 0, GPU-35ec6990-2b13-fbe4-44c2-103ee00e46b3, 397.39, 100, 29914
2026/09/09 15:19:17.906, 0, GPU-35ec6990-2b13-fbe4-44c2-103ee00e46b3, 387.27, 100, 29914
2026/09/09 15:19:18.006, 0, GPU-35ec6990-2b13-fbe4-44c2-103ee00e46b3, 392.77, 100, 29914
2026/09/09 15:19:18.106, 0, GPU-35ec6990-2b13-fbe4-44c2-103ee00e46b3, 394.91, 100, 29914
2026/09/09 15:19:18.208, 0, GPU-35ec6990-2b13-fbe4-44c2-103ee00e46b3, 395.52, 100, 29914
2026/09/09 15:19:18.308, 0, GPU-35ec6990-2b13-fbe4-44c2-103ee00e46b3, 395.52, 100, 29914
2026/09/09 15:19:18.408, 0, GPU-35ec6990-2b13-fbe4-44c2-103ee00e46b3, 389.08, 100, 29914
2026/09/09 15:19:18.508, 0, GPU-35ec6990-2b13-fbe4-44c2-103ee00e46b3, 386.00, 100, 29914
2026/09/09 15:19:18.608, 0, GPU-35ec6990-2b13-fbe4-44c2-103ee00e46b3, 386.00, 100, 29914
2026/09/09 15:19:18.709, 0, GPU-35ec6990-2b13-fbe4-44c2-103ee00e46b3, 353.62, 100, 29914
2026/09/09 15:19:18.809, 0, GPU-35ec6990-2b13-fbe4-44c2-103ee00e46b3, 382.98, 99, 29914
2026/09/09 15:19:18.909, 0, GPU-35ec6990-2b13-fbe4-44c2-103ee00e46b3, 382.98, 99, 29914
2026/09/09 15:19:19.009, 0, GPU-35ec6990-2b13-fbe4-44c2-103ee00e46b3, 385.12, 100, 29914
2026/09/09 15:19:19.109, 0, GPU-35ec6990-2b13-fbe4-44c2-103ee00e46b3, 385.12, 100, 29914
2026/09/09 15:19:19.209, 0, GPU-35ec6990-2b13-fbe4-44c2-103ee00e46b3, 363.42, 100, 29914
2026/09/09 15:19:19.310, 0, GPU-35ec6990-2b13-fbe4-44c2-103ee00e46b3, 398.27, 100, 29914
2026/09/09 15:19:19.410, 0, GPU-35ec6990-2b13-fbe4-44c2-103ee00e46b3, 396.12, 100, 29914
2026/09/09 15:19:19.510, 0, GPU-35ec6990-2b13-fbe4-44c2-103ee00e46b3, 382.64, 100, 29914
2026/09/09 15:19:19.610, 0, GPU-35ec6990-2b13-fbe4-44c2-103ee00e46b3, 391.56, 100, 29914
2026/09/09 15:19:19.710, 0, GPU-35ec6990-2b13-fbe4-44c2-103ee00e46b3, 385.73, 100, 29914
2026/09/09 15:19:19.811, 0, GPU-35ec6990-2b13-fbe4-44c2-103ee00e46b3, 372.24, 100, 29914
2026/09/09 15:19:19.911, 0, GPU-35ec6990-2b13-fbe4-44c2-103ee00e46b3, 391.23, 100, 29914
2026/09/09 15:19:20.011, 0, GPU-35ec6990-2b13-fbe4-44c2-103ee00e46b3, 375.93, 100, 29914
2026/09/09 15:19:20.111, 0, GPU-35ec6990-2b13-fbe4-44c2-103ee00e46b3, 396.45, 100, 29914
2026/09/09 15:19:20.211, 0, GPU-35ec6990-2b13-fbe4-44c2-103ee00e46b3, 383.25, 100, 29914
2026/09/09 15:19:20.311, 0, GPU-35ec6990-2b13-fbe4-44c2-103ee00e46b3, 338.51, 100, 29914
2026/09/09 15:19:20.412, 0, GPU-35ec6990-2b13-fbe4-44c2-103ee00e46b3, 407.18, 100, 29914
2026/09/09 15:19:20.512, 0, GPU-35ec6990-2b13-fbe4-44c2-103ee00e46b3, 352.93, 100, 29914
2026/09/09 15:19:20.612, 0, GPU-35ec6990-2b13-fbe4-44c2-103ee00e46b3, 352.66, 100, 29914
2026/09/09 15:19:20.712, 0, GPU-35ec6990-2b13-fbe4-44c2-103ee00e46b3, 392.16, 100, 29914
2026/09/09 15:19:20.812, 0, GPU-35ec6990-2b13-fbe4-44c2-103ee00e46b3, 390.02, 100, 29914
2026/09/09 15:19:20.913, 0, GPU-35ec6990-2b13-fbe4-44c2-103ee00e46b3, 355.07, 100, 29914
2026/09/09 15:19:21.013, 0, GPU-35ec6990-2b13-fbe4-44c2-103ee00e46b3, 356.95, 100, 29914
2026/09/09 15:19:21.113, 0, GPU-35ec6990-2b13-fbe4-44c2-103ee00e46b3, 391.56, 100, 29914
2026/09/09 15:19:21.213, 0, GPU-35ec6990-2b13-fbe4-44c2-103ee00e46b3, 409.33, 100, 29914
2026/09/09 15:19:21.313, 0, GPU-35ec6990-2b13-fbe4-44c2-103ee00e46b3, 385.12, 100, 29914
2026/09/09 15:19:21.414, 0, GPU-35ec6990-2b13-fbe4-44c2-103ee00e46b3, 328.44, 100, 29914
2026/09/09 15:19:21.514, 0, GPU-35ec6990-2b13-fbe4-44c2-103ee00e46b3, 344.68, 100, 29914
2026/09/09 15:19:21.614, 0, GPU-35ec6990-2b13-fbe4-44c2-103ee00e46b3, 385.73, 100, 29914
2026/09/09 15:19:21.714, 0, GPU-35ec6990-2b13-fbe4-44c2-103ee00e46b3, 389.08, 100, 29914
2026/09/09 15:19:21.814, 0, GPU-35ec6990-2b13-fbe4-44c2-103ee00e46b3, 336.70, 100, 29914
2026/09/09 15:19:21.915, 0, GPU-35ec6990-2b13-fbe4-44c2-103ee00e46b3, 364.59, 100, 29914
2026/09/09 15:19:22.015, 0, GPU-35ec6990-2b13-fbe4-44c2-103ee00e46b3, 375.00, 100, 29914
2026/09/09 15:19:22.115, 0, GPU-35ec6990-2b13-fbe4-44c2-103ee00e46b3, 394.31, 100, 29914
2026/09/09 15:19:22.215, 0, GPU-35ec6990-2b13-fbe4-44c2-103ee00e46b3, 350.18, 100, 29914
2026/09/09 15:19:22.315, 0, GPU-35ec6990-2b13-fbe4-44c2-103ee00e46b3, 374.06, 100, 29914
2026/09/09 15:19:22.416, 0, GPU-35ec6990-2b13-fbe4-44c2-103ee00e46b3, 376.81, 100, 29914
2026/09/09 15:19:22.516, 0, GPU-35ec6990-2b13-fbe4-44c2-103ee00e46b3, 391.83, 100, 29914
2026/09/09 15:19:22.616, 0, GPU-35ec6990-2b13-fbe4-44c2-103ee00e46b3, 321.73, 100, 29914
2026/09/09 15:19:22.716, 0, GPU-35ec6990-2b13-fbe4-44c2-103ee00e46b3, 321.73, 100, 29914
2026/09/09 15:19:22.816, 0, GPU-35ec6990-2b13-fbe4-44c2-103ee00e46b3, 81.66, 26, 29914
2026/09/09 15:19:22.917, 0, GPU-35ec6990-2b13-fbe4-44c2-103ee00e46b3, 79.51, 26, 29914
2026/09/09 15:19:23.017, 0, GPU-35ec6990-2b13-fbe4-44c2-103ee00e46b3, 79.17, 0, 29914
2026/09/09 15:19:23.117, 0, GPU-35ec6990-2b13-fbe4-44c2-103ee00e46b3, 78.57, 0, 29914
2026/09/09 15:19:23.218, 0, GPU-35ec6990-2b13-fbe4-44c2-103ee00e46b3, 78.57, 0, 29914
2026/09/09 15:19:23.318, 0, GPU-35ec6990-2b13-fbe4-44c2-103ee00e46b3, 354.80, 0, 29914
2026/09/09 15:19:23.419, 0, GPU-35ec6990-2b13-fbe4-44c2-103ee00e46b3, 370.70, 62, 29914
2026/09/09 15:19:23.519, 0, GPU-35ec6990-2b13-fbe4-44c2-103ee00e46b3, 398.87, 62, 29914
2026/09/09 15:19:23.619, 0, GPU-35ec6990-2b13-fbe4-44c2-103ee00e46b3, 401.02, 100, 29914
2026/09/09 15:19:23.719, 0, GPU-35ec6990-2b13-fbe4-44c2-103ee00e46b3, 372.85, 99, 29914
2026/09/09 15:19:23.819, 0, GPU-35ec6990-2b13-fbe4-44c2-103ee00e46b3, 405.31, 99, 29914
2026/09/09 15:19:23.920, 0, GPU-35ec6990-2b13-fbe4-44c2-103ee00e46b3, 381.77, 100, 29914
2026/09/09 15:19:24.020, 0, GPU-35ec6990-2b13-fbe4-44c2-103ee00e46b3, 368.88, 100, 29914
2026/09/09 15:19:24.120, 0, GPU-35ec6990-2b13-fbe4-44c2-103ee00e46b3, 392.44, 100, 29914
2026/09/09 15:19:24.220, 0, GPU-35ec6990-2b13-fbe4-44c2-103ee00e46b3, 375.32, 100, 29914
2026/09/09 15:19:24.320, 0, GPU-35ec6990-2b13-fbe4-44c2-103ee00e46b3, 394.91, 100, 29914
2026/09/09 15:19:24.421, 0, GPU-35ec6990-2b13-fbe4-44c2-103ee00e46b3, 401.95, 100, 29914
2026/09/09 15:19:24.521, 0, GPU-35ec6990-2b13-fbe4-44c2-103ee00e46b3, 378.35, 100, 29914
2026/09/09 15:19:24.621, 0, GPU-35ec6990-2b13-fbe4-44c2-103ee00e46b3, 387.54, 100, 29914
2026/09/09 15:19:24.721, 0, GPU-35ec6990-2b13-fbe4-44c2-103ee00e46b3, 408.39, 100, 29914
2026/09/09 15:19:24.821, 0, GPU-35ec6990-2b13-fbe4-44c2-103ee00e46b3, 378.35, 100, 29914
2026/09/09 15:19:24.922, 0, GPU-35ec6990-2b13-fbe4-44c2-103ee00e46b3, 416.37, 100, 29914
2026/09/09 15:19:25.022, 0, GPU-35ec6990-2b13-fbe4-44c2-103ee00e46b3, 385.73, 99, 29914
2026/09/09 15:19:25.122, 0, GPU-35ec6990-2b13-fbe4-44c2-103ee00e46b3, 371.64, 99, 29914
2026/09/09 15:19:25.222, 0, GPU-35ec6990-2b13-fbe4-44c2-103ee00e46b3, 371.64, 100, 29914
2026/09/09 15:19:25.322, 0, GPU-35ec6990-2b13-fbe4-44c2-103ee00e46b3, 397.06, 100, 29914
2026/09/09 15:19:25.423, 0, GPU-35ec6990-2b13-fbe4-44c2-103ee00e46b3, 382.98, 100, 29914
2026/09/09 15:19:25.523, 0, GPU-35ec6990-2b13-fbe4-44c2-103ee00e46b3, 395.52, 100, 29914
2026/09/09 15:19:25.623, 0, GPU-35ec6990-2b13-fbe4-44c2-103ee00e46b3, 375.32, 100, 29914
2026/09/09 15:19:25.723, 0, GPU-35ec6990-2b13-fbe4-44c2-103ee00e46b3, 371.64, 100, 29914
2026/09/09 15:19:25.823, 0, GPU-35ec6990-2b13-fbe4-44c2-103ee00e46b3, 388.81, 100, 29914
2026/09/09 15:19:25.924, 0, GPU-35ec6990-2b13-fbe4-44c2-103ee00e46b3, 403.50, 100, 29914
2026/09/09 15:19:26.024, 0, GPU-35ec6990-2b13-fbe4-44c2-103ee00e46b3, 374.67, 100, 29914
2026/09/09 15:19:26.124, 0, GPU-35ec6990-2b13-fbe4-44c2-103ee00e46b3, 379.89, 100, 29914
2026/09/09 15:19:26.224, 0, GPU-35ec6990-2b13-fbe4-44c2-103ee00e46b3, 379.61, 100, 29914
2026/09/09 15:19:26.324, 0, GPU-35ec6990-2b13-fbe4-44c2-103ee00e46b3, 407.18, 100, 29914
2026/09/09 15:19:26.425, 0, GPU-35ec6990-2b13-fbe4-44c2-103ee00e46b3, 385.79, 99, 29914
2026/09/09 15:19:26.525, 0, GPU-35ec6990-2b13-fbe4-44c2-103ee00e46b3, 405.92, 99, 29914
2026/09/09 15:19:26.625, 0, GPU-35ec6990-2b13-fbe4-44c2-103ee00e46b3, 372.30, 100, 29914
2026/09/09 15:19:26.725, 0, GPU-35ec6990-2b13-fbe4-44c2-103ee00e46b3, 367.63, 100, 29914
2026/09/09 15:19:26.825, 0, GPU-35ec6990-2b13-fbe4-44c2-103ee00e46b3, 388.81, 100, 29914
2026/09/09 15:19:26.926, 0, GPU-35ec6990-2b13-fbe4-44c2-103ee00e46b3, 378.68, 100, 29914
2026/09/09 15:19:27.026, 0, GPU-35ec6990-2b13-fbe4-44c2-103ee00e46b3, 379.29, 100, 29914
2026/09/09 15:19:27.126, 0, GPU-35ec6990-2b13-fbe4-44c2-103ee00e46b3, 400.41, 100, 29914
2026/09/09 15:19:27.226, 0, GPU-35ec6990-2b13-fbe4-44c2-103ee00e46b3, 372.85, 100, 29914
2026/09/09 15:19:27.326, 0, GPU-35ec6990-2b13-fbe4-44c2-103ee00e46b3, 382.04, 100, 29914
2026/09/09 15:19:27.427, 0, GPU-35ec6990-2b13-fbe4-44c2-103ee00e46b3, 400.14, 100, 29914
2026/09/09 15:19:27.527, 0, GPU-35ec6990-2b13-fbe4-44c2-103ee00e46b3, 369.17, 100, 29914
2026/09/09 15:19:27.627, 0, GPU-35ec6990-2b13-fbe4-44c2-103ee00e46b3, 389.69, 100, 29914
2026/09/09 15:19:27.727, 0, GPU-35ec6990-2b13-fbe4-44c2-103ee00e46b3, 377.20, 100, 29914
2026/09/09 15:19:27.827, 0, GPU-35ec6990-2b13-fbe4-44c2-103ee00e46b3, 367.02, 100, 29914
2026/09/09 15:19:27.928, 0, GPU-35ec6990-2b13-fbe4-44c2-103ee00e46b3, 341.34, 100, 29914
2026/09/09 15:19:28.028, 0, GPU-35ec6990-2b13-fbe4-44c2-103ee00e46b3, 341.34, 99, 29914
2026/09/09 15:19:28.128, 0, GPU-35ec6990-2b13-fbe4-44c2-103ee00e46b3, 405.04, 99, 29914
2026/09/09 15:19:28.228, 0, GPU-35ec6990-2b13-fbe4-44c2-103ee00e46b3, 405.04, 100, 29914
2026/09/09 15:19:28.328, 0, GPU-35ec6990-2b13-fbe4-44c2-103ee00e46b3, 381.44, 100, 29914
2026/09/09 15:19:28.428, 0, GPU-35ec6990-2b13-fbe4-44c2-103ee00e46b3, 390.95, 100, 29914
2026/09/09 15:19:28.529, 0, GPU-35ec6990-2b13-fbe4-44c2-103ee00e46b3, 395.85, 100, 29914
2026/09/09 15:19:28.629, 0, GPU-35ec6990-2b13-fbe4-44c2-103ee00e46b3, 382.04, 100, 29914
2026/09/09 15:19:28.729, 0, GPU-35ec6990-2b13-fbe4-44c2-103ee00e46b3, 382.04, 100, 29914
2026/09/09 15:19:28.829, 0, GPU-35ec6990-2b13-fbe4-44c2-103ee00e46b3, 403.77, 100, 29914
2026/09/09 15:19:28.929, 0, GPU-35ec6990-2b13-fbe4-44c2-103ee00e46b3, 384.79, 100, 29914
2026/09/09 15:19:29.030, 0, GPU-35ec6990-2b13-fbe4-44c2-103ee00e46b3, 369.49, 100, 29914
2026/09/09 15:19:29.130, 0, GPU-35ec6990-2b13-fbe4-44c2-103ee00e46b3, 403.50, 100, 29914
2026/09/09 15:19:29.230, 0, GPU-35ec6990-2b13-fbe4-44c2-103ee00e46b3, 371.03, 100, 29914
2026/09/09 15:19:29.330, 0, GPU-35ec6990-2b13-fbe4-44c2-103ee00e46b3, 393.37, 100, 29914
2026/09/09 15:19:29.430, 0, GPU-35ec6990-2b13-fbe4-44c2-103ee00e46b3, 401.62, 100, 29914
2026/09/09 15:19:29.530, 0, GPU-35ec6990-2b13-fbe4-44c2-103ee00e46b3, 372.63, 100, 29914
2026/09/09 15:19:29.631, 0, GPU-35ec6990-2b13-fbe4-44c2-103ee00e46b3, 389.08, 99, 29914
2026/09/09 15:19:29.731, 0, GPU-35ec6990-2b13-fbe4-44c2-103ee00e46b3, 386.66, 99, 29914
2026/09/09 15:19:29.831, 0, GPU-35ec6990-2b13-fbe4-44c2-103ee00e46b3, 378.68, 100, 29914
2026/09/09 15:19:29.931, 0, GPU-35ec6990-2b13-fbe4-44c2-103ee00e46b3, 408.39, 100, 29914
2026/09/09 15:19:30.031, 0, GPU-35ec6990-2b13-fbe4-44c2-103ee00e46b3, 374.06, 100, 29914
2026/09/09 15:19:30.132, 0, GPU-35ec6990-2b13-fbe4-44c2-103ee00e46b3, 374.06, 100, 29914
2026/09/09 15:19:30.232, 0, GPU-35ec6990-2b13-fbe4-44c2-103ee00e46b3, 386.66, 100, 29914
2026/09/09 15:19:30.332, 0, GPU-35ec6990-2b13-fbe4-44c2-103ee00e46b3, 386.66, 100, 29914
2026/09/09 15:19:30.432, 0, GPU-35ec6990-2b13-fbe4-44c2-103ee00e46b3, 392.16, 100, 29914
2026/09/09 15:19:30.532, 0, GPU-35ec6990-2b13-fbe4-44c2-103ee00e46b3, 379.89, 100, 29914
2026/09/09 15:19:30.633, 0, GPU-35ec6990-2b13-fbe4-44c2-103ee00e46b3, 386.94, 100, 29914
2026/09/09 15:19:30.733, 0, GPU-35ec6990-2b13-fbe4-44c2-103ee00e46b3, 386.94, 100, 29914
2026/09/09 15:19:30.833, 0, GPU-35ec6990-2b13-fbe4-44c2-103ee00e46b3, 372.85, 100, 29914
2026/09/09 15:19:30.933, 0, GPU-35ec6990-2b13-fbe4-44c2-103ee00e46b3, 392.77, 100, 29914
2026/09/09 15:19:31.033, 0, GPU-35ec6990-2b13-fbe4-44c2-103ee00e46b3, 362.73, 100, 29914
2026/09/09 15:19:31.133, 0, GPU-35ec6990-2b13-fbe4-44c2-103ee00e46b3, 386.33, 100, 29914
2026/09/09 15:19:31.234, 0, GPU-35ec6990-2b13-fbe4-44c2-103ee00e46b3, 401.95, 100, 29914
2026/09/09 15:19:31.334, 0, GPU-35ec6990-2b13-fbe4-44c2-103ee00e46b3, 374.39, 99, 29914
2026/09/09 15:19:31.434, 0, GPU-35ec6990-2b13-fbe4-44c2-103ee00e46b3, 398.00, 100, 29914
2026/09/09 15:19:31.534, 0, GPU-35ec6990-2b13-fbe4-44c2-103ee00e46b3, 375.93, 100, 29914
2026/09/09 15:19:31.634, 0, GPU-35ec6990-2b13-fbe4-44c2-103ee00e46b3, 381.77, 100, 29914
2026/09/09 15:19:31.735, 0, GPU-35ec6990-2b13-fbe4-44c2-103ee00e46b3, 393.98, 100, 29914
2026/09/09 15:19:31.835, 0, GPU-35ec6990-2b13-fbe4-44c2-103ee00e46b3, 390.29, 100, 29914
2026/09/09 15:19:31.935, 0, GPU-35ec6990-2b13-fbe4-44c2-103ee00e46b3, 390.29, 100, 29914
2026/09/09 15:19:32.035, 0, GPU-35ec6990-2b13-fbe4-44c2-103ee00e46b3, 409.00, 100, 29914
2026/09/09 15:19:32.135, 0, GPU-35ec6990-2b13-fbe4-44c2-103ee00e46b3, 384.52, 100, 29914
2026/09/09 15:19:32.236, 0, GPU-35ec6990-2b13-fbe4-44c2-103ee00e46b3, 384.52, 100, 29914
2026/09/09 15:19:32.336, 0, GPU-35ec6990-2b13-fbe4-44c2-103ee00e46b3, 412.36, 100, 29914
2026/09/09 15:19:32.436, 0, GPU-35ec6990-2b13-fbe4-44c2-103ee00e46b3, 412.36, 100, 29914
2026/09/09 15:19:32.536, 0, GPU-35ec6990-2b13-fbe4-44c2-103ee00e46b3, 372.85, 100, 29914
2026/09/09 15:19:32.636, 0, GPU-35ec6990-2b13-fbe4-44c2-103ee00e46b3, 396.86, 99, 29914
2026/09/09 15:19:32.737, 0, GPU-35ec6990-2b13-fbe4-44c2-103ee00e46b3, 380.00, 99, 29914
2026/09/09 15:19:32.837, 0, GPU-35ec6990-2b13-fbe4-44c2-103ee00e46b3, 380.61, 100, 29914
2026/09/09 15:19:32.937, 0, GPU-35ec6990-2b13-fbe4-44c2-103ee00e46b3, 394.71, 100, 29914
2026/09/09 15:19:33.037, 0, GPU-35ec6990-2b13-fbe4-44c2-103ee00e46b3, 383.64, 100, 29914
2026/09/09 15:19:33.137, 0, GPU-35ec6990-2b13-fbe4-44c2-103ee00e46b3, 389.48, 100, 29914
2026/09/09 15:19:33.238, 0, GPU-35ec6990-2b13-fbe4-44c2-103ee00e46b3, 416.20, 100, 29914
2026/09/09 15:19:33.338, 0, GPU-35ec6990-2b13-fbe4-44c2-103ee00e46b3, 386.73, 100, 29914
2026/09/09 15:19:33.438, 0, GPU-35ec6990-2b13-fbe4-44c2-103ee00e46b3, 382.76, 100, 29914
2026/09/09 15:19:33.538, 0, GPU-35ec6990-2b13-fbe4-44c2-103ee00e46b3, 406.58, 100, 29914
2026/09/09 15:19:33.638, 0, GPU-35ec6990-2b13-fbe4-44c2-103ee00e46b3, 376.59, 100, 29914
2026/09/09 15:19:33.738, 0, GPU-35ec6990-2b13-fbe4-44c2-103ee00e46b3, 395.65, 100, 29914
2026/09/09 15:19:33.839, 0, GPU-35ec6990-2b13-fbe4-44c2-103ee00e46b3, 393.50, 100, 29914
2026/09/09 15:19:33.939, 0, GPU-35ec6990-2b13-fbe4-44c2-103ee00e46b3, 364.97, 100, 29914
2026/09/09 15:19:34.039, 0, GPU-35ec6990-2b13-fbe4-44c2-103ee00e46b3, 381.77, 100, 29914
2026/09/09 15:19:34.139, 0, GPU-35ec6990-2b13-fbe4-44c2-103ee00e46b3, 411.47, 100, 29914
2026/09/09 15:19:34.239, 0, GPU-35ec6990-2b13-fbe4-44c2-103ee00e46b3, 383.25, 99, 29914
2026/09/09 15:19:34.340, 0, GPU-35ec6990-2b13-fbe4-44c2-103ee00e46b3, 409.61, 99, 29914
2026/09/09 15:19:34.440, 0, GPU-35ec6990-2b13-fbe4-44c2-103ee00e46b3, 382.64, 100, 29914
2026/09/09 15:19:34.540, 0, GPU-35ec6990-2b13-fbe4-44c2-103ee00e46b3, 372.24, 100, 29914
2026/09/09 15:19:34.640, 0, GPU-35ec6990-2b13-fbe4-44c2-103ee00e46b3, 406.58, 100, 29914
2026/09/09 15:19:34.740, 0, GPU-35ec6990-2b13-fbe4-44c2-103ee00e46b3, 389.08, 100, 29914
2026/09/09 15:19:34.841, 0, GPU-35ec6990-2b13-fbe4-44c2-103ee00e46b3, 389.08, 100, 29914
2026/09/09 15:19:34.941, 0, GPU-35ec6990-2b13-fbe4-44c2-103ee00e46b3, 363.66, 100, 29914
2026/09/09 15:19:35.041, 0, GPU-35ec6990-2b13-fbe4-44c2-103ee00e46b3, 363.66, 100, 29914
2026/09/09 15:19:35.141, 0, GPU-35ec6990-2b13-fbe4-44c2-103ee00e46b3, 408.39, 100, 29914
2026/09/09 15:19:35.241, 0, GPU-35ec6990-2b13-fbe4-44c2-103ee00e46b3, 373.79, 100, 29914
2026/09/09 15:19:35.342, 0, GPU-35ec6990-2b13-fbe4-44c2-103ee00e46b3, 390.62, 100, 29914
2026/09/09 15:19:35.442, 0, GPU-35ec6990-2b13-fbe4-44c2-103ee00e46b3, 378.68, 100, 29914
2026/09/09 15:19:35.542, 0, GPU-35ec6990-2b13-fbe4-44c2-103ee00e46b3, 370.70, 100, 29914
2026/09/09 15:19:35.642, 0, GPU-35ec6990-2b13-fbe4-44c2-103ee00e46b3, 370.70, 100, 29914
2026/09/09 15:19:35.742, 0, GPU-35ec6990-2b13-fbe4-44c2-103ee00e46b3, 374.06, 100, 29914
2026/09/09 15:19:35.842, 0, GPU-35ec6990-2b13-fbe4-44c2-103ee00e46b3, 374.06, 100, 29914
2026/09/09 15:19:35.943, 0, GPU-35ec6990-2b13-fbe4-44c2-103ee00e46b3, 384.19, 99, 29914
2026/09/09 15:19:36.043, 0, GPU-35ec6990-2b13-fbe4-44c2-103ee00e46b3, 384.19, 99, 29914
2026/09/09 15:19:36.143, 0, GPU-35ec6990-2b13-fbe4-44c2-103ee00e46b3, 385.12, 100, 29914
2026/09/09 15:19:36.243, 0, GPU-35ec6990-2b13-fbe4-44c2-103ee00e46b3, 399.81, 100, 29914
2026/09/09 15:19:36.343, 0, GPU-35ec6990-2b13-fbe4-44c2-103ee00e46b3, 379.61, 100, 29914
2026/09/09 15:19:36.444, 0, GPU-35ec6990-2b13-fbe4-44c2-103ee00e46b3, 377.47, 100, 29914
2026/09/09 15:19:36.544, 0, GPU-35ec6990-2b13-fbe4-44c2-103ee00e46b3, 409.93, 100, 29914
2026/09/09 15:19:36.644, 0, GPU-35ec6990-2b13-fbe4-44c2-103ee00e46b3, 375.32, 100, 29914
2026/09/09 15:19:36.744, 0, GPU-35ec6990-2b13-fbe4-44c2-103ee00e46b3, 390.62, 100, 29914
2026/09/09 15:19:36.844, 0, GPU-35ec6990-2b13-fbe4-44c2-103ee00e46b3, 406.58, 100, 29914
2026/09/09 15:19:36.945, 0, GPU-35ec6990-2b13-fbe4-44c2-103ee00e46b3, 378.96, 100, 29914
2026/09/09 15:19:37.045, 0, GPU-35ec6990-2b13-fbe4-44c2-103ee00e46b3, 396.45, 100, 29914
2026/09/09 15:19:37.145, 0, GPU-35ec6990-2b13-fbe4-44c2-103ee00e46b3, 390.95, 100, 29914
2026/09/09 15:19:37.245, 0, GPU-35ec6990-2b13-fbe4-44c2-103ee00e46b3, 362.82, 99, 29914
2026/09/09 15:19:37.345, 0, GPU-35ec6990-2b13-fbe4-44c2-103ee00e46b3, 395.25, 99, 29914
2026/09/09 15:19:37.445, 0, GPU-35ec6990-2b13-fbe4-44c2-103ee00e46b3, 377.75, 100, 29914
2026/09/09 15:19:37.546, 0, GPU-35ec6990-2b13-fbe4-44c2-103ee00e46b3, 384.52, 100, 29914
2026/09/09 15:19:37.646, 0, GPU-35ec6990-2b13-fbe4-44c2-103ee00e46b3, 384.79, 100, 29914
2026/09/09 15:19:37.746, 0, GPU-35ec6990-2b13-fbe4-44c2-103ee00e46b3, 373.46, 100, 29914
2026/09/09 15:19:37.846, 0, GPU-35ec6990-2b13-fbe4-44c2-103ee00e46b3, 391.56, 100, 29914
2026/09/09 15:19:37.946, 0, GPU-35ec6990-2b13-fbe4-44c2-103ee00e46b3, 395.52, 100, 29914
2026/09/09 15:19:38.047, 0, GPU-35ec6990-2b13-fbe4-44c2-103ee00e46b3, 375.32, 100, 29914
2026/09/09 15:19:38.147, 0, GPU-35ec6990-2b13-fbe4-44c2-103ee00e46b3, 385.12, 100, 29914
2026/09/09 15:19:38.247, 0, GPU-35ec6990-2b13-fbe4-44c2-103ee00e46b3, 381.44, 100, 29914
2026/09/09 15:19:38.347, 0, GPU-35ec6990-2b13-fbe4-44c2-103ee00e46b3, 373.18, 100, 29914
2026/09/09 15:19:38.447, 0, GPU-35ec6990-2b13-fbe4-44c2-103ee00e46b3, 392.16, 100, 29914
2026/09/09 15:19:38.547, 0, GPU-35ec6990-2b13-fbe4-44c2-103ee00e46b3, 380.23, 100, 29914
2026/09/09 15:19:38.648, 0, GPU-35ec6990-2b13-fbe4-44c2-103ee00e46b3, 385.39, 100, 29914
2026/09/09 15:19:38.748, 0, GPU-35ec6990-2b13-fbe4-44c2-103ee00e46b3, 385.39, 100, 29914
2026/09/09 15:19:38.848, 0, GPU-35ec6990-2b13-fbe4-44c2-103ee00e46b3, 360.34, 100, 29914
2026/09/09 15:19:38.948, 0, GPU-35ec6990-2b13-fbe4-44c2-103ee00e46b3, 398.60, 99, 29914
2026/09/09 15:19:39.048, 0, GPU-35ec6990-2b13-fbe4-44c2-103ee00e46b3, 367.63, 99, 29914
2026/09/09 15:19:39.149, 0, GPU-35ec6990-2b13-fbe4-44c2-103ee00e46b3, 383.25, 100, 29914
2026/09/09 15:19:39.249, 0, GPU-35ec6990-2b13-fbe4-44c2-103ee00e46b3, 383.25, 100, 29914
2026/09/09 15:19:39.349, 0, GPU-35ec6990-2b13-fbe4-44c2-103ee00e46b3, 375.93, 100, 29914
2026/09/09 15:19:39.449, 0, GPU-35ec6990-2b13-fbe4-44c2-103ee00e46b3, 394.91, 100, 29914
2026/09/09 15:19:39.549, 0, GPU-35ec6990-2b13-fbe4-44c2-103ee00e46b3, 398.87, 100, 29914
2026/09/09 15:19:39.650, 0, GPU-35ec6990-2b13-fbe4-44c2-103ee00e46b3, 386.33, 100, 29914
2026/09/09 15:19:39.750, 0, GPU-35ec6990-2b13-fbe4-44c2-103ee00e46b3, 409.93, 100, 29914
2026/09/09 15:19:39.850, 0, GPU-35ec6990-2b13-fbe4-44c2-103ee00e46b3, 385.73, 100, 29914
2026/09/09 15:19:39.950, 0, GPU-35ec6990-2b13-fbe4-44c2-103ee00e46b3, 376.81, 100, 29914
2026/09/09 15:19:40.050, 0, GPU-35ec6990-2b13-fbe4-44c2-103ee00e46b3, 389.69, 100, 29914
2026/09/09 15:19:40.150, 0, GPU-35ec6990-2b13-fbe4-44c2-103ee00e46b3, 405.31, 100, 29914
2026/09/09 15:19:40.251, 0, GPU-35ec6990-2b13-fbe4-44c2-103ee00e46b3, 377.20, 100, 29914
2026/09/09 15:19:40.351, 0, GPU-35ec6990-2b13-fbe4-44c2-103ee00e46b3, 391.23, 100, 29914
2026/09/09 15:19:40.451, 0, GPU-35ec6990-2b13-fbe4-44c2-103ee00e46b3, 377.47, 99, 29914
2026/09/09 15:19:40.551, 0, GPU-35ec6990-2b13-fbe4-44c2-103ee00e46b3, 403.50, 99, 29914
2026/09/09 15:19:40.651, 0, GPU-35ec6990-2b13-fbe4-44c2-103ee00e46b3, 403.77, 99, 29914
2026/09/09 15:19:40.752, 0, GPU-35ec6990-2b13-fbe4-44c2-103ee00e46b3, 385.39, 100, 29914
2026/09/09 15:19:40.852, 0, GPU-35ec6990-2b13-fbe4-44c2-103ee00e46b3, 402.89, 100, 29914
2026/09/09 15:19:40.952, 0, GPU-35ec6990-2b13-fbe4-44c2-103ee00e46b3, 404.70, 100, 29914
2026/09/09 15:19:41.052, 0, GPU-35ec6990-2b13-fbe4-44c2-103ee00e46b3, 367.63, 100, 29914
2026/09/09 15:19:41.152, 0, GPU-35ec6990-2b13-fbe4-44c2-103ee00e46b3, 387.87, 100, 29914
2026/09/09 15:19:41.252, 0, GPU-35ec6990-2b13-fbe4-44c2-103ee00e46b3, 397.06, 100, 29914
2026/09/09 15:19:41.353, 0, GPU-35ec6990-2b13-fbe4-44c2-103ee00e46b3, 372.85, 100, 29914
2026/09/09 15:19:41.453, 0, GPU-35ec6990-2b13-fbe4-44c2-103ee00e46b3, 389.08, 100, 29914
2026/09/09 15:19:41.553, 0, GPU-35ec6990-2b13-fbe4-44c2-103ee00e46b3, 381.44, 100, 29914
2026/09/09 15:19:41.653, 0, GPU-35ec6990-2b13-fbe4-44c2-103ee00e46b3, 381.44, 100, 29914
2026/09/09 15:19:41.753, 0, GPU-35ec6990-2b13-fbe4-44c2-103ee00e46b3, 390.95, 100, 29914
2026/09/09 15:19:41.854, 0, GPU-35ec6990-2b13-fbe4-44c2-103ee00e46b3, 390.95, 100, 29914
2026/09/09 15:19:41.954, 0, GPU-35ec6990-2b13-fbe4-44c2-103ee00e46b3, 379.29, 100, 29914
2026/09/09 15:19:42.054, 0, GPU-35ec6990-2b13-fbe4-44c2-103ee00e46b3, 374.39, 100, 29914
2026/09/09 15:19:42.154, 0, GPU-35ec6990-2b13-fbe4-44c2-103ee00e46b3, 382.98, 99, 29914
2026/09/09 15:19:42.254, 0, GPU-35ec6990-2b13-fbe4-44c2-103ee00e46b3, 382.98, 99, 29914
2026/09/09 15:19:42.355, 0, GPU-35ec6990-2b13-fbe4-44c2-103ee00e46b3, 390.62, 100, 29914
2026/09/09 15:19:42.455, 0, GPU-35ec6990-2b13-fbe4-44c2-103ee00e46b3, 390.62, 100, 29914
2026/09/09 15:19:42.555, 0, GPU-35ec6990-2b13-fbe4-44c2-103ee00e46b3, 420.67, 100, 29914
2026/09/09 15:19:42.655, 0, GPU-35ec6990-2b13-fbe4-44c2-103ee00e46b3, 387.87, 100, 29914
2026/09/09 15:19:42.755, 0, GPU-35ec6990-2b13-fbe4-44c2-103ee00e46b3, 369.77, 100, 29914
2026/09/09 15:19:42.855, 0, GPU-35ec6990-2b13-fbe4-44c2-103ee00e46b3, 405.31, 100, 29914
2026/09/09 15:19:42.956, 0, GPU-35ec6990-2b13-fbe4-44c2-103ee00e46b3, 373.79, 100, 29914
2026/09/09 15:19:43.056, 0, GPU-35ec6990-2b13-fbe4-44c2-103ee00e46b3, 384.79, 100, 29914
2026/09/09 15:19:43.156, 0, GPU-35ec6990-2b13-fbe4-44c2-103ee00e46b3, 391.83, 100, 29914
2026/09/09 15:19:43.256, 0, GPU-35ec6990-2b13-fbe4-44c2-103ee00e46b3, 363.33, 100, 29914
2026/09/09 15:19:43.356, 0, GPU-35ec6990-2b13-fbe4-44c2-103ee00e46b3, 390.62, 100, 29914
2026/09/09 15:19:43.457, 0, GPU-35ec6990-2b13-fbe4-44c2-103ee00e46b3, 394.91, 100, 29914
2026/09/09 15:19:43.557, 0, GPU-35ec6990-2b13-fbe4-44c2-103ee00e46b3, 400.14, 99, 29914
2026/09/09 15:19:43.657, 0, GPU-35ec6990-2b13-fbe4-44c2-103ee00e46b3, 392.16, 99, 29914
2026/09/09 15:19:43.757, 0, GPU-35ec6990-2b13-fbe4-44c2-103ee00e46b3, 377.14, 100, 29914
2026/09/09 15:19:43.857, 0, GPU-35ec6990-2b13-fbe4-44c2-103ee00e46b3, 402.29, 100, 29914
2026/09/09 15:19:43.958, 0, GPU-35ec6990-2b13-fbe4-44c2-103ee00e46b3, 418.19, 100, 29914
2026/09/09 15:19:44.058, 0, GPU-35ec6990-2b13-fbe4-44c2-103ee00e46b3, 387.54, 100, 29914
2026/09/09 15:19:44.158, 0, GPU-35ec6990-2b13-fbe4-44c2-103ee00e46b3, 411.47, 100, 29914
2026/09/09 15:19:44.258, 0, GPU-35ec6990-2b13-fbe4-44c2-103ee00e46b3, 387.27, 100, 29914
2026/09/09 15:19:44.358, 0, GPU-35ec6990-2b13-fbe4-44c2-103ee00e46b3, 376.21, 100, 29914
2026/09/09 15:19:44.458, 0, GPU-35ec6990-2b13-fbe4-44c2-103ee00e46b3, 387.27, 100, 29914
2026/09/09 15:19:44.559, 0, GPU-35ec6990-2b13-fbe4-44c2-103ee00e46b3, 397.66, 100, 29914
2026/09/09 15:19:44.659, 0, GPU-35ec6990-2b13-fbe4-44c2-103ee00e46b3, 373.79, 100, 29914
2026/09/09 15:19:44.759, 0, GPU-35ec6990-2b13-fbe4-44c2-103ee00e46b3, 392.77, 100, 29914
2026/09/09 15:19:44.859, 0, GPU-35ec6990-2b13-fbe4-44c2-103ee00e46b3, 378.96, 100, 29914
2026/09/09 15:19:44.959, 0, GPU-35ec6990-2b13-fbe4-44c2-103ee00e46b3, 374.39, 100, 29914
2026/09/09 15:19:45.060, 0, GPU-35ec6990-2b13-fbe4-44c2-103ee00e46b3, 393.37, 100, 29914
2026/09/09 15:19:45.160, 0, GPU-35ec6990-2b13-fbe4-44c2-103ee00e46b3, 374.06, 99, 29914
2026/09/09 15:19:45.260, 0, GPU-35ec6990-2b13-fbe4-44c2-103ee00e46b3, 390.62, 99, 29914
2026/09/09 15:19:45.360, 0, GPU-35ec6990-2b13-fbe4-44c2-103ee00e46b3, 390.62, 100, 29914
2026/09/09 15:19:45.461, 0, GPU-35ec6990-2b13-fbe4-44c2-103ee00e46b3, 378.08, 100, 29914
2026/09/09 15:19:45.561, 0, GPU-35ec6990-2b13-fbe4-44c2-103ee00e46b3, 399.81, 100, 29914
2026/09/09 15:19:45.661, 0, GPU-35ec6990-2b13-fbe4-44c2-103ee00e46b3, 399.81, 100, 29914
2026/09/09 15:19:45.761, 0, GPU-35ec6990-2b13-fbe4-44c2-103ee00e46b3, 387.87, 100, 29914
2026/09/09 15:19:45.862, 0, GPU-35ec6990-2b13-fbe4-44c2-103ee00e46b3, 387.87, 100, 29914
2026/09/09 15:19:45.962, 0, GPU-35ec6990-2b13-fbe4-44c2-103ee00e46b3, 399.20, 100, 29914
2026/09/09 15:19:46.062, 0, GPU-35ec6990-2b13-fbe4-44c2-103ee00e46b3, 382.04, 100, 29914
2026/09/09 15:19:46.162, 0, GPU-35ec6990-2b13-fbe4-44c2-103ee00e46b3, 401.62, 100, 29914
2026/09/09 15:19:46.262, 0, GPU-35ec6990-2b13-fbe4-44c2-103ee00e46b3, 414.23, 100, 29914
2026/09/09 15:19:46.362, 0, GPU-35ec6990-2b13-fbe4-44c2-103ee00e46b3, 374.39, 100, 29914
2026/09/09 15:19:46.463, 0, GPU-35ec6990-2b13-fbe4-44c2-103ee00e46b3, 401.35, 100, 29914
2026/09/09 15:19:46.563, 0, GPU-35ec6990-2b13-fbe4-44c2-103ee00e46b3, 379.29, 100, 29914
2026/09/09 15:19:46.663, 0, GPU-35ec6990-2b13-fbe4-44c2-103ee00e46b3, 368.28, 100, 29914
2026/09/09 15:19:46.763, 0, GPU-35ec6990-2b13-fbe4-44c2-103ee00e46b3, 383.91, 99, 29914
2026/09/09 15:19:46.863, 0, GPU-35ec6990-2b13-fbe4-44c2-103ee00e46b3, 383.91, 99, 29914
2026/09/09 15:19:46.964, 0, GPU-35ec6990-2b13-fbe4-44c2-103ee00e46b3, 379.29, 100, 29914
2026/09/09 15:19:47.064, 0, GPU-35ec6990-2b13-fbe4-44c2-103ee00e46b3, 371.92, 100, 29914
2026/09/09 15:19:47.164, 0, GPU-35ec6990-2b13-fbe4-44c2-103ee00e46b3, 401.95, 100, 29914
2026/09/09 15:19:47.264, 0, GPU-35ec6990-2b13-fbe4-44c2-103ee00e46b3, 412.96, 100, 29914
2026/09/09 15:19:47.364, 0, GPU-35ec6990-2b13-fbe4-44c2-103ee00e46b3, 378.08, 100, 29914
2026/09/09 15:19:47.465, 0, GPU-35ec6990-2b13-fbe4-44c2-103ee00e46b3, 399.20, 100, 29914
2026/09/09 15:19:47.565, 0, GPU-35ec6990-2b13-fbe4-44c2-103ee00e46b3, 379.89, 100, 29914
2026/09/09 15:19:47.665, 0, GPU-35ec6990-2b13-fbe4-44c2-103ee00e46b3, 372.24, 100, 29914
2026/09/09 15:19:47.765, 0, GPU-35ec6990-2b13-fbe4-44c2-103ee00e46b3, 396.73, 100, 29914
2026/09/09 15:19:47.865, 0, GPU-35ec6990-2b13-fbe4-44c2-103ee00e46b3, 377.47, 100, 29914
2026/09/09 15:19:47.965, 0, GPU-35ec6990-2b13-fbe4-44c2-103ee00e46b3, 383.91, 100, 29914
2026/09/09 15:19:48.066, 0, GPU-35ec6990-2b13-fbe4-44c2-103ee00e46b3, 390.02, 100, 29914
2026/09/09 15:19:48.166, 0, GPU-35ec6990-2b13-fbe4-44c2-103ee00e46b3, 377.14, 99, 29914
2026/09/09 15:19:48.266, 0, GPU-35ec6990-2b13-fbe4-44c2-103ee00e46b3, 393.37, 99, 29914
2026/09/09 15:19:48.366, 0, GPU-35ec6990-2b13-fbe4-44c2-103ee00e46b3, 383.58, 99, 29914
2026/09/09 15:19:48.466, 0, GPU-35ec6990-2b13-fbe4-44c2-103ee00e46b3, 374.39, 100, 29914
2026/09/09 15:19:48.567, 0, GPU-35ec6990-2b13-fbe4-44c2-103ee00e46b3, 411.76, 100, 29914
2026/09/09 15:19:48.667, 0, GPU-35ec6990-2b13-fbe4-44c2-103ee00e46b3, 393.10, 100, 29914
2026/09/09 15:19:48.767, 0, GPU-35ec6990-2b13-fbe4-44c2-103ee00e46b3, 387.27, 100, 29914
2026/09/09 15:19:48.867, 0, GPU-35ec6990-2b13-fbe4-44c2-103ee00e46b3, 387.27, 100, 29914
2026/09/09 15:19:48.967, 0, GPU-35ec6990-2b13-fbe4-44c2-103ee00e46b3, 399.81, 100, 29914
2026/09/09 15:19:49.068, 0, GPU-35ec6990-2b13-fbe4-44c2-103ee00e46b3, 380.50, 100, 29914
2026/09/09 15:19:49.168, 0, GPU-35ec6990-2b13-fbe4-44c2-103ee00e46b3, 380.50, 100, 29914
2026/09/09 15:19:49.268, 0, GPU-35ec6990-2b13-fbe4-44c2-103ee00e46b3, 411.47, 100, 29914
2026/09/09 15:19:49.368, 0, GPU-35ec6990-2b13-fbe4-44c2-103ee00e46b3, 375.60, 100, 29914
2026/09/09 15:19:49.468, 0, GPU-35ec6990-2b13-fbe4-44c2-103ee00e46b3, 388.14, 100, 29914
2026/09/09 15:19:49.568, 0, GPU-35ec6990-2b13-fbe4-44c2-103ee00e46b3, 401.35, 100, 29914
2026/09/09 15:19:49.669, 0, GPU-35ec6990-2b13-fbe4-44c2-103ee00e46b3, 380.00, 100, 29914
2026/09/09 15:19:49.769, 0, GPU-35ec6990-2b13-fbe4-44c2-103ee00e46b3, 401.62, 99, 29914
2026/09/09 15:19:49.869, 0, GPU-35ec6990-2b13-fbe4-44c2-103ee00e46b3, 385.73, 99, 29914
2026/09/09 15:19:49.969, 0, GPU-35ec6990-2b13-fbe4-44c2-103ee00e46b3, 383.25, 100, 29914
2026/09/09 15:19:50.069, 0, GPU-35ec6990-2b13-fbe4-44c2-103ee00e46b3, 402.29, 100, 29914
2026/09/09 15:19:50.170, 0, GPU-35ec6990-2b13-fbe4-44c2-103ee00e46b3, 386.33, 100, 29914
2026/09/09 15:19:50.270, 0, GPU-35ec6990-2b13-fbe4-44c2-103ee00e46b3, 388.81, 100, 29914
2026/09/09 15:19:50.370, 0, GPU-35ec6990-2b13-fbe4-44c2-103ee00e46b3, 409.93, 100, 29914
2026/09/09 15:19:50.470, 0, GPU-35ec6990-2b13-fbe4-44c2-103ee00e46b3, 381.77, 100, 29914
2026/09/09 15:19:50.570, 0, GPU-35ec6990-2b13-fbe4-44c2-103ee00e46b3, 380.23, 100, 29914
2026/09/09 15:19:50.671, 0, GPU-35ec6990-2b13-fbe4-44c2-103ee00e46b3, 401.02, 100, 29914
2026/09/09 15:19:50.771, 0, GPU-35ec6990-2b13-fbe4-44c2-103ee00e46b3, 389.08, 100, 29914
2026/09/09 15:19:50.871, 0, GPU-35ec6990-2b13-fbe4-44c2-103ee00e46b3, 386.33, 100, 29914
2026/09/09 15:19:50.971, 0, GPU-35ec6990-2b13-fbe4-44c2-103ee00e46b3, 397.66, 100, 29914
2026/09/09 15:19:51.071, 0, GPU-35ec6990-2b13-fbe4-44c2-103ee00e46b3, 376.54, 100, 29914
2026/09/09 15:19:51.172, 0, GPU-35ec6990-2b13-fbe4-44c2-103ee00e46b3, 408.39, 100, 29914
2026/09/09 15:19:51.272, 0, GPU-35ec6990-2b13-fbe4-44c2-103ee00e46b3, 408.39, 100, 29914
2026/09/09 15:19:51.372, 0, GPU-35ec6990-2b13-fbe4-44c2-103ee00e46b3, 405.64, 99, 29914
2026/09/09 15:19:51.472, 0, GPU-35ec6990-2b13-fbe4-44c2-103ee00e46b3, 382.64, 99, 29914
2026/09/09 15:19:51.572, 0, GPU-35ec6990-2b13-fbe4-44c2-103ee00e46b3, 385.12, 100, 29914
2026/09/09 15:19:51.673, 0, GPU-35ec6990-2b13-fbe4-44c2-103ee00e46b3, 398.00, 100, 29914
2026/09/09 15:19:51.773, 0, GPU-35ec6990-2b13-fbe4-44c2-103ee00e46b3, 385.39, 100, 29914
2026/09/09 15:19:51.873, 0, GPU-35ec6990-2b13-fbe4-44c2-103ee00e46b3, 390.29, 100, 29914
2026/09/09 15:19:51.973, 0, GPU-35ec6990-2b13-fbe4-44c2-103ee00e46b3, 413.90, 100, 29914
2026/09/09 15:19:52.074, 0, GPU-35ec6990-2b13-fbe4-44c2-103ee00e46b3, 413.90, 100, 29914
2026/09/09 15:19:52.174, 0, GPU-35ec6990-2b13-fbe4-44c2-103ee00e46b3, 387.27, 100, 29914
2026/09/09 15:19:52.274, 0, GPU-35ec6990-2b13-fbe4-44c2-103ee00e46b3, 387.27, 100, 29914
2026/09/09 15:19:52.374, 0, GPU-35ec6990-2b13-fbe4-44c2-103ee00e46b3, 382.98, 100, 29914
2026/09/09 15:19:52.474, 0, GPU-35ec6990-2b13-fbe4-44c2-103ee00e46b3, 388.81, 100, 29914
2026/09/09 15:19:52.575, 0, GPU-35ec6990-2b13-fbe4-44c2-103ee00e46b3, 385.39, 100, 29914
2026/09/09 15:19:52.675, 0, GPU-35ec6990-2b13-fbe4-44c2-103ee00e46b3, 385.39, 100, 29914
2026/09/09 15:19:52.775, 0, GPU-35ec6990-2b13-fbe4-44c2-103ee00e46b3, 401.62, 100, 29914
2026/09/09 15:19:52.875, 0, GPU-35ec6990-2b13-fbe4-44c2-103ee00e46b3, 401.62, 99, 29914
2026/09/09 15:19:52.975, 0, GPU-35ec6990-2b13-fbe4-44c2-103ee00e46b3, 386.33, 100, 29914
2026/09/09 15:19:53.075, 0, GPU-35ec6990-2b13-fbe4-44c2-103ee00e46b3, 388.48, 100, 29914
2026/09/09 15:19:53.176, 0, GPU-35ec6990-2b13-fbe4-44c2-103ee00e46b3, 416.37, 100, 29914
2026/09/09 15:19:53.276, 0, GPU-35ec6990-2b13-fbe4-44c2-103ee00e46b3, 376.21, 100, 29914
2026/09/09 15:19:53.376, 0, GPU-35ec6990-2b13-fbe4-44c2-103ee00e46b3, 386.66, 100, 29914
2026/09/09 15:19:53.476, 0, GPU-35ec6990-2b13-fbe4-44c2-103ee00e46b3, 388.48, 100, 29914
2026/09/09 15:19:53.576, 0, GPU-35ec6990-2b13-fbe4-44c2-103ee00e46b3, 378.68, 100, 29914
2026/09/09 15:19:53.677, 0, GPU-35ec6990-2b13-fbe4-44c2-103ee00e46b3, 384.19, 100, 29914
2026/09/09 15:19:53.777, 0, GPU-35ec6990-2b13-fbe4-44c2-103ee00e46b3, 398.60, 100, 29914
2026/09/09 15:19:53.877, 0, GPU-35ec6990-2b13-fbe4-44c2-103ee00e46b3, 368.88, 100, 29914
2026/09/09 15:19:53.977, 0, GPU-35ec6990-2b13-fbe4-44c2-103ee00e46b3, 401.62, 100, 29914
2026/09/09 15:19:54.077, 0, GPU-35ec6990-2b13-fbe4-44c2-103ee00e46b3, 403.17, 100, 29914
2026/09/09 15:19:54.178, 0, GPU-35ec6990-2b13-fbe4-44c2-103ee00e46b3, 387.54, 100, 29914
2026/09/09 15:19:54.278, 0, GPU-35ec6990-2b13-fbe4-44c2-103ee00e46b3, 391.83, 100, 29914
2026/09/09 15:19:54.378, 0, GPU-35ec6990-2b13-fbe4-44c2-103ee00e46b3, 361.55, 99, 29914
2026/09/09 15:19:54.478, 0, GPU-35ec6990-2b13-fbe4-44c2-103ee00e46b3, 378.68, 99, 29914
2026/09/09 15:19:54.578, 0, GPU-35ec6990-2b13-fbe4-44c2-103ee00e46b3, 390.02, 100, 29914
2026/09/09 15:19:54.679, 0, GPU-35ec6990-2b13-fbe4-44c2-103ee00e46b3, 368.88, 100, 29914
2026/09/09 15:19:54.779, 0, GPU-35ec6990-2b13-fbe4-44c2-103ee00e46b3, 385.73, 100, 29914
2026/09/09 15:19:54.879, 0, GPU-35ec6990-2b13-fbe4-44c2-103ee00e46b3, 405.31, 100, 29914
2026/09/09 15:19:54.979, 0, GPU-35ec6990-2b13-fbe4-44c2-103ee00e46b3, 372.24, 100, 29914
2026/09/09 15:19:55.079, 0, GPU-35ec6990-2b13-fbe4-44c2-103ee00e46b3, 397.39, 100, 29914
2026/09/09 15:19:55.179, 0, GPU-35ec6990-2b13-fbe4-44c2-103ee00e46b3, 402.56, 100, 29914
2026/09/09 15:19:55.280, 0, GPU-35ec6990-2b13-fbe4-44c2-103ee00e46b3, 381.77, 100, 29914
2026/09/09 15:19:55.380, 0, GPU-35ec6990-2b13-fbe4-44c2-103ee00e46b3, 397.14, 100, 29914
2026/09/09 15:19:55.480, 0, GPU-35ec6990-2b13-fbe4-44c2-103ee00e46b3, 377.14, 100, 29914
2026/09/09 15:19:55.580, 0, GPU-35ec6990-2b13-fbe4-44c2-103ee00e46b3, 371.26, 100, 29914
2026/09/09 15:19:55.680, 0, GPU-35ec6990-2b13-fbe4-44c2-103ee00e46b3, 371.26, 100, 29914
2026/09/09 15:19:55.780, 0, GPU-35ec6990-2b13-fbe4-44c2-103ee00e46b3, 383.51, 100, 29914
2026/09/09 15:19:55.881, 0, GPU-35ec6990-2b13-fbe4-44c2-103ee00e46b3, 383.51, 100, 29914
2026/09/09 15:19:55.981, 0, GPU-35ec6990-2b13-fbe4-44c2-103ee00e46b3, 395.72, 100, 29914
2026/09/09 15:19:56.081, 0, GPU-35ec6990-2b13-fbe4-44c2-103ee00e46b3, 364.87, 99, 29914
2026/09/09 15:19:56.181, 0, GPU-35ec6990-2b13-fbe4-44c2-103ee00e46b3, 381.65, 99, 29914
2026/09/09 15:19:56.281, 0, GPU-35ec6990-2b13-fbe4-44c2-103ee00e46b3, 381.65, 100, 29914
2026/09/09 15:19:56.382, 0, GPU-35ec6990-2b13-fbe4-44c2-103ee00e46b3, 371.86, 100, 29914
2026/09/09 15:19:56.482, 0, GPU-35ec6990-2b13-fbe4-44c2-103ee00e46b3, 398.79, 100, 29914
2026/09/09 15:19:56.582, 0, GPU-35ec6990-2b13-fbe4-44c2-103ee00e46b3, 371.54, 100, 29914
2026/09/09 15:19:56.682, 0, GPU-35ec6990-2b13-fbe4-44c2-103ee00e46b3, 384.12, 100, 29914
2026/09/09 15:19:56.782, 0, GPU-35ec6990-2b13-fbe4-44c2-103ee00e46b3, 389.62, 100, 29914
2026/09/09 15:19:56.883, 0, GPU-35ec6990-2b13-fbe4-44c2-103ee00e46b3, 374.23, 100, 29914
2026/09/09 15:19:56.983, 0, GPU-35ec6990-2b13-fbe4-44c2-103ee00e46b3, 392.89, 100, 29914
2026/09/09 15:19:57.083, 0, GPU-35ec6990-2b13-fbe4-44c2-103ee00e46b3, 382.46, 100, 29914
2026/09/09 15:19:57.183, 0, GPU-35ec6990-2b13-fbe4-44c2-103ee00e46b3, 367.90, 100, 29914
2026/09/09 15:19:57.283, 0, GPU-35ec6990-2b13-fbe4-44c2-103ee00e46b3, 387.14, 100, 29914
2026/09/09 15:19:57.383, 0, GPU-35ec6990-2b13-fbe4-44c2-103ee00e46b3, 377.96, 100, 29914
2026/09/09 15:19:57.484, 0, GPU-35ec6990-2b13-fbe4-44c2-103ee00e46b3, 393.70, 100, 29914
2026/09/09 15:19:57.584, 0, GPU-35ec6990-2b13-fbe4-44c2-103ee00e46b3, 389.41, 99, 29914
2026/09/09 15:19:57.684, 0, GPU-35ec6990-2b13-fbe4-44c2-103ee00e46b3, 364.59, 99, 29914
2026/09/09 15:19:57.784, 0, GPU-35ec6990-2b13-fbe4-44c2-103ee00e46b3, 396.73, 100, 29914
2026/09/09 15:19:57.884, 0, GPU-35ec6990-2b13-fbe4-44c2-103ee00e46b3, 397.06, 100, 29914
2026/09/09 15:19:57.985, 0, GPU-35ec6990-2b13-fbe4-44c2-103ee00e46b3, 382.98, 100, 29914
2026/09/09 15:19:58.085, 0, GPU-35ec6990-2b13-fbe4-44c2-103ee00e46b3, 398.87, 100, 29914
2026/09/09 15:19:58.185, 0, GPU-35ec6990-2b13-fbe4-44c2-103ee00e46b3, 391.23, 100, 29914
2026/09/09 15:19:58.285, 0, GPU-35ec6990-2b13-fbe4-44c2-103ee00e46b3, 379.89, 100, 29914
2026/09/09 15:19:58.385, 0, GPU-35ec6990-2b13-fbe4-44c2-103ee00e46b3, 396.73, 100, 29914
2026/09/09 15:19:58.486, 0, GPU-35ec6990-2b13-fbe4-44c2-103ee00e46b3, 382.37, 100, 29914
2026/09/09 15:19:58.586, 0, GPU-35ec6990-2b13-fbe4-44c2-103ee00e46b3, 383.58, 100, 29914
2026/09/09 15:19:58.686, 0, GPU-35ec6990-2b13-fbe4-44c2-103ee00e46b3, 414.83, 100, 29914
2026/09/09 15:19:58.786, 0, GPU-35ec6990-2b13-fbe4-44c2-103ee00e46b3, 376.21, 100, 29914
2026/09/09 15:19:58.886, 0, GPU-35ec6990-2b13-fbe4-44c2-103ee00e46b3, 385.12, 100, 29914
2026/09/09 15:19:58.986, 0, GPU-35ec6990-2b13-fbe4-44c2-103ee00e46b3, 394.58, 100, 29914
2026/09/09 15:19:59.087, 0, GPU-35ec6990-2b13-fbe4-44c2-103ee00e46b3, 394.58, 99, 29914
2026/09/09 15:19:59.187, 0, GPU-35ec6990-2b13-fbe4-44c2-103ee00e46b3, 407.79, 99, 29914
2026/09/09 15:19:59.287, 0, GPU-35ec6990-2b13-fbe4-44c2-103ee00e46b3, 407.79, 100, 29914
2026/09/09 15:19:59.387, 0, GPU-35ec6990-2b13-fbe4-44c2-103ee00e46b3, 396.12, 100, 29914
2026/09/09 15:19:59.487, 0, GPU-35ec6990-2b13-fbe4-44c2-103ee00e46b3, 381.77, 100, 29914
2026/09/09 15:19:59.588, 0, GPU-35ec6990-2b13-fbe4-44c2-103ee00e46b3, 388.14, 100, 29914
2026/09/09 15:19:59.688, 0, GPU-35ec6990-2b13-fbe4-44c2-103ee00e46b3, 378.96, 100, 29914
2026/09/09 15:19:59.788, 0, GPU-35ec6990-2b13-fbe4-44c2-103ee00e46b3, 378.96, 100, 29914
2026/09/09 15:19:59.888, 0, GPU-35ec6990-2b13-fbe4-44c2-103ee00e46b3, 416.05, 100, 29914
2026/09/09 15:19:59.988, 0, GPU-35ec6990-2b13-fbe4-44c2-103ee00e46b3, 374.67, 100, 29914
2026/09/09 15:20:00.088, 0, GPU-35ec6990-2b13-fbe4-44c2-103ee00e46b3, 393.70, 100, 29914
2026/09/09 15:20:00.189, 0, GPU-35ec6990-2b13-fbe4-44c2-103ee00e46b3, 393.70, 100, 29914
2026/09/09 15:20:00.289, 0, GPU-35ec6990-2b13-fbe4-44c2-103ee00e46b3, 371.03, 100, 29914
2026/09/09 15:20:00.389, 0, GPU-35ec6990-2b13-fbe4-44c2-103ee00e46b3, 374.67, 100, 29914
2026/09/09 15:20:00.489, 0, GPU-35ec6990-2b13-fbe4-44c2-103ee00e46b3, 371.64, 100, 29914
2026/09/09 15:20:00.589, 0, GPU-35ec6990-2b13-fbe4-44c2-103ee00e46b3, 398.87, 100, 29914
2026/09/09 15:20:00.690, 0, GPU-35ec6990-2b13-fbe4-44c2-103ee00e46b3, 386.66, 99, 29914
2026/09/09 15:20:00.790, 0, GPU-35ec6990-2b13-fbe4-44c2-103ee00e46b3, 400.14, 99, 29914
2026/09/09 15:20:00.890, 0, GPU-35ec6990-2b13-fbe4-44c2-103ee00e46b3, 396.45, 100, 29914
2026/09/09 15:20:00.990, 0, GPU-35ec6990-2b13-fbe4-44c2-103ee00e46b3, 377.75, 100, 29914
2026/09/09 15:20:01.090, 0, GPU-35ec6990-2b13-fbe4-44c2-103ee00e46b3, 400.14, 100, 29914
2026/09/09 15:20:01.191, 0, GPU-35ec6990-2b13-fbe4-44c2-103ee00e46b3, 402.56, 100, 29914
2026/09/09 15:20:01.291, 0, GPU-35ec6990-2b13-fbe4-44c2-103ee00e46b3, 378.35, 100, 29914
2026/09/09 15:20:01.391, 0, GPU-35ec6990-2b13-fbe4-44c2-103ee00e46b3, 397.39, 100, 29914
2026/09/09 15:20:01.491, 0, GPU-35ec6990-2b13-fbe4-44c2-103ee00e46b3, 375.93, 100, 29914
2026/09/09 15:20:01.593, 0, GPU-35ec6990-2b13-fbe4-44c2-103ee00e46b3, 377.86, 100, 29914
2026/09/09 15:20:01.693, 0, GPU-35ec6990-2b13-fbe4-44c2-103ee00e46b3, 393.37, 100, 29914
2026/09/09 15:20:01.793, 0, GPU-35ec6990-2b13-fbe4-44c2-103ee00e46b3, 380.50, 100, 29914
2026/09/09 15:20:01.893, 0, GPU-35ec6990-2b13-fbe4-44c2-103ee00e46b3, 382.04, 100, 29914
2026/09/09 15:20:01.993, 0, GPU-35ec6990-2b13-fbe4-44c2-103ee00e46b3, 415.11, 100, 29914
2026/09/09 15:20:02.094, 0, GPU-35ec6990-2b13-fbe4-44c2-103ee00e46b3, 359.70, 100, 29914
2026/09/09 15:20:02.194, 0, GPU-35ec6990-2b13-fbe4-44c2-103ee00e46b3, 401.02, 100, 29914
2026/09/09 15:20:02.294, 0, GPU-35ec6990-2b13-fbe4-44c2-103ee00e46b3, 398.00, 99, 29914
2026/09/09 15:20:02.394, 0, GPU-35ec6990-2b13-fbe4-44c2-103ee00e46b3, 384.79, 99, 29914
2026/09/09 15:20:02.494, 0, GPU-35ec6990-2b13-fbe4-44c2-103ee00e46b3, 404.10, 100, 29914
2026/09/09 15:20:02.595, 0, GPU-35ec6990-2b13-fbe4-44c2-103ee00e46b3, 389.69, 100, 29914
2026/09/09 15:20:02.695, 0, GPU-35ec6990-2b13-fbe4-44c2-103ee00e46b3, 389.69, 100, 29914
2026/09/09 15:20:02.795, 0, GPU-35ec6990-2b13-fbe4-44c2-103ee00e46b3, 400.75, 100, 29914
2026/09/09 15:20:02.895, 0, GPU-35ec6990-2b13-fbe4-44c2-103ee00e46b3, 400.75, 100, 29914
2026/09/09 15:20:02.995, 0, GPU-35ec6990-2b13-fbe4-44c2-103ee00e46b3, 375.93, 100, 29914
2026/09/09 15:20:03.095, 0, GPU-35ec6990-2b13-fbe4-44c2-103ee00e46b3, 408.72, 100, 29914
2026/09/09 15:20:03.196, 0, GPU-35ec6990-2b13-fbe4-44c2-103ee00e46b3, 408.72, 100, 29914
2026/09/09 15:20:03.296, 0, GPU-35ec6990-2b13-fbe4-44c2-103ee00e46b3, 375.00, 100, 29914
2026/09/09 15:20:03.396, 0, GPU-35ec6990-2b13-fbe4-44c2-103ee00e46b3, 391.56, 100, 29914
2026/09/09 15:20:03.496, 0, GPU-35ec6990-2b13-fbe4-44c2-103ee00e46b3, 402.89, 100, 29914
2026/09/09 15:20:03.596, 0, GPU-35ec6990-2b13-fbe4-44c2-103ee00e46b3, 372.85, 100, 29914
2026/09/09 15:20:03.697, 0, GPU-35ec6990-2b13-fbe4-44c2-103ee00e46b3, 391.83, 99, 29914
2026/09/09 15:20:03.797, 0, GPU-35ec6990-2b13-fbe4-44c2-103ee00e46b3, 386.00, 99, 29914
2026/09/09 15:20:03.897, 0, GPU-35ec6990-2b13-fbe4-44c2-103ee00e46b3, 391.83, 100, 29914
2026/09/09 15:20:03.997, 0, GPU-35ec6990-2b13-fbe4-44c2-103ee00e46b3, 388.14, 100, 29914
2026/09/09 15:20:04.097, 0, GPU-35ec6990-2b13-fbe4-44c2-103ee00e46b3, 388.14, 100, 29914
2026/09/09 15:20:04.197, 0, GPU-35ec6990-2b13-fbe4-44c2-103ee00e46b3, 402.89, 100, 29914
2026/09/09 15:20:04.298, 0, GPU-35ec6990-2b13-fbe4-44c2-103ee00e46b3, 370.70, 100, 29914
2026/09/09 15:20:04.398, 0, GPU-35ec6990-2b13-fbe4-44c2-103ee00e46b3, 398.87, 100, 29914
2026/09/09 15:20:04.498, 0, GPU-35ec6990-2b13-fbe4-44c2-103ee00e46b3, 398.87, 100, 29914
2026/09/09 15:20:04.598, 0, GPU-35ec6990-2b13-fbe4-44c2-103ee00e46b3, 398.87, 100, 29914
2026/09/09 15:20:04.698, 0, GPU-35ec6990-2b13-fbe4-44c2-103ee00e46b3, 394.58, 100, 29914
2026/09/09 15:20:04.798, 0, GPU-35ec6990-2b13-fbe4-44c2-103ee00e46b3, 376.21, 100, 29914
2026/09/09 15:20:04.899, 0, GPU-35ec6990-2b13-fbe4-44c2-103ee00e46b3, 371.64, 100, 29914
2026/09/09 15:20:04.999, 0, GPU-35ec6990-2b13-fbe4-44c2-103ee00e46b3, 398.27, 100, 29914
2026/09/09 15:20:05.099, 0, GPU-35ec6990-2b13-fbe4-44c2-103ee00e46b3, 375.93, 100, 29914
2026/09/09 15:20:05.199, 0, GPU-35ec6990-2b13-fbe4-44c2-103ee00e46b3, 391.83, 99, 29914
2026/09/09 15:20:05.299, 0, GPU-35ec6990-2b13-fbe4-44c2-103ee00e46b3, 385.12, 99, 29914
2026/09/09 15:20:05.399, 0, GPU-35ec6990-2b13-fbe4-44c2-103ee00e46b3, 385.12, 99, 29914
2026/09/09 15:20:05.500, 0, GPU-35ec6990-2b13-fbe4-44c2-103ee00e46b3, 400.75, 99, 29914
2026/09/09 15:20:05.600, 0, GPU-35ec6990-2b13-fbe4-44c2-103ee00e46b3, 398.87, 100, 29914
2026/09/09 15:20:05.700, 0, GPU-35ec6990-2b13-fbe4-44c2-103ee00e46b3, 386.33, 100, 29914
2026/09/09 15:20:05.800, 0, GPU-35ec6990-2b13-fbe4-44c2-103ee00e46b3, 395.52, 100, 29914
2026/09/09 15:20:05.900, 0, GPU-35ec6990-2b13-fbe4-44c2-103ee00e46b3, 395.52, 100, 29914
2026/09/09 15:20:06.001, 0, GPU-35ec6990-2b13-fbe4-44c2-103ee00e46b3, 381.77, 100, 29914
2026/09/09 15:20:06.101, 0, GPU-35ec6990-2b13-fbe4-44c2-103ee00e46b3, 380.83, 100, 29914
2026/09/09 15:20:06.201, 0, GPU-35ec6990-2b13-fbe4-44c2-103ee00e46b3, 371.31, 100, 29914
2026/09/09 15:20:06.301, 0, GPU-35ec6990-2b13-fbe4-44c2-103ee00e46b3, 371.31, 100, 29914
2026/09/09 15:20:06.401, 0, GPU-35ec6990-2b13-fbe4-44c2-103ee00e46b3, 385.12, 100, 29914
2026/09/09 15:20:06.501, 0, GPU-35ec6990-2b13-fbe4-44c2-103ee00e46b3, 394.91, 100, 29914
2026/09/09 15:20:06.602, 0, GPU-35ec6990-2b13-fbe4-44c2-103ee00e46b3, 369.17, 100, 29914
2026/09/09 15:20:06.702, 0, GPU-35ec6990-2b13-fbe4-44c2-103ee00e46b3, 392.16, 100, 29914
2026/09/09 15:20:06.802, 0, GPU-35ec6990-2b13-fbe4-44c2-103ee00e46b3, 397.66, 100, 29914
2026/09/09 15:20:06.902, 0, GPU-35ec6990-2b13-fbe4-44c2-103ee00e46b3, 392.77, 99, 29914
2026/09/09 15:20:07.002, 0, GPU-35ec6990-2b13-fbe4-44c2-103ee00e46b3, 410.54, 99, 29914
2026/09/09 15:20:07.103, 0, GPU-35ec6990-2b13-fbe4-44c2-103ee00e46b3, 387.27, 100, 29914
2026/09/09 15:20:07.203, 0, GPU-35ec6990-2b13-fbe4-44c2-103ee00e46b3, 378.08, 100, 29914
2026/09/09 15:20:07.303, 0, GPU-35ec6990-2b13-fbe4-44c2-103ee00e46b3, 406.25, 100, 29914
2026/09/09 15:20:07.403, 0, GPU-35ec6990-2b13-fbe4-44c2-103ee00e46b3, 395.52, 100, 29914
2026/09/09 15:20:07.503, 0, GPU-35ec6990-2b13-fbe4-44c2-103ee00e46b3, 394.58, 100, 29914
2026/09/09 15:20:07.604, 0, GPU-35ec6990-2b13-fbe4-44c2-103ee00e46b3, 395.25, 100, 29914
2026/09/09 15:20:07.704, 0, GPU-35ec6990-2b13-fbe4-44c2-103ee00e46b3, 365.80, 100, 29914
2026/09/09 15:20:07.804, 0, GPU-35ec6990-2b13-fbe4-44c2-103ee00e46b3, 399.81, 100, 29914
2026/09/09 15:20:07.904, 0, GPU-35ec6990-2b13-fbe4-44c2-103ee00e46b3, 401.02, 100, 29914
2026/09/09 15:20:08.004, 0, GPU-35ec6990-2b13-fbe4-44c2-103ee00e46b3, 374.06, 100, 29914
2026/09/09 15:20:08.104, 0, GPU-35ec6990-2b13-fbe4-44c2-103ee00e46b3, 388.81, 100, 29914
2026/09/09 15:20:08.205, 0, GPU-35ec6990-2b13-fbe4-44c2-103ee00e46b3, 378.68, 100, 29914
2026/09/09 15:20:08.305, 0, GPU-35ec6990-2b13-fbe4-44c2-103ee00e46b3, 371.31, 99, 29914
2026/09/09 15:20:08.405, 0, GPU-35ec6990-2b13-fbe4-44c2-103ee00e46b3, 383.91, 99, 29914
2026/09/09 15:20:08.505, 0, GPU-35ec6990-2b13-fbe4-44c2-103ee00e46b3, 408.39, 100, 29914
2026/09/09 15:20:08.605, 0, GPU-35ec6990-2b13-fbe4-44c2-103ee00e46b3, 408.39, 100, 29914
2026/09/09 15:20:08.706, 0, GPU-35ec6990-2b13-fbe4-44c2-103ee00e46b3, 384.19, 100, 29914
2026/09/09 15:20:08.806, 0, GPU-35ec6990-2b13-fbe4-44c2-103ee00e46b3, 384.19, 100, 29914
2026/09/09 15:20:08.906, 0, GPU-35ec6990-2b13-fbe4-44c2-103ee00e46b3, 385.73, 100, 29914
2026/09/09 15:20:09.006, 0, GPU-35ec6990-2b13-fbe4-44c2-103ee00e46b3, 376.54, 100, 29914
2026/09/09 15:20:09.106, 0, GPU-35ec6990-2b13-fbe4-44c2-103ee00e46b3, 398.27, 100, 29914
2026/09/09 15:20:09.207, 0, GPU-35ec6990-2b13-fbe4-44c2-103ee00e46b3, 385.73, 100, 29914
2026/09/09 15:20:09.307, 0, GPU-35ec6990-2b13-fbe4-44c2-103ee00e46b3, 375.32, 100, 29914
2026/09/09 15:20:09.407, 0, GPU-35ec6990-2b13-fbe4-44c2-103ee00e46b3, 393.98, 100, 29914
2026/09/09 15:20:09.507, 0, GPU-35ec6990-2b13-fbe4-44c2-103ee00e46b3, 376.54, 100, 29914
2026/09/09 15:20:09.607, 0, GPU-35ec6990-2b13-fbe4-44c2-103ee00e46b3, 376.54, 100, 29914
2026/09/09 15:20:09.707, 0, GPU-35ec6990-2b13-fbe4-44c2-103ee00e46b3, 385.73, 100, 29914
2026/09/09 15:20:09.808, 0, GPU-35ec6990-2b13-fbe4-44c2-103ee00e46b3, 385.73, 100, 29914
2026/09/09 15:20:09.908, 0, GPU-35ec6990-2b13-fbe4-44c2-103ee00e46b3, 398.00, 100, 29914
2026/09/09 15:20:10.008, 0, GPU-35ec6990-2b13-fbe4-44c2-103ee00e46b3, 351.72, 100, 29914
2026/09/09 15:20:10.108, 0, GPU-35ec6990-2b13-fbe4-44c2-103ee00e46b3, 397.66, 100, 29914
2026/09/09 15:20:10.208, 0, GPU-35ec6990-2b13-fbe4-44c2-103ee00e46b3, 397.66, 100, 29914
2026/09/09 15:20:10.309, 0, GPU-35ec6990-2b13-fbe4-44c2-103ee00e46b3, 399.20, 100, 29914
2026/09/09 15:20:10.409, 0, GPU-35ec6990-2b13-fbe4-44c2-103ee00e46b3, 343.14, 100, 29914
2026/09/09 15:20:10.509, 0, GPU-35ec6990-2b13-fbe4-44c2-103ee00e46b3, 354.80, 100, 29914
2026/09/09 15:20:10.609, 0, GPU-35ec6990-2b13-fbe4-44c2-103ee00e46b3, 376.54, 100, 29914
2026/09/09 15:20:10.709, 0, GPU-35ec6990-2b13-fbe4-44c2-103ee00e46b3, 392.16, 100, 29914
2026/09/09 15:20:10.810, 0, GPU-35ec6990-2b13-fbe4-44c2-103ee00e46b3, 352.35, 100, 29914
2026/09/09 15:20:10.910, 0, GPU-35ec6990-2b13-fbe4-44c2-103ee00e46b3, 380.50, 100, 29914
2026/09/09 15:20:11.010, 0, GPU-35ec6990-2b13-fbe4-44c2-103ee00e46b3, 378.68, 100, 29914
2026/09/09 15:20:11.110, 0, GPU-35ec6990-2b13-fbe4-44c2-103ee00e46b3, 391.83, 100, 29914
2026/09/09 15:20:11.210, 0, GPU-35ec6990-2b13-fbe4-44c2-103ee00e46b3, 314.95, 100, 29914
2026/09/09 15:20:11.311, 0, GPU-35ec6990-2b13-fbe4-44c2-103ee00e46b3, 336.70, 100, 29914
2026/09/09 15:20:11.411, 0, GPU-35ec6990-2b13-fbe4-44c2-103ee00e46b3, 345.89, 100, 29914
2026/09/09 15:20:11.511, 0, GPU-35ec6990-2b13-fbe4-44c2-103ee00e46b3, 412.08, 100, 29914
2026/09/09 15:20:11.611, 0, GPU-35ec6990-2b13-fbe4-44c2-103ee00e46b3, 314.68, 100, 29914
2026/09/09 15:20:11.711, 0, GPU-35ec6990-2b13-fbe4-44c2-103ee00e46b3, 337.04, 100, 29914
2026/09/09 15:20:11.811, 0, GPU-35ec6990-2b13-fbe4-44c2-103ee00e46b3, 402.89, 100, 29914
2026/09/09 15:20:11.912, 0, GPU-35ec6990-2b13-fbe4-44c2-103ee00e46b3, 387.87, 100, 29914
2026/09/09 15:20:12.012, 0, GPU-35ec6990-2b13-fbe4-44c2-103ee00e46b3, 352.93, 100, 29914
2026/09/09 15:20:12.112, 0, GPU-35ec6990-2b13-fbe4-44c2-103ee00e46b3, 355.41, 100, 29914
2026/09/09 15:20:12.212, 0, GPU-35ec6990-2b13-fbe4-44c2-103ee00e46b3, 385.12, 100, 29914
2026/09/09 15:20:12.312, 0, GPU-35ec6990-2b13-fbe4-44c2-103ee00e46b3, 83.81, 100, 29914
2026/09/09 15:20:12.413, 0, GPU-35ec6990-2b13-fbe4-44c2-103ee00e46b3, 83.81, 56, 29914
2026/09/09 15:20:12.513, 0, GPU-35ec6990-2b13-fbe4-44c2-103ee00e46b3, 79.79, 56, 29914
2026/09/09 15:20:12.613, 0, GPU-35ec6990-2b13-fbe4-44c2-103ee00e46b3, 80.39, 0, 29914
2026/09/09 15:20:12.713, 0, GPU-35ec6990-2b13-fbe4-44c2-103ee00e46b3, 78.57, 0, 29914
2026/09/09 15:20:12.813, 0, GPU-35ec6990-2b13-fbe4-44c2-103ee00e46b3, 78.57, 0, 29914
2026/09/09 15:20:12.914, 0, GPU-35ec6990-2b13-fbe4-44c2-103ee00e46b3, 78.24, 0, 29914
2026/09/09 15:20:13.014, 0, GPU-35ec6990-2b13-fbe4-44c2-103ee00e46b3, 77.97, 0, 29914
2026/09/09 15:20:13.114, 0, GPU-35ec6990-2b13-fbe4-44c2-103ee00e46b3, 77.63, 0, 29914
2026/09/09 15:20:13.214, 0, GPU-35ec6990-2b13-fbe4-44c2-103ee00e46b3, 77.63, 0, 29914
2026/09/09 15:20:13.314, 0, GPU-35ec6990-2b13-fbe4-44c2-103ee00e46b3, 77.36, 0, 29914
2026/09/09 15:20:13.415, 0, GPU-35ec6990-2b13-fbe4-44c2-103ee00e46b3, 77.63, 0, 29914
2026/09/09 15:20:13.515, 0, GPU-35ec6990-2b13-fbe4-44c2-103ee00e46b3, 77.36, 0, 29914
2026/09/09 15:20:13.615, 0, GPU-35ec6990-2b13-fbe4-44c2-103ee00e46b3, 77.03, 0, 29914
2026/09/09 15:20:13.715, 0, GPU-35ec6990-2b13-fbe4-44c2-103ee00e46b3, 77.03, 0, 29914
2026/09/09 15:20:13.815, 0, GPU-35ec6990-2b13-fbe4-44c2-103ee00e46b3, 77.03, 0, 29914
2026/09/09 15:20:13.915, 0, GPU-35ec6990-2b13-fbe4-44c2-103ee00e46b3, 77.03, 0, 29914
